# doc pr/145 sec 5 -- mu-typed PID set, arm work-*-d144fixprod
# predictor: kine_charge/kine_range > 1.0 => EM.  Threshold from the
# population's own empty 1.0-1.2 bin, NOT fitted on labels (sec 5.8).
sample	run	subrun	event	obj	kine_charge	kine_range	ratio	dE_if_EM	nseg	length	cm_per_seg	conn	sy	sz	ey	ez	predicted	dump
mcp2k	18255	1	275231	6005	1011.3	1189.2	0.85	664.4	7	535.6	76.5	1	105.18	27.24	-45.7	498.73	TRACK	work-mcp2k-d144fixprod/pr_evt275231/calib-pr-evt275231.json
mcp1k	18255	1	283713	17007	871.3	1142.9	0.762	572.4	4	506.3	126.6	1	67.32	35.87	94.11	500.88	TRACK	work-mcp1k-d144fixprod/pr_evt283713/calib-pr-evt283713.json
mcp2k	18255	1	99563	16002	838.8	1158.5	0.724	551.1	5	515.0	103.0	1	-14.67	1.8	83.9	468.88	TRACK	work-mcp2k-d144fixprod/pr_evt99563/calib-pr-evt99563.json
mcp2k	18255	1	99838	14004	794.9	1073.3	0.741	522.3	6	473.7	78.9	1	-4.3	94.78	165.31	490.97	TRACK	work-mcp2k-d144fixprod/pr_evt99838/calib-pr-evt99838.json
mcp2k	18255	1	78032	18007	751.6	1009.6	0.744	493.8	3	442.2	147.4	1	116.17	74.93	75.17	467.79	TRACK	work-mcp2k-d144fixprod/pr_evt78032/calib-pr-evt78032.json
mcp2k	18255	1	283833	11004	746.9	1000.3	0.747	490.7	3	435.3	145.1	1	-135.66	19.26	194.99	249.99	TRACK	work-mcp2k-d144fixprod/pr_evt283833/calib-pr-evt283833.json
mcp2k	18255	1	395209	4006	742.5	1026.8	0.723	487.9	5	454.5	90.9	1	182.25	91.65	112.07	500.88	TRACK	work-mcp2k-d144fixprod/pr_evt395209/calib-pr-evt395209.json
mcp2k	18255	1	53793	37026	739.3	918.4	0.805	485.7	6	407.3	67.9	1	-21.57	117.4	36.62	442.25	TRACK	work-mcp2k-d144fixprod/pr_evt53793/calib-pr-evt53793.json
mcp2k	18255	1	98778	8004	717.0	999.3	0.718	471.1	3	443.1	147.7	1	114.75	94.46	162.57	492.05	TRACK	work-mcp2k-d144fixprod/pr_evt98778/calib-pr-evt98778.json
mcp2k	18255	1	349276	21003	709.3	1010.7	0.702	466.0	3	445.0	148.3	1	192.6	13.46	184.3	413.03	TRACK	work-mcp2k-d144fixprod/pr_evt349276/calib-pr-evt349276.json
mcp1k	18255	1	56463	14009	681.0	964.0	0.706	447.4	3	416.9	139.0	1	165.65	186.08	-58.97	394.99	TRACK	work-mcp1k-d144fixprod/pr_evt56463/calib-pr-evt56463.json
mcp2k	18255	1	68748	13002	660.3	888.2	0.743	433.8	3	389.5	129.8	1	-20.75	132.72	26.19	494.98	TRACK	work-mcp2k-d144fixprod/pr_evt68748/calib-pr-evt68748.json
mcp1k	18255	1	282217	9005	654.0	957.7	0.683	429.7	3	415.5	138.5	1	55.08	24.71	77.93	390.31	TRACK	work-mcp1k-d144fixprod/pr_evt282217/calib-pr-evt282217.json
mcp1k	18255	1	292384	19006	649.8	885.7	0.734	426.9	3	389.8	129.9	1	13.58	52.0	-94.64	373.88	TRACK	work-mcp1k-d144fixprod/pr_evt292384/calib-pr-evt292384.json
mcp2k	18255	1	76170	23002	648.1	907.0	0.715	425.8	3	397.7	132.6	1	-47.43	129.81	-37.33	498.03	TRACK	work-mcp2k-d144fixprod/pr_evt76170/calib-pr-evt76170.json
mcp2k	18259	1	180117	12005	643.6	946.6	0.68	422.8	2	409.6	204.8	1	-25.65	231.98	-163.61	500.14	TRACK	work-mcp2k-d144fixprod/pr_evt180117/calib-pr-evt180117.json
mcp2k	18255	1	317407	12009	632.5	869.6	0.727	415.5	2	377.1	188.5	1	-186.91	67.29	-84.9	407.94	TRACK	work-mcp2k-d144fixprod/pr_evt317407/calib-pr-evt317407.json
mcp1k	18255	1	288859	9003	631.6	797.2	0.792	415.0	6	400.5	66.7	1	37.04	200.72	142.41	500.02	TRACK	work-mcp1k-d144fixprod/pr_evt288859/calib-pr-evt288859.json
mcp2k	18255	1	406147	22008	625.4	818.7	0.764	410.9	7	378.4	54.1	1	-117.83	63.0	39.47	357.16	TRACK	work-mcp2k-d144fixprod/pr_evt406147/calib-pr-evt406147.json
mcp2k	18255	1	79616	18002	621.8	791.6	0.785	408.5	3	357.9	119.3	1	130.17	174.13	136.68	499.95	TRACK	work-mcp2k-d144fixprod/pr_evt79616/calib-pr-evt79616.json
mcp2k	18259	1	162143	8040	607.3	853.0	0.712	399.0	3	373.5	124.5	1	-49.52	136.6	199.05	383.26	TRACK	work-mcp2k-d144fixprod/pr_evt162143/calib-pr-evt162143.json
mcp1k	18255	1	284769	16005	599.4	859.4	0.698	393.8	3	378.0	126.0	1	-6.1	152.62	-56.22	500.02	TRACK	work-mcp1k-d144fixprod/pr_evt284769/calib-pr-evt284769.json
mcp1k	18259	1	168526	19028	593.0	783.7	0.757	389.6	4	346.7	86.7	1	-99.24	38.9	134.27	250.1	TRACK	work-mcp1k-d144fixprod/pr_evt168526/calib-pr-evt168526.json
mcp2k	18259	1	170761	8005	590.3	729.2	0.81	387.8	2	316.7	158.4	1	58.95	126.84	26.14	411.17	TRACK	work-mcp2k-d144fixprod/pr_evt170761/calib-pr-evt170761.json
mcp2k	18255	1	72275	15040	584.2	743.5	0.786	383.8	9	341.3	37.9	1	90.94	198.96	67.4	499.86	TRACK	work-mcp2k-d144fixprod/pr_evt72275/calib-pr-evt72275.json
mcp2k	18255	1	97231	18009	581.9	708.3	0.821	382.3	6	319.3	53.2	1	50.27	169.14	-153.27	351.95	TRACK	work-mcp2k-d144fixprod/pr_evt97231/calib-pr-evt97231.json
mcp2k	18255	1	405201	20002	571.1	761.2	0.75	375.2	2	330.6	165.3	1	13.79	72.88	-23.51	371.86	TRACK	work-mcp2k-d144fixprod/pr_evt405201/calib-pr-evt405201.json
mcp2k	18255	1	82322	11002	563.6	773.2	0.729	370.3	3	335.8	111.9	1	-186.61	23.5	-40.41	297.88	TRACK	work-mcp2k-d144fixprod/pr_evt82322/calib-pr-evt82322.json
mcp2k	18255	1	78242	17021	562.9	727.9	0.773	369.8	4	319.8	79.9	1	8.83	66.71	20.71	328.99	TRACK	work-mcp2k-d144fixprod/pr_evt78242/calib-pr-evt78242.json
mcp2k	18259	1	179048	17013	560.1	0.0	5601364.982	368.0	9	364.9	40.5	1	105.29	151.99	77.04	199.32	EM	work-mcp2k-d144fixprod/pr_evt179048/calib-pr-evt179048.json
mcp1k	18259	1	174224	20027	558.0	795.4	0.702	366.6	5	348.8	69.8	1	-2.27	188.16	38.36	500.93	TRACK	work-mcp1k-d144fixprod/pr_evt174224/calib-pr-evt174224.json
mcp2k	18259	1	99716	13005	537.0	671.3	0.8	352.8	4	307.2	76.8	1	-10.59	64.9	-176.83	275.93	TRACK	work-mcp2k-d144fixprod/pr_evt99716/calib-pr-evt99716.json
mcp1k	18255	1	281595	20013	529.8	779.7	0.679	348.1	2	338.6	169.3	1	-67.98	197.51	-150.17	499.84	TRACK	work-mcp1k-d144fixprod/pr_evt281595/calib-pr-evt281595.json
mcp2k	18255	1	77328	16005	520.5	736.9	0.706	341.9	3	328.3	109.4	1	-144.35	223.97	-28.6	499.75	TRACK	work-mcp2k-d144fixprod/pr_evt77328/calib-pr-evt77328.json
mcp1k	18255	1	391766	17002	520.3	684.7	0.76	341.8	6	307.9	51.3	1	-25.61	0.07	-61.63	267.08	TRACK	work-mcp1k-d144fixprod/pr_evt391766/calib-pr-evt391766.json
mcp1k	18255	1	289251	12002	513.8	657.6	0.781	337.5	7	302.4	43.2	1	-196.07	311.32	-0.47	364.86	TRACK	work-mcp1k-d144fixprod/pr_evt289251/calib-pr-evt289251.json
mcp2k	18255	1	91367	7003	512.5	731.1	0.701	336.7	1	317.6	317.6	1	-141.89	194.55	-142.37	447.84	TRACK	work-mcp2k-d144fixprod/pr_evt91367/calib-pr-evt91367.json
mcp1k	18255	1	282072	7005	509.0	713.9	0.713	334.4	3	324.2	108.1	1	30.73	250.75	178.6	493.96	TRACK	work-mcp1k-d144fixprod/pr_evt282072/calib-pr-evt282072.json
mcp2k	18255	1	497311	15000	508.5	766.3	0.664	334.1	2	333.8	166.9	2	0.75	184.6	-3.1	496.35	TRACK	work-mcp2k-d144fixprod/pr_evt497311/calib-pr-evt497311.json
mcp2k	18255	1	393538	7005	507.1	723.9	0.7	333.1	6	319.3	53.2	1	-73.67	227.92	43.62	482.79	TRACK	work-mcp2k-d144fixprod/pr_evt393538/calib-pr-evt393538.json
mcp2k	18255	1	67026	17001	505.5	745.1	0.678	332.1	3	325.0	108.3	1	83.43	86.44	199.47	339.54	TRACK	work-mcp2k-d144fixprod/pr_evt67026/calib-pr-evt67026.json
mcp2k	18255	1	66366	22006	504.0	689.7	0.731	331.1	4	306.5	76.6	1	-106.76	253.51	-189.38	500.93	TRACK	work-mcp2k-d144fixprod/pr_evt66366/calib-pr-evt66366.json
mcp2k	18255	1	103952	15000	503.8	724.5	0.695	331.0	1	314.7	314.7	3	30.13	367.62	124.17	498.47	TRACK	work-mcp2k-d144fixprod/pr_evt103952/calib-pr-evt103952.json
mcp2k	18259	1	174771	15008	502.9	692.9	0.726	330.4	3	310.0	103.3	1	47.91	221.51	30.93	500.06	TRACK	work-mcp2k-d144fixprod/pr_evt174771/calib-pr-evt174771.json
mcp2k	18259	1	101828	18002	499.7	625.6	0.799	328.3	4	271.3	67.8	3	43.1	482.64	-198.27	456.75	TRACK	work-mcp2k-d144fixprod/pr_evt101828/calib-pr-evt101828.json
mcp1k	18255	1	57575	12003	498.6	689.5	0.723	327.6	3	304.3	101.4	1	-3.81	234.07	70.56	498.23	TRACK	work-mcp1k-d144fixprod/pr_evt57575/calib-pr-evt57575.json
mcp2k	18255	1	400117	15004	498.2	694.6	0.717	327.3	4	304.7	76.2	1	-8.51	165.3	-135.62	365.02	TRACK	work-mcp2k-d144fixprod/pr_evt400117/calib-pr-evt400117.json
mcp2k	18255	1	348088	8004	491.2	731.6	0.671	322.7	3	323.7	107.9	1	-141.93	209.59	-126.43	499.62	TRACK	work-mcp2k-d144fixprod/pr_evt348088/calib-pr-evt348088.json
mcp2k	18255	1	499577	13056	489.7	686.1	0.714	321.7	2	297.9	149.0	1	134.33	312.58	-0.51	499.93	TRACK	work-mcp2k-d144fixprod/pr_evt499577/calib-pr-evt499577.json
mcp1k	18259	1	172794	50004	488.6	689.1	0.709	321.0	2	299.3	149.6	1	148.34	178.38	-23.63	402.7	TRACK	work-mcp1k-d144fixprod/pr_evt172794/calib-pr-evt172794.json
mcp1k	18255	1	276836	11004	483.6	530.2	0.912	317.7	4	278.6	69.7	1	-29.93	312.22	-53.2	296.5	TRACK	work-mcp1k-d144fixprod/pr_evt276836/calib-pr-evt276836.json
mcp2k	18255	1	283299	11013	481.5	625.8	0.769	316.4	5	279.9	56.0	1	18.35	249.58	26.38	491.82	TRACK	work-mcp2k-d144fixprod/pr_evt283299/calib-pr-evt283299.json
mcp1k	18255	1	285971	7009	480.7	626.1	0.768	315.9	4	274.1	68.5	1	-17.95	96.14	-29.6	313.18	TRACK	work-mcp1k-d144fixprod/pr_evt285971/calib-pr-evt285971.json
mcp2k	18259	1	180698	11002	477.0	620.9	0.768	313.4	3	286.1	95.4	1	183.15	1.06	193.49	249.95	TRACK	work-mcp2k-d144fixprod/pr_evt180698/calib-pr-evt180698.json
mcp1k	18255	1	292027	12005	468.6	665.9	0.704	307.9	3	294.4	98.1	1	173.95	110.26	117.0	370.22	TRACK	work-mcp1k-d144fixprod/pr_evt292027/calib-pr-evt292027.json
mcp1k	18255	1	286353	9012	468.1	628.4	0.745	307.5	3	274.0	91.3	1	46.7	372.4	-198.15	414.31	TRACK	work-mcp1k-d144fixprod/pr_evt286353/calib-pr-evt286353.json
mcp1k	18255	1	315497	14002	467.4	735.3	0.636	307.1	3	319.4	106.5	1	191.88	201.67	191.25	498.5	TRACK	work-mcp1k-d144fixprod/pr_evt315497/calib-pr-evt315497.json
mcp1k	18255	1	398690	18002	462.6	614.6	0.753	303.9	3	269.8	89.9	1	-197.83	121.78	29.87	216.8	TRACK	work-mcp1k-d144fixprod/pr_evt398690/calib-pr-evt398690.json
mcp2k	18255	1	321937	22002	462.2	568.0	0.814	303.6	2	245.7	122.9	1	33.32	270.87	-75.17	474.61	TRACK	work-mcp2k-d144fixprod/pr_evt321937/calib-pr-evt321937.json
mcp2k	18255	1	318703	12011	455.9	635.0	0.718	299.6	3	277.8	92.6	1	-33.0	252.25	33.36	500.88	TRACK	work-mcp2k-d144fixprod/pr_evt318703/calib-pr-evt318703.json
mcp1k	18255	1	59025	19005	453.3	621.2	0.73	297.8	3	269.4	89.8	1	-25.81	132.9	43.57	252.13	TRACK	work-mcp1k-d144fixprod/pr_evt59025/calib-pr-evt59025.json
mcp2k	18255	1	74784	8013	453.0	683.6	0.663	297.6	3	296.8	98.9	1	84.3	149.09	-59.12	358.3	TRACK	work-mcp2k-d144fixprod/pr_evt74784/calib-pr-evt74784.json
mcp1k	18255	1	283009	23008	448.1	586.1	0.765	294.4	5	256.4	51.3	1	29.85	281.14	134.42	500.92	TRACK	work-mcp1k-d144fixprod/pr_evt283009/calib-pr-evt283009.json
mcp1k	18255	1	279256	15006	446.7	601.6	0.742	293.5	3	264.6	88.2	1	-52.08	250.67	-39.86	483.86	TRACK	work-mcp1k-d144fixprod/pr_evt279256/calib-pr-evt279256.json
mcp2k	18255	1	72055	14003	442.8	568.3	0.779	290.9	3	254.9	85.0	1	-149.35	7.31	-157.85	232.77	TRACK	work-mcp2k-d144fixprod/pr_evt72055/calib-pr-evt72055.json
mcp2k	18255	1	55542	5008	441.8	588.9	0.75	290.2	4	262.5	65.6	1	-61.39	123.55	69.56	320.94	TRACK	work-mcp2k-d144fixprod/pr_evt55542/calib-pr-evt55542.json
mcp2k	18259	1	99232	17020	441.2	574.8	0.768	289.8	2	265.2	132.6	1	-123.49	84.35	74.73	206.14	TRACK	work-mcp2k-d144fixprod/pr_evt99232/calib-pr-evt99232.json
mcp2k	18255	1	66652	22002	439.8	584.3	0.753	289.0	3	257.9	86.0	1	167.01	115.97	130.28	348.7	TRACK	work-mcp2k-d144fixprod/pr_evt66652/calib-pr-evt66652.json
mcp1k	18255	1	288287	10033	438.3	593.2	0.739	287.9	3	257.0	85.7	1	5.74	81.74	-35.32	311.8	TRACK	work-mcp1k-d144fixprod/pr_evt288287/calib-pr-evt288287.json
mcp1k	18255	1	399702	27003	437.1	519.1	0.842	287.2	4	231.6	57.9	1	152.96	269.06	3.95	128.04	TRACK	work-mcp1k-d144fixprod/pr_evt399702/calib-pr-evt399702.json
mcp2k	18259	1	52338	1001	434.2	625.7	0.694	285.3	1	271.4	271.4	1	-128.16	256.11	-139.91	498.95	TRACK	work-mcp2k-d144fixprod/pr_evt52338/calib-pr-evt52338.json
mcp1k	18255	1	313847	19014	431.4	605.0	0.713	283.4	4	268.0	67.0	1	2.72	249.21	198.92	375.2	TRACK	work-mcp1k-d144fixprod/pr_evt313847/calib-pr-evt313847.json
mcp1k	18255	1	316553	11002	428.8	607.8	0.705	281.7	3	266.0	88.7	1	-89.51	116.65	-198.65	346.18	TRACK	work-mcp1k-d144fixprod/pr_evt316553/calib-pr-evt316553.json
mcp2k	18255	1	394407	18002	424.5	599.5	0.708	278.9	1	259.8	259.8	4	-92.96	85.57	-50.81	239.74	TRACK	work-mcp2k-d144fixprod/pr_evt394407/calib-pr-evt394407.json
mcp2k	18255	1	398181	37016	419.3	558.6	0.751	275.5	2	241.5	120.7	1	171.07	344.34	13.49	485.73	TRACK	work-mcp2k-d144fixprod/pr_evt398181/calib-pr-evt398181.json
mcp2k	18255	1	478880	24007	414.7	189.0	2.195	272.5	4	147.5	36.9	1	-104.16	133.18	-108.76	196.74	EM	work-mcp2k-d144fixprod/pr_evt478880/calib-pr-evt478880.json
mcp2k	18259	1	175057	13007	413.8	546.6	0.757	271.9	3	243.1	81.0	1	-24.33	282.36	-38.96	500.07	TRACK	work-mcp2k-d144fixprod/pr_evt175057/calib-pr-evt175057.json
mcp2k	18255	1	70766	27002	409.4	543.3	0.754	269.0	2	234.6	117.3	4	73.18	117.15	199.28	155.31	TRACK	work-mcp2k-d144fixprod/pr_evt70766/calib-pr-evt70766.json
mcp2k	18255	1	323301	19004	408.5	513.6	0.795	268.4	8	259.2	32.4	1	21.89	57.97	101.49	249.82	TRACK	work-mcp2k-d144fixprod/pr_evt323301/calib-pr-evt323301.json
mcp2k	18255	1	397476	18002	401.9	549.9	0.731	264.1	3	241.3	80.4	1	-42.9	23.91	-198.73	78.66	TRACK	work-mcp2k-d144fixprod/pr_evt397476/calib-pr-evt397476.json
mcp2k	18255	1	281567	9023	396.5	74.3	5.339	260.5	37	143.1	3.9	2	-103.18	91.76	-107.29	150.76	EM	work-mcp2k-d144fixprod/pr_evt281567/calib-pr-evt281567.json
mcp1k	18255	1	321767	15006	395.4	610.4	0.648	259.8	3	264.6	88.2	1	104.74	224.55	199.94	381.8	TRACK	work-mcp1k-d144fixprod/pr_evt321767/calib-pr-evt321767.json
mcp1k	18255	1	315013	15017	389.1	508.1	0.766	255.7	6	226.6	37.8	1	-56.74	277.4	-180.96	401.09	TRACK	work-mcp1k-d144fixprod/pr_evt315013/calib-pr-evt315013.json
mcp1k	18255	1	345633	8028	372.3	538.6	0.691	244.6	3	236.3	78.8	1	-115.8	187.58	57.51	304.95	TRACK	work-mcp1k-d144fixprod/pr_evt345633/calib-pr-evt345633.json
mcp1k	18255	1	490581	6002	356.5	529.4	0.673	234.2	3	232.1	77.4	1	-1.72	296.58	-79.67	499.95	TRACK	work-mcp1k-d144fixprod/pr_evt490581/calib-pr-evt490581.json
mcp2k	18259	1	172463	14005	354.6	439.2	0.808	233.0	3	191.8	63.9	1	-110.08	268.95	23.1	358.12	TRACK	work-mcp2k-d144fixprod/pr_evt172463/calib-pr-evt172463.json
mcp2k	18255	1	318769	65039	352.6	121.5	2.902	231.6	6	83.0	13.8	4	-23.13	256.74	6.28	200.99	EM	work-mcp2k-d144fixprod/pr_evt318769/calib-pr-evt318769.json
mcp1k	18255	1	55595	8005	349.0	453.2	0.77	229.3	2	197.7	98.8	1	-57.57	192.98	-194.03	311.55	TRACK	work-mcp1k-d144fixprod/pr_evt55595/calib-pr-evt55595.json
mcp2k	18255	1	97062	15009	345.8	119.1	2.904	227.2	3	114.8	38.3	1	-14.23	335.98	15.05	353.33	EM	work-mcp2k-d144fixprod/pr_evt97062/calib-pr-evt97062.json
mcp1k	18255	1	53427	14003	343.7	465.5	0.738	225.8	2	199.5	99.7	1	72.06	433.59	-102.83	437.58	TRACK	work-mcp1k-d144fixprod/pr_evt53427/calib-pr-evt53427.json
mcp2k	18255	1	391899	5010	342.3	435.3	0.786	224.9	3	189.6	63.2	1	141.05	344.83	60.83	500.6	TRACK	work-mcp2k-d144fixprod/pr_evt391899/calib-pr-evt391899.json
mcp2k	18259	1	51964	7005	335.0	472.8	0.708	220.1	3	206.4	68.8	1	34.7	289.72	-10.23	462.95	TRACK	work-mcp2k-d144fixprod/pr_evt51964/calib-pr-evt51964.json
mcp2k	18255	1	294174	16030	327.9	3.8	85.996	215.4	9	148.9	16.5	1	-15.39	159.37	-96.76	292.54	EM	work-mcp2k-d144fixprod/pr_evt294174/calib-pr-evt294174.json
mcp2k	18255	1	76998	17003	326.2	470.3	0.694	214.3	2	201.6	100.8	1	90.11	262.7	173.19	344.66	TRACK	work-mcp2k-d144fixprod/pr_evt76998/calib-pr-evt76998.json
mcp1k	18255	1	63163	6004	325.0	430.7	0.754	213.5	3	187.0	62.3	1	113.09	331.58	112.37	500.29	TRACK	work-mcp1k-d144fixprod/pr_evt63163/calib-pr-evt63163.json
mcp1k	18255	1	278684	10008	324.4	439.8	0.738	213.1	8	193.9	24.2	1	2.14	0.12	90.98	53.66	TRACK	work-mcp1k-d144fixprod/pr_evt278684/calib-pr-evt278684.json
mcp2k	18255	1	292524	9008	324.0	391.1	0.828	212.9	14	204.0	14.6	1	84.67	155.15	153.16	309.56	TRACK	work-mcp2k-d144fixprod/pr_evt292524/calib-pr-evt292524.json
mcp2k	18255	1	55740	17000	317.6	419.1	0.758	208.7	2	178.2	89.1	3	124.23	44.34	198.75	171.57	TRACK	work-mcp2k-d144fixprod/pr_evt55740/calib-pr-evt55740.json
mcp2k	18255	1	347890	4000	311.0	429.4	0.724	204.3	1	182.9	182.9	3	-66.48	255.76	-145.09	378.3	TRACK	work-mcp2k-d144fixprod/pr_evt347890/calib-pr-evt347890.json
mcp2k	18255	1	293470	1002	307.5	383.3	0.802	202.0	2	161.7	80.9	1	-170.81	115.65	-98.42	238.98	TRACK	work-mcp2k-d144fixprod/pr_evt293470/calib-pr-evt293470.json
mcp1k	18255	1	287555	18004	305.5	376.6	0.811	200.7	2	158.6	79.3	1	-52.87	25.75	-73.16	159.46	TRACK	work-mcp1k-d144fixprod/pr_evt287555/calib-pr-evt287555.json
mcp2k	18255	1	473952	18002	304.9	384.6	0.793	200.3	2	162.3	81.1	1	104.05	357.59	69.99	500.87	TRACK	work-mcp2k-d144fixprod/pr_evt473952/calib-pr-evt473952.json
mcp1k	18255	1	63669	5002	304.4	432.9	0.703	200.0	3	189.7	63.2	1	121.71	334.41	115.56	497.76	TRACK	work-mcp1k-d144fixprod/pr_evt63669/calib-pr-evt63669.json
mcp1k	18255	1	281214	60046	302.8	358.2	0.845	199.0	2	150.0	75.0	1	34.19	297.15	-35.22	423.33	TRACK	work-mcp1k-d144fixprod/pr_evt281214/calib-pr-evt281214.json
mcp2k	18255	1	400239	5002	301.7	447.1	0.675	198.2	3	193.2	64.4	1	-44.28	330.88	-104.82	500.98	TRACK	work-mcp2k-d144fixprod/pr_evt400239/calib-pr-evt400239.json
mcp2k	18255	1	394396	7002	300.4	407.2	0.738	197.3	3	177.5	59.2	1	26.39	386.11	16.0	499.73	TRACK	work-mcp2k-d144fixprod/pr_evt394396/calib-pr-evt394396.json
mcp1k	18255	1	405674	11008	299.4	397.6	0.753	196.7	3	171.4	57.1	1	-181.19	296.5	-170.9	413.07	TRACK	work-mcp1k-d144fixprod/pr_evt405674/calib-pr-evt405674.json
mcp2k	18255	1	322663	2006	299.3	364.6	0.821	196.6	3	157.6	52.5	1	165.13	334.88	20.11	350.36	TRACK	work-mcp2k-d144fixprod/pr_evt322663/calib-pr-evt322663.json
mcp2k	18255	1	101675	11012	296.2	359.0	0.825	194.6	4	156.0	39.0	1	40.69	66.71	-20.94	178.19	TRACK	work-mcp2k-d144fixprod/pr_evt101675/calib-pr-evt101675.json
mcp2k	18259	1	172617	17018	294.7	418.9	0.703	193.6	1	178.1	178.1	1	119.6	339.64	94.42	499.78	TRACK	work-mcp2k-d144fixprod/pr_evt172617/calib-pr-evt172617.json
mcp2k	18255	1	354248	29007	292.3	314.6	0.929	192.1	2	129.7	64.8	3	86.55	262.09	-6.91	217.91	TRACK	work-mcp2k-d144fixprod/pr_evt354248/calib-pr-evt354248.json
mcp2k	18255	1	290654	23000	291.3	396.8	0.734	191.4	1	167.9	167.9	3	164.73	444.02	109.16	489.93	TRACK	work-mcp2k-d144fixprod/pr_evt290654/calib-pr-evt290654.json
mcp2k	18255	1	414024	26001	291.3	385.1	0.757	191.4	1	162.5	162.5	3	-120.1	105.61	-197.96	150.9	TRACK	work-mcp2k-d144fixprod/pr_evt414024/calib-pr-evt414024.json
mcp1k	18259	1	168614	5002	287.2	440.4	0.652	188.7	3	196.9	65.6	1	70.73	232.55	199.9	347.68	TRACK	work-mcp1k-d144fixprod/pr_evt168614/calib-pr-evt168614.json
mcp2k	18255	1	54629	15005	285.5	236.5	1.207	187.6	6	156.5	26.1	1	66.46	1.5	95.84	54.84	EM	work-mcp2k-d144fixprod/pr_evt54629/calib-pr-evt54629.json
mcp1k	18259	1	67746	10002	282.8	428.0	0.661	185.8	3	186.4	62.1	1	37.33	330.73	9.55	499.04	TRACK	work-mcp1k-d144fixprod/pr_evt67746/calib-pr-evt67746.json
mcp2k	18255	1	497311	19007	282.5	401.6	0.703	185.6	1	170.1	170.1	3	4.32	158.97	7.56	1.96	TRACK	work-mcp2k-d144fixprod/pr_evt497311/calib-pr-evt497311.json
mcp2k	18255	1	397401	16012	281.3	334.0	0.842	184.8	5	160.9	32.2	1	-48.21	224.6	-72.99	325.11	TRACK	work-mcp2k-d144fixprod/pr_evt397401/calib-pr-evt397401.json
mcp2k	18255	1	72174	5004	280.3	398.1	0.704	184.1	3	170.6	56.9	1	33.24	274.34	-90.86	347.96	TRACK	work-mcp2k-d144fixprod/pr_evt72174/calib-pr-evt72174.json
mcp1k	18255	1	292005	18005	274.3	393.7	0.697	180.2	3	171.9	57.3	1	110.23	345.91	102.49	499.59	TRACK	work-mcp1k-d144fixprod/pr_evt292005/calib-pr-evt292005.json
mcp1k	18259	1	169824	18008	273.3	433.6	0.63	179.5	2	184.9	92.4	1	-142.64	113.82	-61.33	100.42	TRACK	work-mcp1k-d144fixprod/pr_evt169824/calib-pr-evt169824.json
mcp1k	18255	1	284103	8005	273.2	400.7	0.682	179.5	3	172.4	57.5	1	32.94	267.9	-105.28	338.35	TRACK	work-mcp1k-d144fixprod/pr_evt284103/calib-pr-evt284103.json
mcp1k	18255	1	282385	11011	270.5	375.7	0.72	177.7	5	165.6	33.1	1	-118.49	335.97	-54.3	461.55	TRACK	work-mcp1k-d144fixprod/pr_evt282385/calib-pr-evt282385.json
mcp1k	18255	1	289559	14007	269.6	381.8	0.706	177.1	2	161.0	80.5	1	12.78	354.99	-7.81	496.63	TRACK	work-mcp1k-d144fixprod/pr_evt289559/calib-pr-evt289559.json
mcp2k	18255	1	396761	15002	263.6	372.6	0.707	173.2	3	164.6	54.9	1	54.36	379.4	9.36	497.36	TRACK	work-mcp2k-d144fixprod/pr_evt396761/calib-pr-evt396761.json
mcp2k	18255	1	77978	53005	262.1	388.8	0.674	172.2	3	164.2	54.7	1	-118.58	358.17	-52.34	498.94	TRACK	work-mcp2k-d144fixprod/pr_evt77978/calib-pr-evt77978.json
mcp1k	18259	1	169890	21002	257.0	370.4	0.694	168.8	3	159.1	53.0	1	-89.5	352.2	-102.77	496.82	TRACK	work-mcp1k-d144fixprod/pr_evt169890/calib-pr-evt169890.json
mcp2k	18255	1	480772	10012	255.3	279.4	0.914	167.7	3	121.3	40.4	1	-168.38	330.24	-197.64	427.04	TRACK	work-mcp2k-d144fixprod/pr_evt480772/calib-pr-evt480772.json
mcp2k	18255	1	347824	24010	254.5	359.8	0.707	167.2	1	150.8	150.8	1	120.36	278.78	199.78	384.12	TRACK	work-mcp2k-d144fixprod/pr_evt347824/calib-pr-evt347824.json
mcp2k	18259	1	179246	14000	253.4	376.4	0.673	166.5	1	158.5	158.5	3	-95.43	275.92	-159.19	301.61	TRACK	work-mcp2k-d144fixprod/pr_evt179246/calib-pr-evt179246.json
mcp2k	18255	1	412612	10002	250.7	360.9	0.695	164.7	3	154.6	51.5	1	-198.71	304.69	-62.77	339.34	TRACK	work-mcp2k-d144fixprod/pr_evt412612/calib-pr-evt412612.json
mcp2k	18255	1	395597	20001	248.5	340.6	0.729	163.2	1	141.9	141.9	1	8.42	75.25	-74.68	172.09	TRACK	work-mcp2k-d144fixprod/pr_evt395597/calib-pr-evt395597.json
mcp2k	18259	1	93776	9002	246.4	380.8	0.647	161.9	3	164.5	54.8	1	35.79	353.03	7.34	499.31	TRACK	work-mcp2k-d144fixprod/pr_evt93776/calib-pr-evt93776.json
mcp1k	18255	1	278794	7002	241.9	307.8	0.786	158.9	2	126.5	63.3	1	-52.36	72.11	-123.91	130.84	TRACK	work-mcp1k-d144fixprod/pr_evt278794/calib-pr-evt278794.json
mcp2k	18255	1	281165	16006	236.4	302.5	0.781	155.3	4	130.6	32.6	1	-137.24	386.07	-124.53	498.73	TRACK	work-mcp2k-d144fixprod/pr_evt281165/calib-pr-evt281165.json
mcp2k	18259	1	94942	10005	234.5	313.4	0.748	154.1	3	132.5	44.2	1	130.46	395.04	124.82	499.3	TRACK	work-mcp2k-d144fixprod/pr_evt94942/calib-pr-evt94942.json
mcp2k	18259	1	176150	8000	234.0	324.7	0.721	153.8	1	134.4	134.4	3	0.47	2.66	86.1	91.02	TRACK	work-mcp2k-d144fixprod/pr_evt176150/calib-pr-evt176150.json
mcp1k	18255	1	290729	12016	233.7	292.1	0.8	153.5	4	130.2	32.5	1	-106.04	104.49	-195.11	153.07	TRACK	work-mcp1k-d144fixprod/pr_evt290729/calib-pr-evt290729.json
mcp2k	18255	1	396829	17008	230.8	306.1	0.754	151.6	3	129.8	43.3	1	199.36	233.15	97.53	261.3	TRACK	work-mcp2k-d144fixprod/pr_evt396829/calib-pr-evt396829.json
mcp2k	18259	1	180645	3001	226.6	319.2	0.71	148.9	1	131.9	131.9	3	171.36	469.08	75.48	500.68	TRACK	work-mcp2k-d144fixprod/pr_evt180645/calib-pr-evt180645.json
mcp2k	18255	1	478880	24002	225.8	363.9	0.62	148.3	2	152.7	76.4	1	-104.16	133.18	-135.45	138.37	TRACK	work-mcp2k-d144fixprod/pr_evt478880/calib-pr-evt478880.json
mcp1k	18255	1	321173	10001	223.3	315.9	0.707	146.7	1	130.3	130.3	1	95.28	409.67	-7.53	469.94	TRACK	work-mcp1k-d144fixprod/pr_evt321173/calib-pr-evt321173.json
mcp2k	18255	1	392759	10035	216.5	306.6	0.706	142.3	1	125.9	125.9	1	-155.2	83.3	-85.83	104.78	TRACK	work-mcp2k-d144fixprod/pr_evt392759/calib-pr-evt392759.json
mcp2k	18255	1	495199	18000	211.2	305.2	0.692	138.7	1	125.3	125.3	2	34.12	120.3	77.97	191.84	TRACK	work-mcp2k-d144fixprod/pr_evt495199/calib-pr-evt495199.json
mcp1k	18255	1	283040	2008	202.9	298.1	0.681	133.3	2	122.0	61.0	1	103.86	166.69	119.94	264.58	TRACK	work-mcp1k-d144fixprod/pr_evt283040/calib-pr-evt283040.json
mcp2k	18259	1	243628	74030	201.9	83.3	2.423	132.7	7	66.2	9.5	2	-27.19	345.48	-67.67	273.23	EM	work-mcp2k-d144fixprod/pr_evt243628/calib-pr-evt243628.json
mcp2k	18255	1	395485	6002	201.3	314.2	0.641	132.2	4	132.8	33.2	1	135.66	324.33	199.93	430.34	TRACK	work-mcp2k-d144fixprod/pr_evt395485/calib-pr-evt395485.json
mcp2k	18259	1	177536	85018	195.6	276.0	0.709	128.5	4	115.4	28.9	1	48.2	172.16	51.36	292.35	TRACK	work-mcp2k-d144fixprod/pr_evt177536/calib-pr-evt177536.json
mcp1k	18255	1	286191	7002	195.5	272.6	0.717	128.5	2	110.0	55.0	1	176.7	80.43	123.19	172.09	TRACK	work-mcp1k-d144fixprod/pr_evt286191/calib-pr-evt286191.json
mcp2k	18255	1	74336	22002	195.0	267.5	0.729	128.1	4	107.6	26.9	2	-60.37	114.22	-45.01	138.5	TRACK	work-mcp2k-d144fixprod/pr_evt74336/calib-pr-evt74336.json
mcp2k	18255	1	395695	11012	194.0	255.4	0.759	127.5	3	104.4	34.8	1	-68.37	45.46	-98.25	135.94	TRACK	work-mcp2k-d144fixprod/pr_evt395695/calib-pr-evt395695.json
mcp1k	18255	1	348691	51063	191.7	149.4	1.283	125.9	7	80.3	11.5	2	-153.83	180.73	-191.37	206.03	EM	work-mcp1k-d144fixprod/pr_evt348691/calib-pr-evt348691.json
mcp2k	18255	1	395695	59031	190.8	125.4	1.521	125.4	6	79.7	13.3	2	-55.0	67.6	-30.91	62.71	EM	work-mcp2k-d144fixprod/pr_evt395695/calib-pr-evt395695.json
mcp2k	18259	1	240636	12004	190.6	295.8	0.644	125.2	1	120.9	120.9	1	0.27	391.51	11.52	500.96	TRACK	work-mcp2k-d144fixprod/pr_evt240636/calib-pr-evt240636.json
mcp2k	18255	1	406631	18005	188.8	220.8	0.855	124.0	3	85.8	28.6	1	-14.6	294.94	55.97	312.86	TRACK	work-mcp2k-d144fixprod/pr_evt406631/calib-pr-evt406631.json
mcp2k	18255	1	395597	20002	187.0	282.7	0.662	122.9	1	114.7	114.7	1	8.42	75.25	82.65	0.36	TRACK	work-mcp2k-d144fixprod/pr_evt395597/calib-pr-evt395597.json
mcp2k	18255	1	323301	76020	182.9	261.0	0.701	120.2	2	104.5	52.3	3	104.19	253.24	140.34	343.59	TRACK	work-mcp2k-d144fixprod/pr_evt323301/calib-pr-evt323301.json
mcp1k	18255	1	291570	26001	181.8	251.0	0.724	119.4	1	99.8	99.8	3	75.04	55.77	149.32	0.07	TRACK	work-mcp1k-d144fixprod/pr_evt291570/calib-pr-evt291570.json
mcp1k	18255	1	408534	17007	181.6	262.0	0.693	119.3	3	105.0	35.0	3	47.89	288.59	-22.66	295.27	TRACK	work-mcp1k-d144fixprod/pr_evt408534/calib-pr-evt408534.json
mcp2k	18255	1	55278	13000	181.4	318.2	0.57	119.2	2	132.0	66.0	2	85.27	462.74	81.7	483.63	TRACK	work-mcp2k-d144fixprod/pr_evt55278/calib-pr-evt55278.json
mcp2k	18255	1	54629	20010	181.3	279.0	0.65	119.1	1	113.0	113.0	2	0.21	0.93	-101.41	0.01	TRACK	work-mcp2k-d144fixprod/pr_evt54629/calib-pr-evt54629.json
mcp2k	18255	1	396222	9012	180.0	689.6	0.261	118.3	18	299.5	16.6	3	-165.43	340.87	-124.97	383.72	TRACK	work-mcp2k-d144fixprod/pr_evt396222/calib-pr-evt396222.json
mcp2k	18255	1	91917	87047	180.0	62.9	2.863	118.3	10	58.3	5.8	2	-27.25	63.13	-6.88	63.12	EM	work-mcp2k-d144fixprod/pr_evt91917/calib-pr-evt91917.json
mcp1k	18259	1	71222	22007	178.3	211.1	0.845	117.2	9	121.0	13.4	2	138.24	85.1	197.49	59.25	TRACK	work-mcp1k-d144fixprod/pr_evt71222/calib-pr-evt71222.json
mcp2k	18255	1	95899	16003	177.7	306.8	0.579	116.8	1	126.0	126.0	2	4.9	157.17	-27.12	197.04	TRACK	work-mcp2k-d144fixprod/pr_evt95899/calib-pr-evt95899.json
mcp2k	18255	1	98470	11006	176.6	266.7	0.662	116.0	3	121.5	40.5	1	-152.28	412.67	-105.14	497.09	TRACK	work-mcp2k-d144fixprod/pr_evt98470/calib-pr-evt98470.json
mcp1k	18255	1	55539	23005	175.1	270.3	0.648	115.0	1	108.9	108.9	2	-18.38	341.43	-54.92	261.61	TRACK	work-mcp1k-d144fixprod/pr_evt55539/calib-pr-evt55539.json
mcp1k	18255	1	283713	23011	168.4	107.7	1.564	110.7	11	56.3	5.1	2	60.33	66.77	50.79	132.2	EM	work-mcp1k-d144fixprod/pr_evt283713/calib-pr-evt283713.json
mcp1k	18259	1	170808	61027	167.6	49.8	3.369	110.1	11	74.8	6.8	2	33.92	400.99	8.97	439.82	EM	work-mcp1k-d144fixprod/pr_evt170808/calib-pr-evt170808.json
mcp2k	18259	1	168448	31003	167.4	225.0	0.744	110.0	1	87.6	87.6	4	-41.11	295.73	-85.85	303.22	TRACK	work-mcp2k-d144fixprod/pr_evt168448/calib-pr-evt168448.json
mcp2k	18255	1	395277	3001	165.5	211.8	0.782	108.8	2	81.4	40.7	1	186.99	134.23	177.33	73.26	TRACK	work-mcp2k-d144fixprod/pr_evt395277/calib-pr-evt395277.json
mcp2k	18259	1	237710	14002	162.6	284.0	0.573	106.9	3	115.3	38.4	1	-111.83	396.17	-75.63	497.32	TRACK	work-mcp2k-d144fixprod/pr_evt237710/calib-pr-evt237710.json
mcp1k	18255	1	292687	11005	161.1	258.3	0.624	105.9	2	103.2	51.6	1	80.15	188.87	45.3	275.62	TRACK	work-mcp1k-d144fixprod/pr_evt292687/calib-pr-evt292687.json
mcp2k	18255	1	402297	25006	159.9	259.6	0.616	105.1	3	103.9	34.6	2	-9.45	88.8	-95.03	42.22	TRACK	work-mcp2k-d144fixprod/pr_evt402297/calib-pr-evt402297.json
mcp1k	18255	1	490977	23004	158.1	74.0	2.138	103.9	12	56.2	4.7	2	-6.2	181.53	81.72	162.68	EM	work-mcp1k-d144fixprod/pr_evt490977/calib-pr-evt490977.json
mcp1k	18255	1	347085	73065	157.2	98.1	1.602	103.2	16	79.4	5.0	2	159.31	285.75	56.98	298.39	EM	work-mcp1k-d144fixprod/pr_evt347085/calib-pr-evt347085.json
mcp2k	18255	1	95899	69034	156.9	191.9	0.818	103.1	2	72.0	36.0	1	6.01	153.87	38.83	205.94	TRACK	work-mcp2k-d144fixprod/pr_evt95899/calib-pr-evt95899.json
mcp1k	18255	1	65289	18011	153.9	197.3	0.78	101.1	1	74.6	74.6	3	64.42	306.33	8.65	266.63	TRACK	work-mcp1k-d144fixprod/pr_evt65289/calib-pr-evt65289.json
mcp1k	18255	1	390864	16013	150.3	236.8	0.635	98.7	1	93.1	93.1	3	-128.92	270.82	-57.05	289.36	TRACK	work-mcp1k-d144fixprod/pr_evt390864/calib-pr-evt390864.json
mcp2k	18255	1	95405	17005	147.1	261.3	0.563	96.7	3	104.7	34.9	1	-131.62	441.71	-193.33	500.72	TRACK	work-mcp2k-d144fixprod/pr_evt95405/calib-pr-evt95405.json
mcp1k	18255	1	399856	3002	144.0	176.8	0.814	94.6	2	65.0	32.5	1	118.3	164.62	98.32	220.35	TRACK	work-mcp1k-d144fixprod/pr_evt399856/calib-pr-evt399856.json
ncpi0	18345	1	259542	83055	141.1	5.7	24.739	92.7	7	41.1	5.9	4	17.0	44.18	17.04	44.18	EM	work-ncpi0-d144fixprod/pr_evt259542/calib-pr-evt259542.json
mcp2k	18255	1	285680	24001	138.1	203.6	0.678	90.7	1	77.5	77.5	2	136.39	26.15	84.3	0.01	TRACK	work-mcp2k-d144fixprod/pr_evt285680/calib-pr-evt285680.json
mcp1k	18255	1	64921	62029	137.1	53.5	2.563	90.1	3	41.1	13.7	1	123.98	101.77	123.86	112.16	EM	work-mcp1k-d144fixprod/pr_evt64921/calib-pr-evt64921.json
mcp1k	18255	1	292384	19003	136.2	357.6	0.381	89.5	1	149.8	149.8	3	-56.54	119.03	-102.15	37.93	TRACK	work-mcp1k-d144fixprod/pr_evt292384/calib-pr-evt292384.json
mcp2k	18255	1	396323	10006	134.2	152.6	0.879	88.2	2	53.8	26.9	1	152.74	418.33	199.41	433.02	TRACK	work-mcp2k-d144fixprod/pr_evt396323/calib-pr-evt396323.json
mcp2k	18255	1	392669	5003	133.7	230.5	0.58	87.9	2	90.2	45.1	1	-18.24	438.41	-56.53	497.62	TRACK	work-mcp2k-d144fixprod/pr_evt392669/calib-pr-evt392669.json
mcp2k	18255	1	407886	26005	130.5	186.3	0.701	85.8	1	69.5	69.5	3	-93.03	54.28	-57.89	2.03	TRACK	work-mcp2k-d144fixprod/pr_evt407886/calib-pr-evt407886.json
mcp1k	18255	1	350935	11001	129.1	317.9	0.406	84.8	2	131.2	65.6	3	-55.47	132.47	-18.68	197.1	TRACK	work-mcp1k-d144fixprod/pr_evt350935/calib-pr-evt350935.json
mcp2k	18259	1	167744	17001	127.2	150.8	0.843	83.6	1	53.0	53.0	3	-102.59	417.12	-90.37	390.64	TRACK	work-mcp2k-d144fixprod/pr_evt167744/calib-pr-evt167744.json
mcp2k	18255	1	502019	9013	125.9	197.4	0.638	82.7	5	98.0	19.6	1	-44.83	65.55	-46.7	75.68	TRACK	work-mcp2k-d144fixprod/pr_evt502019/calib-pr-evt502019.json
mcp2k	18255	1	317911	25006	125.6	175.1	0.718	82.5	3	65.9	22.0	1	136.27	0.76	179.84	23.79	TRACK	work-mcp2k-d144fixprod/pr_evt317911/calib-pr-evt317911.json
mcp1k	18255	1	55539	39006	124.2	173.7	0.715	81.6	1	63.6	63.6	3	-16.89	348.43	-8.77	398.36	TRACK	work-mcp1k-d144fixprod/pr_evt55539/calib-pr-evt55539.json
mcp2k	18255	1	52121	11005	122.3	177.0	0.691	80.3	3	67.1	22.4	1	-166.45	75.29	-197.99	126.15	TRACK	work-mcp2k-d144fixprod/pr_evt52121/calib-pr-evt52121.json
nuecc48	18355	1	400474	22038	121.5	82.8	1.469	79.8	11	46.7	4.2	2	-101.74	347.72	-100.2	432.48	EM	work-nuecc48-d144fixprod/pr_evt400474/calib-pr-evt400474.json
mcp2k	18255	1	71872	79082	117.6	55.0	2.136	77.2	8	40.7	5.1	2	128.6	39.97	130.59	28.91	EM	work-mcp2k-d144fixprod/pr_evt71872/calib-pr-evt71872.json
mcp1k	18255	1	408534	9001	114.5	223.4	0.512	75.2	2	86.8	43.4	1	31.87	254.76	81.31	250.7	TRACK	work-mcp1k-d144fixprod/pr_evt408534/calib-pr-evt408534.json
mcp1k	18255	1	288639	35010	113.7	161.9	0.703	74.7	1	58.1	58.1	3	120.99	135.88	76.83	157.53	TRACK	work-mcp1k-d144fixprod/pr_evt288639/calib-pr-evt288639.json
mcp1k	18255	1	61579	74022	111.6	72.9	1.531	73.3	15	58.3	3.9	2	-111.17	71.75	-82.28	105.12	EM	work-mcp1k-d144fixprod/pr_evt61579/calib-pr-evt61579.json
mcp2k	18255	1	319475	18000	109.3	184.2	0.593	71.8	2	68.5	34.2	2	166.52	287.29	199.89	328.17	TRACK	work-mcp2k-d144fixprod/pr_evt319475/calib-pr-evt319475.json
mcp1k	18255	1	277298	17010	109.1	136.2	0.801	71.7	1	46.4	46.4	3	-91.99	84.42	-116.27	118.88	TRACK	work-mcp1k-d144fixprod/pr_evt277298/calib-pr-evt277298.json
mcp2k	18259	1	179054	27009	109.1	205.5	0.531	71.7	1	78.4	78.4	2	7.46	215.83	27.46	198.09	TRACK	work-mcp2k-d144fixprod/pr_evt179054/calib-pr-evt179054.json
mcp2k	18259	1	159569	12000	106.1	187.6	0.565	69.7	5	70.6	14.1	2	49.9	332.68	53.42	351.48	TRACK	work-mcp2k-d144fixprod/pr_evt159569/calib-pr-evt159569.json
mcp2k	18255	1	75554	41022	94.3	239.8	0.393	62.0	6	95.2	15.9	2	-38.69	46.32	56.26	45.4	TRACK	work-mcp2k-d144fixprod/pr_evt75554/calib-pr-evt75554.json
mcp2k	18255	1	396323	18013	93.9	122.1	0.769	61.7	4	40.1	10.0	4	27.38	499.56	2.52	488.81	TRACK	work-mcp2k-d144fixprod/pr_evt396323/calib-pr-evt396323.json
mcp1k	18259	1	166738	62032	92.8	65.7	1.411	61.0	7	40.2	5.7	2	59.6	214.34	65.32	179.7	EM	work-mcp1k-d144fixprod/pr_evt166738/calib-pr-evt166738.json
mcp1k	18255	1	283713	67051	91.7	74.3	1.234	60.2	10	32.8	3.3	2	40.74	196.39	42.81	247.35	EM	work-mcp1k-d144fixprod/pr_evt283713/calib-pr-evt283713.json
mcp1k	18255	1	395610	28002	89.3	164.8	0.542	58.6	2	59.5	29.7	4	181.91	274.95	154.64	275.31	TRACK	work-mcp1k-d144fixprod/pr_evt395610/calib-pr-evt395610.json
mcp2k	18259	1	52338	1002	82.5	123.4	0.669	54.2	1	40.7	40.7	1	-128.16	256.11	-120.68	219.82	TRACK	work-mcp2k-d144fixprod/pr_evt52338/calib-pr-evt52338.json
mcp2k	18259	1	237292	10001	81.6	133.9	0.609	53.6	4	45.3	11.3	3	-69.87	407.82	-83.42	406.44	TRACK	work-mcp2k-d144fixprod/pr_evt237292/calib-pr-evt237292.json
mcp1k	18255	1	348691	52074	79.8	103.1	0.774	52.5	2	31.8	15.9	2	-177.54	204.26	-195.38	227.47	TRACK	work-mcp1k-d144fixprod/pr_evt348691/calib-pr-evt348691.json
mcp1k	18255	1	352233	52012	76.6	118.6	0.646	50.3	1	38.6	38.6	2	102.69	443.38	106.99	455.37	TRACK	work-mcp1k-d144fixprod/pr_evt352233/calib-pr-evt352233.json
mcp1k	18255	1	399118	15009	74.6	30.8	2.42	49.0	11	41.0	3.7	2	101.75	278.67	172.47	268.43	EM	work-mcp1k-d144fixprod/pr_evt399118/calib-pr-evt399118.json
mcp1k	18255	1	391766	25013	73.7	103.6	0.711	48.4	1	32.0	32.0	4	-7.82	18.78	-2.23	1.88	TRACK	work-mcp1k-d144fixprod/pr_evt391766/calib-pr-evt391766.json
mcp2k	18255	1	75554	32011	72.9	232.9	0.313	47.9	1	91.3	91.3	2	110.11	45.34	175.15	44.62	TRACK	work-mcp2k-d144fixprod/pr_evt75554/calib-pr-evt75554.json
mcp2k	18259	1	174302	43003	72.7	109.7	0.663	47.7	1	34.6	34.6	3	31.54	190.06	44.23	205.97	TRACK	work-mcp2k-d144fixprod/pr_evt174302/calib-pr-evt174302.json
mcp1k	18255	1	349945	26019	69.6	129.0	0.54	45.7	1	43.2	43.2	4	-164.43	80.38	-198.53	73.59	TRACK	work-mcp1k-d144fixprod/pr_evt349945/calib-pr-evt349945.json
mcp2k	18259	1	101828	22010	66.3	165.2	0.401	43.6	1	59.6	59.6	2	104.54	407.82	102.37	418.58	TRACK	work-mcp2k-d144fixprod/pr_evt101828/calib-pr-evt101828.json
mcp1k	18255	1	408534	23011	61.9	98.6	0.627	40.6	1	29.8	29.8	2	92.45	249.14	108.56	251.42	TRACK	work-mcp1k-d144fixprod/pr_evt408534/calib-pr-evt408534.json
mcp2k	18255	1	294174	25036	59.8	205.1	0.291	39.3	1	78.2	78.2	3	-76.46	292.67	-16.15	293.15	TRACK	work-mcp2k-d144fixprod/pr_evt294174/calib-pr-evt294174.json
mcp2k	18255	1	75554	51036	55.0	101.6	0.541	36.1	9	40.5	4.5	2	-98.92	46.93	-40.42	46.34	TRACK	work-mcp2k-d144fixprod/pr_evt75554/calib-pr-evt75554.json
mcp2k	18255	1	71748	72018	53.5	86.5	0.619	35.2	1	24.7	24.7	2	-198.68	427.59	-194.32	450.46	TRACK	work-mcp2k-d144fixprod/pr_evt71748/calib-pr-evt71748.json
