sample	event	shower_id	start_seg	verdict	pdg	conn	nseg_census	nseg_final	smax_cm	growth	n_early	n_late	dqdx_trunk	dqdx_term	bragg	stem_mip	retype_start_len_cm	kine_best_mev	kine_charge_mev	kine_dQdx_mev	kine_range_mev	total_len_cm	start_len_cm	start_pdg	start_score	start_flag_shower	n_heavy	len_heavy_cm	f_heavy	max_mip	star_n	star_dist_cm	stem_run_cm	n_lead_fitpts	mip_used	mip_meta	nue_score	numu_score	enu_mev
mcp1k	166870	1	10064	0	11	1	1	1	17.8	2.18	819	1462	4633	13890	3.00	-0.63		69.543	95.359	56.949	69.543	19.906	19.906	11	0.40982004292457025	0	0	0.0	0.0	1.616	0		18.0	11	48000.0	43000.0	-15.0	0.227	682.7
mcp1k	166870	2	10003	1	11	1	2	2	10.1	0.94	326	308	2154	7535	3.50	0.65	12.5	25.245	45.612	25.245	50.354	13.769	12.505	211	100.0	0	0	0.0	0.0	1.57	0		6.0	14	48000.0	43000.0	-15.0	0.227	682.7
mcp1k	167684	0	10000	0	11	1	1	1	10.7	1.07	374	401	8120	5042	0.62	1.69		40.274	74.052	31.388	40.274	11.936	11.936	11	100.0	1	0	0.0	0.0	1.264	0		12.0	12	48000.0	43000.0	-15.0	-0.877	157.0
mcp1k	168526	39	19024	0	11	1	4	14	38.6	5.00	1387	2852	5098	5482	1.08	0.58		202.66	202.66	169.473	0.0	69.341	22.331	11	100.0	0	0	0.0	0.0	1.192	0		15.0	11	48000.0	43000.0	-9.553	4.221	2047.8
mcp1k	169626	0	22023	1	11	1	6	6	58.5	0.50	1213	620	5464	3609	0.66	2.58	28.7	100.348	100.348	80.81	0.0	30.473	28.749	11	100.0	1	0	0.0	0.0	1.194	0		0.0	0	48000.0	43000.0	-11.32	-2.644	617.0
mcp1k	169774	0	2000	0	11	1	6	10	48.7	-1.00	739	15	5523	4351	0.79	1.34		58.591	58.591	47.614	0.0	17.574	13.225	11	100.0	1	0	0.0	0.0	1.42	0		3.0	13	48000.0	43000.0	-15.0	-2.156	60.2
mcp1k	170792	1		1	11	1	1		20.1	0.47	595	561	5051	5197	1.03	1.05	22.2																				-15.0	1.38	850.8
mcp1k	170814	0	18009	0	11	1	4	1	39.4	-1.00	850	0	5242	5153	0.98	1.96		44.334	69.82	36.096	44.334	12.703	12.703	11	100.0	1	0	0.0	0.0	1.071	0		12.0	12	48000.0	43000.0	-15.0	0.373	306.1
mcp1k	172942	5	4002	0	11	1	2	4	49.7	1.28	1798	1968	7434	10281	1.38	2.78		277.117	277.117	230.615	0.0	56.276	32.249	11	0.1939643044593543	0	0	0.0	0.0	1.815	0		30.0	11	48000.0	43000.0	-7.214	-0.12	551.4
mcp1k	173234	0	10003	0	11	1	1	2	10.5	0.96	426	409	5280	5091	0.96	0.54		75.231	75.231	34.046	0.0	15.778	12.556	11	100.0	1	0	0.0	0.0	1.222	0		12.0	12	48000.0	43000.0	-15.0	2.578	728.7
mcp1k	174576	0	5004	0	11	1	2	3	40.8	-1.00	504	0	3856	4356	1.13	0.80		43.785	43.785	32.416	0.0	16.442	12.12	11	100.0	1	0	0.0	0.0	0.907	0		12.0	11	48000.0	43000.0	-15.0	2.737	637.6
mcp1k	174752	8	48009	0	11	1	2	5	13.8	1.04	232	382	4758	5936	1.25	0.99		48.734	48.734	38.088	0.0	15.327	4.801	11	100.0	0	0	0.0	0.0	1.136	0		3.0	11	48000.0	43000.0	-15.0	-2.499	56.5
mcp1k	277298	0		1	11	1	1		25.2	0.58	1844	1729	8683	10825	1.25	1.57	27.5																				-15.0	1.415	446.2
mcp1k	280598	0	15030	0	11	1	1	2	17.6	1.88	510	784	5515	5841	1.06	0.51		64.319	64.319	44.814	0.0	21.022	20.659	11	100.0	1	0	0.0	0.0	1.102	0		18.0	12	48000.0	43000.0	-15.0	2.137	767.0
mcp1k	280972	0	7031	0	11	1	14	19	115.1	6.26	1390	3901	5993	6042	1.01	1.80		823.486	823.486	394.73	0.0	88.262	40.988	11	100.0	0	1	9.64	0.1092	2.415	1	55.27	27.0	11	48000.0	43000.0	-6.083	4.66	3356.4
mcp1k	281837	0	63040	1	11	1	4	4	28.1	0.45	2987	2090	7700	13089	1.70	0.99	24.7	284.224	414.284	284.224	0.0	69.62	24.651	211	100.0	0	1	17.877	0.2568	2.754	1	7.92	3.0	14	48000.0	43000.0	-15.0	-0.146	1406.1
mcp1k	282666	0	10007	0	11	1	1	1	10.6	1.00	332	331	5710	5573	0.98	1.19		39.852	45.104	27.513	39.852	11.854	11.854	11	100.0	1	0	0.0	0.0	1.111	0		12.0	12	48000.0	43000.0	-15.0	4.441	968.1
mcp1k	283463	1	14005	1	11	1	4	4	23.1	0.07	637	112	5221	2142	0.41	1.06	12.6	38.95	41.263	38.95	0.0	16.816	12.582	211	100.0	0	0	0.0	0.0	1.159	0		9.0	11	48000.0	43000.0	-15.0	-1.154	303.5
mcp1k	283969	0	31002	1	11	1	2	2	21.0	0.17	268	12	5454	11871	2.18	1.25	10.1	27.256	19.058	27.256	0.0	10.162	10.07	211	100.0	0	0	0.0	0.0	2.534	0		12.0	11	48000.0	43000.0	-15.0	-1.5	170.8
mcp1k	285311	0	11005	0	11	1	6	8	62.8	-1.00	224	22	6880	2197	0.32	1.43		45.97	45.97	36.893	0.0	11.427	4.937	11	100.0	1	0	0.0	0.0	1.55	0		3.0	17	48000.0	43000.0	-15.0	2.135	889.3
mcp1k	286353	0	9011	1	11	1	2	2	26.7	0.18	361	16	4576	4997	1.09	0.94	11.1	23.678	24.005	23.678	0.0	11.473	11.061	211	100.0	0	0	0.0	0.0	1.028	0		12.0	11	48000.0	43000.0	-15.0	2.662	899.9
mcp1k	286681	0	3012	0	11	1	1	3	17.9	1.04	1038	1096	13072	6374	0.49	2.48		93.059	93.059	82.01	0.0	20.547	19.735	11	100.0	1	0	0.0	0.0	1.914	0		18.0	11	48000.0	43000.0	-15.0	0.477	1901.1
mcp1k	291961	8	4007	0	11	1	2	3	14.7	1.07	386	650	9377	10551	1.13	2.63		76.188	76.188	76.147	0.0	16.733	13.348	11	0.152160291389583	0	1	13.348	0.7977	2.008	1	11.09	15.0	11	48000.0	43000.0	-15.0	1.804	958.0
mcp1k	293149	17	4001	1	11	1	6	6	55.0	0.68	947	631	4580	8675	1.89	0.69	26.0	133.368	204.627	133.368	0.0	57.18	25.998	211	0.5594269933357402	0	0	0.0	0.0	1.55	0		27.0	11	48000.0	43000.0	-15.0	-0.464	315.1
mcp1k	313781	1	9004	0	11	1	2	2	41.3	-1.00	511	0	5122	9446	1.84	0.81		96.291	96.291	64.824	0.0	20.04	9.738	11	100.0	0	0	0.0	0.0	1.617	0		12.0	11	48000.0	43000.0	-15.0	-3.17	221.4
mcp1k	314507	0	17001	0	11	1	2	3	10.5	0.90	433	388	4031	7913	1.96	0.84		49.848	49.848	24.582	0.0	10.374	9.689	11	100.0	1	0	0.0	0.0	1.702	0		6.0	11	48000.0	43000.0	-15.0	-0.472	431.2
mcp1k	315167	0	8011	0	11	1	1	2	19.9	1.86	927	1926	3890	19322	4.97	0.22		329.104	329.104	171.554	0.0	23.463	22.901	11	100.0	1	0	0.0	0.0	1.006	0		21.0	12	48000.0	43000.0	-8.225	2.128	1729.8
mcp1k	315167	1	8034	1	11	1	7	6	61.4	0.35	2707	1381	6093	2257	0.37	1.22	16.9	227.583	152.542	227.583	0.0	62.098	16.862	211	100.0	0	0	0.0	0.0	1.452	0		12.0	13	48000.0	43000.0	-8.225	2.128	1729.8
mcp1k	315167	2	8008	1	11	1	2	2	12.1	0.46	447	312	11398	5311	0.47	2.37	7.9	66.927	41.464	66.927	0.0	8.354	7.948	211	0.24366238847218788	0	1	7.948	0.9514	2.374	1	6.81	9.0	12	48000.0	43000.0	-8.225	2.128	1729.8
mcp1k	316729	0	8009	0	11	1	1	3	10.6	0.99	559	552	11873	5761	0.49	1.09		52.739	52.739	40.731	0.0	15.043	12.55	11	100.0	1	0	0.0	0.0	1.118	0		12.0	11	48000.0	43000.0	-15.0	3.917	660.2
mcp1k	317939	0	26001	1	11	1	4	4	42.1	0.42	1385	608	3733	2515	0.67	0.25	21.8	61.09	87.468	61.09	0.0	22.51	21.835	211	100.0	0	0	0.0	0.0	1.07	0		21.0	12	48000.0	43000.0	-15.0	3.41	1240.6
mcp1k	320667	0	21005	0	11	1	2	2	13.5	1.21	334	635	5625	4537	0.81	1.17		64.397	43.088	36.539	64.397	17.455	13.719	11	100.0	1	0	0.0	0.0	1.064	0		12.0	11	48000.0	43000.0	-15.0	0.966	652.0
mcp1k	347129	0	55021	0	11	1	7	7	81.4	-1.00	354	0	6319	3324	0.53	0.27		114.762	114.762	77.588	0.0	31.289	7.33	11	100.0	0	0	0.0	0.0	2.239	0		9.0	11	48000.0	43000.0	-8.525	-1.824	516.6
mcp1k	348691	0	9011	0	11	1	1	1	12.3	0.98	248	252	1841	1874	1.02	-0.05		48.271	16.8	12.929	48.271	13.409	13.409	11	100.0	1	0	0.0	0.0	0.324	0		15.0	11	48000.0	43000.0	-15.0	3.699	1890.8
mcp1k	349549	0	12089	0	11	1	16	17	120.4	1.88	852	1129	6062	7586	1.25	0.42		221.269	221.269	175.375	0.0	57.55	35.232	11	100.0	1	0	0.0	0.0	2.069	0		30.0	11	48000.0	43000.0	-6.145	1.874	1171.2
mcp1k	349945	1	18068	0	11	1	5	6	59.0	-1.00	1263	217	5233	3731	0.71	0.61		85.548	85.548	75.489	0.0	28.829	14.539	11	100.0	1	0	0.0	0.0	1.283	0		9.0	11	48000.0	43000.0	-12.305	4.335	1047.3
mcp1k	353751	0	10005	0	11	1	1	1	12.4	0.98	295	466	5814	6244	1.07	1.11		48.961	51.241	34.491	48.961	13.529	13.529	11	100.0	1	0	0.0	0.0	1.214	0		15.0	11	48000.0	43000.0	-15.0	4.635	700.2
mcp1k	386442	0	16014	0	11	1	2	4	12.7	0.82	392	542	5464	2687	0.49	1.29		68.771	68.771	43.421	0.0	18.277	11.773	11	100.0	1	0	0.0	0.0	1.094	0		6.0	12	48000.0	43000.0	-15.0	-0.407	531.3
mcp1k	386948	17	92085	0	11	1	23	33	101.8	6.44	94	938	5483	6068	1.11	1.01		571.014	571.014	469.633	0.0	147.556	4.668	11	100.0	0	2	17.428	0.1181	2.037	2	68.2	6.0	9	48000.0	43000.0	1.228	-1.121	1166.7
mcp1k	389874	0	11003	0	11	1	2	2	19.0	0.71	515	614	5939	8426	1.42	1.77		64.77	64.77	49.611	0.0	17.29	16.843	11	100.0	1	0	0.0	0.0	2.076	0		21.0	11	48000.0	43000.0	-15.0	-2.426	64.8
mcp1k	390182	0	4021	1	11	1	3	3	19.0	0.29	1132	582	8227	11451	1.39	2.31	6.4	116.752	145.661	116.752	107.135	37.806	6.35	211	100.0	0	0	0.0	0.0	1.964	0		0.0	34	48000.0	43000.0	-15.0	2.143	761.8
mcp1k	390864	7	16015	1	11	1	5	5	21.8	0.25	839	302	5541	5469	0.99	0.95	14.0	41.11	41.328	41.11	0.0	16.724	13.956	211	100.0	0	0	0.0	0.0	1.381	0		9.0	12	48000.0	43000.0	-15.0	0.496	741.0
mcp1k	393042	0	15001	0	11	1	1	2	11.6	1.01	274	278	7855	6275	0.80	1.64		44.716	44.716	39.112	0.0	14.936	13.292	11	100.0	1	0	0.0	0.0	1.09	0		12.0	11	48000.0	43000.0	-15.0	3.8	1114.0
mcp1k	395148	0	21007	0	11	1	1	2	12.9	0.86	561	804	14146	23100	1.63	0.44		102.092	102.092	137.084	0.0	15.891	14.892	11	100.0	1	1	14.892	0.9371	3.313	1	0.0	15.0	11	48000.0	43000.0	-15.0	3.032	1015.6
mcp1k	395148	1	21010	0	11	1	1	1	20.8	0.83	162	196	629	574	0.91	0.13		73.96	16.107	20.3	73.96	22.009	22.009	11	100.0	1	0	0.0	0.0	0.125	0		21.0	11	48000.0	43000.0	-15.0	3.032	1015.6
mcp1k	395654	0	15003	0	11	1	1	1	10.8	0.98	332	325	4897	4975	1.02	1.04		47.021	52.05	28.731	47.021	13.189	13.189	11	100.0	1	0	0.0	0.0	0.982	0		12.0	13	48000.0	43000.0	-15.0	3.485	638.4
mcp1k	395962	0	15004	0	11	1	2	6	32.9	-1.00	264	0	4850	1912	0.39	1.01		34.977	34.977	24.465	0.0	9.556	6.8	11	100.0	1	0	0.0	0.0	1.202	0		9.0	11	48000.0	43000.0	-15.0	1.667	650.7
mcp1k	398414	0	18000	0	11	1	1	1	15.4	1.18	420	306	4912	3882	0.79	1.02		60.763	40.092	32.201	60.763	15.724	15.724	11	0.2742519186384914	0	0	0.0	0.0	0.938	0		18.0	10	48000.0	43000.0	-15.0	-0.626	60.8
mcp1k	399052	2	15070	0	11	1	13	13	72.1	5.51	1296	3324	5631	5335	0.95	1.67		320.368	320.368	234.676	0.0	93.186	24.806	11	100.0	0	1	3.096	0.0332	2.375	1	33.65	21.0	11	48000.0	43000.0	-3.472	0.066	585.0
mcp1k	399328	0	12007	1	11	1	2	2	10.7	1.03	648	665	15064	8376	0.56	3.14	12.1	110.687	109.064	110.687	64.724	17.611	12.105	211	100.0	0	0	0.0	0.0	1.871	0		6.0	11	48000.0	43000.0	-15.0	-1.823	251.1
mcp1k	400460	0	18013	0	11	1	2	3	10.3	0.91	290	265	5866	5097	0.87	1.22		44.956	44.956	31.629	0.0	12.211	8.584	11	100.0	1	0	0.0	0.0	1.062	0		6.0	11	48000.0	43000.0	-15.0	2.302	545.9
mcp1k	401450	0	23021	0	11	1	29	33	77.3	4.74	3059	7708	4669	5869	1.26	0.64		1062.898	1062.898	754.175	0.0	264.791	2.636	11	100.0	1	3	36.941	0.1395	2.925	2	18.58	0.0	25	48000.0	43000.0	-3.411	-0.302	1361.0
mcp1k	406752	0	7001	0	11	1	2	4	30.9	0.88	1088	939	6732	4997	0.74	2.67		125.673	125.673	103.499	0.0	35.637	29.986	11	100.0	1	0	0.0	0.0	1.39	0		21.0	11	48000.0	43000.0	-3.148	-0.495	125.7
mcp1k	489327	0	19005	0	11	1	22	22	99.0	1.11	898	733	4703	7813	1.66	2.04		347.98	347.98	224.342	0.0	77.841	23.698	11	100.0	1	0	0.0	0.0	2.1	0		27.0	13	48000.0	43000.0	-7.86	4.943	1483.9
mcp1k	489503	0	18008	0	11	1	8	10	124.6	-1.00	342	0	6963	5646	0.81	1.45		80.151	80.151	59.275	0.0	17.168	8.295	11	0.14438865453907485	0	1	3.246	0.1891	2.325	1	72.88	9.0	11	48000.0	43000.0	-1.033	1.297	583.2
mcp1k	50303	0	12008	0	11	1	3	6	35.9	-1.00	702	447	6943	1914	0.28	1.32		117.173	117.173	82.965	0.0	26.939	25.089	11	100.0	1	0	0.0	0.0	1.441	0		27.0	11	48000.0	43000.0	-15.0	0.245	317.5
mcp1k	53361	0	27003	0	11	1	2	2	10.0	0.93	241	225	4964	7195	1.45	1.03		43.775	28.603	27.562	43.775	12.6	11.943	11	100.0	1	0	0.0	0.0	1.875	0		9.0	14	48000.0	43000.0	-15.0	2.608	509.9
mcp1k	54175	0	18021	0	11	1	2	3	12.5	0.88	384	555	6303	5128	0.81	1.31		48.575	48.575	41.873	0.0	16.143	8.099	11	100.0	1	0	0.0	0.0	1.329	0		6.0	12	48000.0	43000.0	-15.0	5.192	827.1
mcp1k	55539	0	18003	0	11	1	1	2	11.7	1.02	287	292	3471	4112	1.18	0.72		47.32	47.32	26.503	0.0	15.428	14.877	11	100.0	1	0	0.0	0.0	0.681	0		12.0	11	48000.0	43000.0	-15.0	-0.449	612.5
mcp1k	58607	0		1	11	1	1		10.0	1.03	239	246	2086	11392	5.46	0.43	10.9																				-15.0	-1.114	365.7
mcp1k	58607	1	23006	0	11	1	1	1	11.4	1.07	424	454	7549	8877	1.18	0.66		51.618	20.724	39.437	51.618	13.982	13.982	11	100.0	1	0	0.0	0.0	1.411	0		12.0	11	48000.0	43000.0	-15.0	-1.114	365.7
mcp1k	58755	0	30005	0	11	1	2	3	35.6	-1.00	1174	611	5324	7189	1.35	0.51		93.331	93.331	58.638	0.0	26.867	23.214	11	100.0	1	0	0.0	0.0	1.498	0		24.0	13	48000.0	43000.0	-11.069	-1.233	214.8
mcp1k	58755	1	30006	0	11	1	6	6	62.2	1.03	182	188	4602	4873	1.06	0.88		83.159	83.159	47.44	0.0	17.164	5.885	11	0.23217137807625993	0	0	0.0	0.0	1.914	0		6.0	11	48000.0	43000.0	-11.069	-1.233	214.8
mcp1k	61579	0	20047	0	11	1	2	6	40.7	-1.00	25	0	10395	5817	0.56	2.17		33.689	33.689	29.319	0.0	7.286	2.311	11	100.0	1	1	2.311	0.3172	2.166	1	2.03	3.0	5	48000.0	43000.0	-15.0	4.892	841.4
mcp1k	61843	0	17046	0	11	1	6	11	69.9	-1.00	1934	639	5443	2429	0.45	2.09		106.048	106.048	76.617	0.0	26.376	21.397	11	100.0	1	0	0.0	0.0	2.599	0		18.0	11	48000.0	43000.0	-6.729	-0.16	618.7
mcp1k	64409	0	8043	0	11	1	37	41	153.8	8.22	2087	7498	4989	6719	1.35	2.46		753.649	753.649	618.866	0.0	185.811	15.679	11	100.0	0	2	22.249	0.1197	3.067	2	14.99	12.0	11	48000.0	43000.0	6.968	0.059	1014.4
mcp1k	65999	0	27001	0	11	1	1	3	11.1	1.01	212	214	2818	7437	2.64	0.59		61.898	61.898	36.261	0.0	16.149	12.568	11	100.0	1	0	0.0	0.0	1.038	0		12.0	11	48000.0	43000.0	-15.0	-1.893	269.4
mcp1k	67394	0	19011	1	11	1	2	2	28.4	0.50	2194	1482	5885	21006	3.57	1.53	28.3	107.24	107.24	86.922	0.0	29.038	28.279	11	100.0	1	0	0.0	0.0	1.15	0		30.0	12	48000.0	43000.0	-5.158	0.742	855.6
mcp1k	71530	1	17002	0	11	1	1	2	11.7	1.00	299	299	4525	8253	1.82	0.94		28.054	28.054	33.006	0.0	12.652	12.445	11	0.15040944455424687	0	0	0.0	0.0	1.298	0		12.0	11	48000.0	43000.0	-15.0	-1.979	51.6
mcp1k	73004	0	15006	0	11	1	5	9	49.6	0.93	2364	2067	9437	19081	2.02	1.10		348.107	348.107	291.83	0.0	84.123	9.745	11	100.0	1	0	0.0	0.0	2.72	0		3.0	22	48000.0	43000.0	-11.896	3.492	705.6
mcp2k	100135	1	14008	1	11	1	2	2	13.0	0.46	199	150	5481	2026	0.37	1.00	8.3	23.606	36.323	23.606	0.0	8.672	8.311	211	100.0	0	0	0.0	0.0	1.142	0		9.0	11	48000.0	43000.0	-15.0	4.476	1368.9
mcp2k	100222	2	113225	0	11	1	76	81	210.2	1.66	1043	1442	4877	11307	2.32	0.94		1905.075	1905.075	1502.467	0.0	489.207	36.4	11	100.0	0	1	2.516	0.0051	2.95	1	124.24	30.0	11	48000.0	43000.0	3.83	2.359	3943.1
mcp2k	101004	0	2000	1	11	1	2	2	14.9	0.24	200	137	5181	1563	0.30	2.21	7.9	23.292	31.0	23.292	0.0	8.761	7.894	211	100.0	0	0	0.0	0.0	1.251	0		9.0	11	48000.0	43000.0	-15.0	-2.956	162.9
mcp2k	101498	0	10001	0	11	1	1	1	14.6	1.09	173	299	1515	909	0.60	0.61		60.867	9.366	16.954	60.867	15.774	15.774	11	100.0	1	0	0.0	0.0	0.189	0		15.0	12	48000.0	43000.0	-15.0	1.238	427.6
mcp2k	104172	0	25084	1	11	1	6	6	51.1	0.38	2084	549	6572	3416	0.52	2.55	13.4	112.272	206.137	112.272	0.0	39.658	13.43	211	100.0	0	0	0.0	0.0	1.538	0		12.0	11	48000.0	43000.0	-15.0	0.767	685.6
mcp2k	159569	0	49035	1	11	1	2	2	19.8	0.08	632	24	22330	8075	0.36	4.04	6.1	113.078	86.024	113.078	0.0	6.578	6.073	211	100.0	0	1	6.073	0.9232	4.13	1	5.9	6.0	11	48000.0	43000.0	-15.0	0.344	680.8
mcp2k	161043	0	8019	1	11	1	3	3	19.2	0.67	427	480	4464	5043	1.13	0.52	17.5	36.167	54.54	36.167	0.0	18.79	17.513	211	100.0	0	0	0.0	0.0	1.017	0		15.0	11	48000.0	43000.0	-15.0	-0.216	342.3
mcp2k	165157	1	62050	0	11	1	5	13	34.8	2.68	721	1208	4492	6598	1.47	0.72		165.497	165.497	126.126	0.0	57.169	17.004	11	100.0	1	0	0.0	0.0	1.23	0		0.0	0	48000.0	43000.0	-11.176	-0.914	468.1
mcp2k	165544	0	4009	0	11	1	4	10	21.3	4.68	687	1168	6159	3473	0.56	0.94		171.277	171.277	121.166	0.0	48.773	22.982	11	100.0	1	0	0.0	0.0	1.253	0		6.0	11	48000.0	43000.0	-0.365	-1.473	237.1
mcp2k	165544	1	4011	0	11	1	1	1	14.7	1.07	436	762	9892	5299	0.54	2.29		65.82	77.105	56.551	65.82	18.133	18.133	11	100.0	1	0	0.0	0.0	1.33	0		15.0	12	48000.0	43000.0	-0.365	-1.473	237.1
mcp2k	165767	0	7022	1	11	1	3	3	22.4	0.07	558	71	5302	4153	0.78	1.14	13.2	34.192	39.747	34.192	0.0	14.015	13.179	211	100.0	0	0	0.0	0.0	1.105	0		15.0	11	48000.0	43000.0	-15.0	-0.391	720.2
mcp2k	168448	0	64010	0	11	1	1	2	14.8	1.01	312	510	5010	6472	1.29	0.97		102.044	102.044	47.353	0.0	20.164	15.461	11	100.0	1	0	0.0	0.0	1.109	0		15.0	11	48000.0	43000.0	-2.699	0.385	444.9
mcp2k	169152	0	22002	1	11	1	2	2	23.8	0.16	222	12	5827	4262	0.73	0.67	9.7	31.27	31.27	22.372	0.0	10.081	9.709	11	100.0	1	0	0.0	0.0	0.96	0		9.0	11	48000.0	43000.0	-15.0	1.457	499.2
mcp2k	169793	0	11006	1	11	1	2	2	10.6	0.49	211	52	9107	4962	0.54	2.25	4.2	25.732	38.659	25.732	0.0	6.099	4.164	211	100.0	0	0	0.0	0.0	1.872	0		6.0	8	48000.0	43000.0	-15.0	2.764	851.9
mcp2k	170076	0	10007	0	11	1	1	4	14.5	0.98	483	747	3238	9688	2.99	0.46		62.525	62.525	51.761	0.0	19.443	18.433	11	100.0	1	0	0.0	0.0	1.522	0		15.0	14	48000.0	43000.0	-15.0	3.505	1072.9
mcp2k	170761	1	8020	0	11	1	3	5	39.7	-1.00	637	0	12471	4612	0.37	0.96		127.013	127.013	39.224	0.0	9.348	7.23	11	100.0	0	1	7.23	0.7734	2.598	1	7.0	12.0	11	48000.0	43000.0	-10.009	4.734	1440.1
mcp2k	170761	2	8017	0	11	1	3	7	40.2	1.76	694	840	7859	6927	0.88	1.29		202.779	202.779	162.366	0.0	50.376	38.731	11	100.0	1	0	0.0	0.0	1.598	0		36.0	11	48000.0	43000.0	-10.009	4.734	1440.1
mcp2k	171729	2	9032	0	11	1	4	6	16.7	1.08	1136	1183	7937	3532	0.44	1.65		107.785	107.785	64.167	0.0	25.514	16.028	11	100.0	0	0	0.0	0.0	1.278	0		12.0	12	48000.0	43000.0	-3.814	1.029	785.7
mcp2k	173819	0	14013	1	11	1	2	2	21.5	0.21	492	149	5048	6162	1.22	1.20	13.2	38.08	57.608	38.08	0.0	14.835	13.232	211	100.0	0	0	0.0	0.0	1.24	0		15.0	11	48000.0	43000.0	-15.0	1.562	1200.5
mcp2k	174164	0	16022	0	11	1	7	8	41.9	-1.00	757	26	6130	4598	0.75	1.83		84.59	84.59	57.266	0.0	19.963	10.489	11	100.0	1	0	0.0	0.0	1.466	0		15.0	12	48000.0	43000.0	-8.729	4.654	923.3
mcp2k	174771	4	15019	1	11	1	1	1	22.3	1.12	1303	1354	14905	11234	0.75	4.22	25.0	132.306	132.306	145.327	80.23	24.994	24.994	11	0.0867672069355089	0	1	24.994	1.0	2.597	1	0.0	24.0	11	48000.0	43000.0	-12.281	3.894	1912.6
mcp2k	175094	12		0	11	1	2		15.5	0.96	511	499	9080	6810	0.75	2.72																					-15.0	4.252	507.4
mcp2k	175893	0	56030	0	11	1	3	5	13.4	-1.00	0	9	6082	8065	1.33	0.56		39.197	39.197	30.461	0.0	10.674	4.198	11	100.0	1	0	0.0	0.0	1.705	0		0.0	0	48000.0	43000.0	-15.0	-1.248	344.5
mcp2k	176260	0	15003	0	11	1	1	3	17.0	1.37	470	621	10514	5273	0.50	2.19		115.252	115.252	109.649	0.0	21.21	20.651	11	100.0	1	0	0.0	0.0	1.684	0		18.0	11	48000.0	43000.0	-12.76	3.745	952.8
mcp2k	176502	0	109107	0	11	1	79	55	201.9	3.78	5404	11227	5417	22019	4.06	2.20		1466.379	1466.379	1218.587	0.0	385.326	19.656	11	100.0	1	4	16.878	0.0438	3.697	2	196.84	6.0	12	48000.0	43000.0	4.359	-0.007	4347.5
mcp2k	176502	1	109305	0	11	1	3	3	38.6	1.55	2485	3727	2012	4250	2.11	0.05		125.221	125.221	72.309	0.0	46.713	12.839	11	100.0	1	0	0.0	0.0	0.922	0		12.0	13	48000.0	43000.0	4.359	-0.007	4347.5
mcp2k	176533	0	11029	0	11	1	30	38	91.9	2.04	1798	2601	5421	4237	0.78	1.12		534.999	534.999	325.847	0.0	107.267	11.518	11	100.0	1	0	0.0	0.0	1.655	0		9.0	11	48000.0	43000.0	14.955	-0.16	756.6
mcp2k	177068	1	5012	0	11	1	5	10	62.8	-1.00	192	40	5739	5806	1.01	0.74		57.355	57.355	33.974	0.0	7.098	0.968	11	100.0	1	0	0.0	0.0	2.059	0		6.0	5	48000.0	43000.0	-15.0	-0.815	412.9
mcp2k	177068	2	5013	1	11	1	2	2	20.1	0.06	125	8	3068	3808	1.24	0.64	2.7	7.753	35.734	7.753	0.0	2.723	2.666	211	0.6864324702340544	0	0	0.0	0.0	0.908	0		3.0	5	48000.0	43000.0	-15.0	-0.815	412.9
mcp2k	177961	0	11011	0	11	1	1	2	19.0	0.79	424	542	6841	13849	2.02	0.44		84.617	84.617	69.002	0.0	20.155	19.406	11	100.0	1	0	0.0	0.0	1.583	0		24.0	10	48000.0	43000.0	-6.68	0.614	310.8
mcp2k	178115	2	7009	0	11	1	3	3	18.3	1.65	458	681	5251	5853	1.11	0.95		83.919	110.088	158.923	83.919	26.751	13.645	11	100.0	0	1	6.036	0.2256	4.383	1	12.37	12.0	11	48000.0	43000.0	-5.379	2.715	576.3
mcp2k	178535	0	2000	0	11	1	1	3	15.1	0.93	425	265	10262	5360	0.52	2.45		80.509	80.509	64.453	0.0	17.108	16.455	11	100.0	1	0	0.0	0.0	1.829	0		18.0	10	48000.0	43000.0	-8.579	-1.107	80.5
mcp2k	179369	3	17002	0	11	1	1	5	10.1	0.93	212	197	9070	6126	0.68	1.89		39.406	39.406	35.728	0.0	11.769	10.541	11	100.0	0	0	0.0	0.0	1.422	0		12.0	11	48000.0	43000.0	-15.0	3.533	1457.0
mcp2k	179611	13	10001	0	11	1	5	9	142.7	2.10	134	243	4746	5934	1.25	1.12		253.894	253.894	220.097	0.0	103.441	55.886	11	100.0	0	0	0.0	0.0	1.304	0		12.0	11	48000.0	43000.0	-14.358	1.535	503.8
mcp2k	180403	0	7018	0	11	1	3	4	16.3	1.17	787	829	6494	5893	0.91	0.69		103.553	103.553	74.191	0.0	29.216	5.826	11	100.0	1	0	0.0	0.0	1.184	0		3.0	22	48000.0	43000.0	-14.116	3.049	527.9
mcp2k	181050	4	15006	0	11	1	12	12	46.6	2.67	825	1505	5253	6994	1.33	1.07		225.008	225.008	195.548	0.0	80.697	38.48	11	100.0	0	0	0.0	0.0	1.838	0		24.0	10	48000.0	43000.0	-3.372	-0.21	491.9
mcp2k	239404	0	22019	0	11	1	2	2	44.5	-1.00	396	0	4553	2658	0.58	1.50		34.551	34.551	27.186	0.0	11.236	10.843	11	100.0	1	0	0.0	0.0	1.045	0		9.0	11	48000.0	43000.0	-15.0	1.916	413.8
mcp2k	240372	0	16012	0	11	1	2	5	28.7	1.09	723	777	6776	8904	1.31	0.82		140.889	140.889	111.546	0.0	34.507	30.14	11	100.0	1	1	3.14	0.091	2.878	1	28.12	27.0	11	48000.0	43000.0	-15.0	1.241	982.1
mcp2k	242814	0	10028	0	11	1	4	8	26.6	0.85	2058	2611	4761	9481	1.99	2.78		184.325	184.325	209.791	0.0	69.133	7.161	11	100.0	1	0	0.0	0.0	1.148	0		0.0	27	48000.0	43000.0	-6.58	0.927	366.7
mcp2k	275011	0	11034	1	11	1	3	3	40.3	0.10	425	11	5019	15224	3.03	-0.50	14.8	41.728	68.686	41.728	0.0	19.044	14.843	211	100.0	0	0	0.0	0.0	1.221	0		12.0	11	48000.0	43000.0	-8.159	1.051	362.6
mcp2k	275011	1	11037	0	11	1	3	8	23.5	1.85	708	982	5274	6131	1.16	1.10		102.165	102.165	102.35	0.0	44.493	25.803	11	100.0	1	0	0.0	0.0	1.442	0		15.0	13	48000.0	43000.0	-8.159	1.051	362.6
mcp2k	280159	3	13139	0	11	1	7	14	17.3	0.93	2563	2540	5926	10036	1.69	0.62		367.364	367.364	244.625	0.0	64.665	12.742	11	100.0	0	1	19.943	0.3084	3.009	1	8.28	6.0	12	48000.0	43000.0	-8.947	1.541	1421.8
mcp2k	281325	1	42039	0	11	1	2	10	53.7	-1.00	218	0	6572	11433	1.74	2.23		138.017	138.017	105.54	0.0	34.31	6.032	11	100.0	0	1	6.032	0.1758	2.248	1	5.9	6.0	11	48000.0	43000.0	-9.429	-1.25	349.5
mcp2k	282067	9	14002	0	11	1	2	4	23.7	1.03	1173	1221	6811	10298	1.51	1.31		100.288	100.288	95.553	0.0	28.595	26.091	11	0.038021161028264874	0	0	0.0	0.0	1.48	0		21.0	11	48000.0	43000.0	-8.686	-0.108	336.0
mcp2k	282271	0	6063	0	11	1	4	26	58.3	-1.00	1958	1014	7754	3290	0.42	6.70		237.754	237.754	254.94	0.0	40.454	28.717	11	100.0	1	0	0.0	0.0	2.914	0		6.0	11	48000.0	43000.0	0.376	1.154	737.6
mcp2k	282837	0	2023	0	11	1	7	11	48.6	-1.00	683	323	4461	5805	1.30	0.65		103.244	103.244	71.289	0.0	30.83	22.576	11	100.0	1	0	0.0	0.0	1.665	0		24.0	12	48000.0	43000.0	-5.186	3.758	543.4
mcp2k	282909	1	4077	0	11	1	10	11	61.2	6.78	806	3122	5120	3959	0.77	1.31		238.246	238.246	129.953	0.0	57.45	18.759	11	100.0	0	0	0.0	0.0	1.745	0		15.0	11	48000.0	43000.0	-5.181	1.208	1080.2
mcp2k	284206	0	10044	0	11	1	1	2	16.6	1.67	558	798	7365	4673	0.63	2.22		122.125	122.125	67.184	0.0	20.817	20.504	11	100.0	1	0	0.0	0.0	0.974	0		12.0	11	48000.0	43000.0	1.462	0.251	561.1
mcp2k	284206	1	10046	0	11	1	2	2	31.7	-1.00	478	152	4638	6133	1.32	0.99		28.538	28.538	36.73	0.0	18.196	17.795	11	100.0	1	0	0.0	0.0	0.954	0		3.0	2	48000.0	43000.0	1.462	0.251	561.1
mcp2k	284206	2	10047	0	11	1	1	1	21.6	-1.00	0	773	3354	5309	1.58	0.41		79.846	38.223	27.929	79.846	24.811	24.811	11	0.28928337170695495	0	0	0.0	0.0	0.663	0		3.0	2	48000.0	43000.0	1.462	0.251	561.1
mcp2k	284206	3	10049	0	11	1	1	1	23.4	15.00	5	225	855	4252	4.97	0.24		81.105	25.875	30.467	81.105	25.411	25.411	11	100.0	1	0	0.0	0.0	0.697	0		3.0	3	48000.0	43000.0	1.462	0.251	561.1
mcp2k	284206	4	10050	0	11	1	4	4	42.1	76.50	2	598	5239	4133	0.79	0.59		98.573	98.573	92.261	0.0	50.383	30.714	11	100.0	1	0	0.0	0.0	1.185	0		3.0	2	48000.0	43000.0	1.462	0.251	561.1
mcp2k	284206	5	10051	0	11	1	3	3	29.0	28.11	9	1163	8174	4514	0.55	0.42		68.927	68.927	54.639	0.0	33.128	26.536	11	100.0	1	0	0.0	0.0	0.959	0		3.0	4	48000.0	43000.0	1.462	0.251	561.1
mcp2k	287638	5		0	11	1	10		39.5	1.43	900	1353	5630	8215	1.46	1.35																					-15.0	2.762	385.7
mcp2k	289862	0	5000	1	11	1	2	2	22.3	0.17	790	189	5997	4950	0.83	1.32	16.1	48.635	52.116	48.635	0.0	16.489	16.066	211	100.0	0	0	0.0	0.0	1.227	0		15.0	11	48000.0	43000.0	-15.0	-1.929	188.2
mcp2k	290588	0	14011	0	11	1	1	1	11.9	1.01	293	296	5466	6752	1.24	0.99		49.287	47.923	32.198	49.287	13.586	13.586	11	100.0	1	0	0.0	0.0	1.06	0		12.0	11	48000.0	43000.0	-15.0	3.16	699.7
mcp2k	291072	0	20081	0	11	1	33	39	126.3	6.06	2376	5852	5590	8914	1.59	1.16		634.58	634.58	430.489	0.0	127.362	13.405	11	0.23665979386696084	0	0	0.0	0.0	2.41	0		9.0	12	48000.0	43000.0	9.697	-0.062	779.4
mcp2k	292722	0	10008	1	11	1	4	4	18.8	0.38	657	439	4663	14633	3.14	0.92	3.5	53.936	71.148	53.936	0.0	18.818	3.513	211	100.0	0	0	0.0	0.0	3.041	0		0.0	20	48000.0	43000.0	-15.0	2.78	569.5
mcp2k	293536	7	17001	0	11	1	4	7	58.5	0.79	1042	665	5097	5644	1.11	1.91		157.222	157.222	120.288	0.0	51.238	26.966	11	100.0	0	0	0.0	0.0	1.115	0		15.0	11	48000.0	43000.0	-2.675	0.297	449.8
mcp2k	294174	1	16004	0	11	1	3	4	11.0	1.01	321	324	6673	7843	1.18	1.39		47.866	47.866	40.625	0.0	12.42	7.485	11	100.0	1	0	0.0	0.0	2.023	0		6.0	11	48000.0	43000.0	-5.881	3.107	1313.3
mcp2k	318703	1	12014	0	11	1	6	18	37.1	1.19	1529	1250	6977	8358	1.20	0.79		259.573	259.573	212.588	0.0	67.008	14.377	11	100.0	1	0	0.0	0.0	3.554	0		9.0	12	48000.0	43000.0	-8.374	5.617	1015.8
mcp2k	318769	0	31030	1	11	1	11	7	55.6	0.38	2103	637	5501	10668	1.94	1.29	5.3	107.429	107.429	60.979	0.0	24.623	5.323	11	100.0	1	0	0.0	0.0	1.406	0		3.0	15	48000.0	43000.0	-15.0	0.389	681.8
mcp2k	321015	16	16013	1	11	1	11	11	47.4	0.23	1036	787	5433	2181	0.40	1.33	24.0	96.518	100.094	96.518	0.0	35.67	24.046	211	100.0	0	0	0.0	0.0	1.404	0		9.0	11	48000.0	43000.0	-15.0	2.235	419.5
mcp2k	322707	0	11004	0	11	1	1	1	20.4	0.85	468	647	7510	5221	0.70	2.02		87.174	98.467	75.003	87.174	28.301	28.301	11	100.0	1	0	0.0	0.0	1.15	0		21.0	11	48000.0	43000.0	-15.0	2.522	1063.5
mcp2k	323125	0	12016	1	11	1	2	2	28.7	0.14	617	12	2681	1449	0.54	1.06	14.8	23.333	27.324	23.333	0.0	15.544	14.834	211	100.0	0	0	0.0	0.0	0.419	0		15.0	11	48000.0	43000.0	-15.0	-0.005	497.6
mcp2k	323917	0	70007	0	11	1	3	4	59.3	-1.00	315	0	4431	9126	2.06	0.92		93.992	93.992	63.507	0.0	29.315	8.448	11	100.0	1	0	0.0	0.0	1.029	0		0.0	13	48000.0	43000.0	-9.946	-1.083	94.0
mcp2k	347890	0	8017	0	11	1	3	4	18.7	0.72	502	585	5242	6180	1.18	1.83		59.046	59.046	51.905	0.0	18.92	17.524	11	100.0	1	0	0.0	0.0	1.12	0		9.0	11	48000.0	43000.0	-15.0	0.598	658.9
mcp2k	354578	0	6003	0	11	1	1	1	24.9	1.41	1193	1973	11213	23327	2.08	2.21		83.268	176.608	180.84	83.268	26.441	26.441	11	0.048689203361521	0	0	0.0	0.0	2.519	0		27.0	11	48000.0	43000.0	-3.602	-0.956	222.1
mcp2k	354578	1	6005	0	11	1	1	2	16.6	0.89	470	421	9963	10528	1.06	1.26		81.99	81.99	69.569	0.0	19.502	18.848	11	100.0	1	0	0.0	0.0	1.902	0		18.0	12	48000.0	43000.0	-3.602	-0.956	222.1
mcp2k	354578	2	6006	0	11	1	1	1	12.5	1.00	326	343	5102	11015	2.16	1.85		53.271	63.068	54.654	53.271	14.257	14.257	11	100.0	1	0	0.0	0.0	1.448	0		15.0	13	48000.0	43000.0	-3.602	-0.956	222.1
mcp2k	355106	0	7001	1	11	1	3	3	65.0	0.06	745	112	4851	2267	0.47	1.26	19.9	47.331	76.545	47.331	0.0	20.384	19.878	211	100.0	0	0	0.0	0.0	1.063	0		18.0	11	48000.0	43000.0	-15.0	-0.446	1139.8
mcp2k	390216	0	13028	0	11	1	1	11	10.1	0.92	190	175	5011	5100	1.02	0.95		43.088	43.088	40.553	0.0	16.532	10.646	11	100.0	1	0	0.0	0.0	0.97	0		12.0	11	48000.0	43000.0	-15.0	4.302	1101.6
mcp2k	391777	0	14011	1	11	1	3	3	20.4	0.53	480	468	5216	5131	0.98	2.92	16.0	57.533	83.616	57.533	0.0	18.378	16.007	211	100.0	0	0	0.0	0.0	1.138	0		21.0	11	48000.0	43000.0	-15.0	0.825	809.4
mcp2k	394167	0	11009	0	11	1	20	23	105.4	3.52	887	1820	5283	2643	0.50	1.31		437.487	437.487	301.377	0.0	123.518	20.795	11	100.0	0	0	0.0	0.0	2.012	0		18.0	11	48000.0	43000.0	6.838	-0.758	448.5
mcp2k	395123	0	21010	0	11	1	3	6	20.7	1.58	484	1021	3754	5393	1.44	0.58		101.145	101.145	74.157	0.0	33.239	22.95	11	100.0	1	0	0.0	0.0	1.192	0		6.0	11	48000.0	43000.0	-8.525	-1.663	106.3
mcp2k	395597	2	20013	0	11	1	2	4	29.6	0.93	2106	2038	7859	2599	0.33	1.64		262.531	262.531	118.185	0.0	40.959	20.23	11	100.0	1	0	0.0	0.0	1.488	0		12.0	12	48000.0	43000.0	-10.284	-0.677	1498.0
mcp2k	396222	0	9043	0	11	1	87	60	113.8	3.91	8678	20415	5110	7624	1.49	1.28		1740.952	1740.952	1301.995	0.0	432.485	34.112	11	100.0	1	2	19.537	0.0792	2.601	1	31.21	3.0	26	48000.0	43000.0	0.89	0.088	3973.7
mcp2k	397498	0	29010	1	11	1	2	2	23.7	0.50	12	6	16697	10359	0.62	3.48	1.1	18.56	12.678	18.56	0.0	1.291	1.145	211	0.1479226187926097	0	0	0.0	0.0	3.479	0		3.0	3	48000.0	43000.0	-15.0	0.582	404.6
mcp2k	397630	1	15054	1	11	1	3	3	37.3	0.04	632	6	3020	1664	0.55	1.09	10.4	56.76	56.76	32.076	0.0	11.112	10.398	11	100.0	1	0	0.0	0.0	0.645	0		12.0	11	48000.0	43000.0	-15.0	1.42	647.0
mcp2k	398268	1	15019	0	11	1	1	2	15.3	0.90	1047	677	8621	16180	1.88	1.41		115.079	115.079	82.192	0.0	17.372	17.096	11	100.0	1	0	0.0	0.0	1.886	0		18.0	12	48000.0	43000.0	-14.737	3.086	758.9
mcp2k	401241	0	13000	0	11	1	1	1	17.3	0.85	351	311	6032	4943	0.82	1.26		64.454	41.838	39.122	64.454	17.482	17.482	11	0.15617521562293882	0	0	0.0	0.0	1.152	0		18.0	11	48000.0	43000.0	-15.0	-1.281	80.3
mcp2k	402077	0	15003	0	11	1	5	6	44.5	1.73	859	1096	6376	3936	0.62	1.33		220.812	220.812	180.007	0.0	61.454	39.502	11	0.24083315605770278	0	1	3.324	0.0541	2.84	1	44.53	21.0	11	48000.0	43000.0	-5.43	1.935	478.6
mcp2k	403309	0	10000	0	11	1	1	1	33.2	1.09	1226	1221	5217	5540	1.06	1.09		102.86	99.962	83.543	102.86	35.771	35.771	11	100.0	1	0	0.0	0.0	1.082	0		36.0	11	48000.0	43000.0	-9.623	-0.43	103.2
mcp2k	405707	0	17030	0	11	1	2	6	20.5	1.27	479	814	8659	9580	1.11	1.71		109.67	109.67	85.402	0.0	23.774	4.877	11	100.0	0	0	0.0	0.0	1.944	0		3.0	11	48000.0	43000.0	-13.952	4.582	1495.2
mcp2k	406125	0	8063	1	11	1	11	11	77.7	0.17	2592	906	6098	3117	0.51	0.84	12.9	139.656	180.171	139.656	0.0	36.785	12.917	211	100.0	0	0	0.0	0.0	1.746	0		9.0	11	48000.0	43000.0	-15.0	1.428	856.8
mcp2k	408304	1	9042	0	11	1	10	13	39.3	1.17	1137	1067	4847	5705	1.18	1.01		143.598	143.598	98.661	0.0	38.74	16.325	11	0.45339106314357436	0	0	0.0	0.0	1.354	0		12.0	12	48000.0	43000.0	-6.902	-0.148	382.2
mcp2k	408678	0	14003	0	11	1	6	12	42.6	1.22	1256	1288	5168	5927	1.15	0.89		293.379	293.379	216.244	0.0	85.577	46.006	11	100.0	0	0	0.0	0.0	1.504	0		24.0	11	48000.0	43000.0	-6.028	0.496	530.3
mcp2k	415278	0	23012	0	11	1	38	19	128.5	3.12	1584	2773	5542	5014	0.90	0.34		546.743	546.743	450.893	0.0	132.678	31.782	11	100.0	1	0	0.0	0.0	1.981	0		21.0	11	48000.0	43000.0	-3.118	0.121	2684.9
mcp2k	415278	2	23017	0	11	1	43	21	97.2	5.69	715	1902	7101	6013	0.85	0.81		479.965	479.965	526.458	0.0	163.276	47.492	11	100.0	0	1	2.047	0.0176	2.184	1	68.12	30.0	11	48000.0	43000.0	-3.118	0.121	2684.9
mcp2k	473358	1	19011	0	11	1	1	1	13.5	0.86	218	314	1355	3432	2.53	0.60		60.879	18.195	20.112	60.879	15.779	15.779	11	100.0	1	0	0.0	0.0	0.314	0		15.0	12	48000.0	43000.0	-15.0	-1.169	244.3
mcp2k	474612	0	5001	0	11	1	2	3	21.8	2.04	608	1131	5571	9326	1.67	0.81		90.638	90.638	63.963	0.0	28.379	19.716	11	100.0	1	0	0.0	0.0	1.475	0		15.0	13	48000.0	43000.0	-2.551	-2.133	90.6
mcp2k	475096	0	26028	0	11	1	1	1	16.1	0.90	365	341	7882	6673	0.85	1.08		63.427	65.62	48.94	63.427	16.993	16.993	11	100.0	0	0	0.0	0.0	1.313	0		18.0	11	48000.0	43000.0	-15.0	-0.28	228.5
mcp2k	475778	0	4000	0	11	1	2	3	40.5	0.94	1103	468	6426	8225	1.28	1.01		134.861	134.861	98.976	0.0	34.724	19.566	11	0.04236304704266772	0	0	0.0	0.0	1.677	0		21.0	11	48000.0	43000.0	-10.144	-0.938	142.0
mcp2k	47696	8	16000	0	11	1	1	7	19.0	0.86	357	464	6731	5174	0.77	1.81		113.849	113.849	80.738	0.0	29.043	20.165	11	0.4002523434966197	0	0	0.0	0.0	1.366	0		21.0	11	48000.0	43000.0	-1.15	-1.118	113.8
mcp2k	493439	2	11002	0	11	1	4	4	35.2	1.32	724	780	7017	9478	1.35	1.19		112.016	112.016	98.05	0.0	32.629	25.356	11	0.08121524457238383	0	0	0.0	0.0	1.519	0		24.0	10	48000.0	43000.0	-1.454	-0.995	120.2
mcp2k	494847	0	4005	0	11	1	3	3	11.9	0.81	194	158	5602	5919	1.06	1.03		33.806	33.806	20.971	0.0	9.126	8.668	11	100.0	1	0	0.0	0.0	1.086	0		3.0	14	48000.0	43000.0	-15.0	1.738	503.7
mcp2k	495881	0	2008	0	11	1	1	3	12.4	0.82	341	318	6237	6172	0.99	1.63		51.1	51.1	39.946	0.0	14.284	13.552	11	100.0	1	0	0.0	0.0	1.298	0		18.0	11	48000.0	43000.0	-15.0	-0.5	107.0
mcp2k	49745	0	3007	0	11	1	3	5	17.1	1.24	658	767	5960	5110	0.86	1.61		113.33	113.33	65.597	0.0	28.733	14.656	11	100.0	1	0	0.0	0.0	1.064	0		12.0	12	48000.0	43000.0	-6.065	-1.223	351.2
mcp2k	499423	0	11046	1	11	1	2	10	22.6	0.69	1011	813	5252	11194	2.13	0.93	29.5	183.043	183.043	129.631	0.0	49.456	29.544	11	100.0	1	0	0.0	0.0	1.374	0		18.0	7	48000.0	43000.0	-13.411	-0.659	391.2
mcp2k	499577	1	13057	0	11	1	3	8	24.0	0.76	644	531	7055	15769	2.24	1.28		96.547	96.547	77.565	0.0	24.034	19.237	11	100.0	1	0	0.0	0.0	2.723	0		18.0	11	48000.0	43000.0	-11.406	3.025	1403.4
mcp2k	500083	0	3002	0	11	1	3	6	34.7	1.62	1349	1470	7603	2705	0.36	1.37		171.605	171.605	166.274	0.0	30.594	14.532	11	100.0	1	0	0.0	0.0	1.51	0		12.0	11	48000.0	43000.0	-7.303	-1.369	185.3
mcp2k	500567	0	13003	1	11	1	4	4	27.9	0.07	486	22	8981	2089	0.23	2.87	6.3	41.641	48.593	41.641	0.0	11.056	6.32	211	100.0	0	0	0.0	0.0	1.871	0		3.0	12	48000.0	43000.0	-15.0	1.424	239.0
mcp2k	502525	0	19001	0	11	1	1	1	11.6	0.96	219	210	4513	5379	1.19	0.95		47.959	34.143	27.373	47.959	13.355	13.355	11	100.0	1	0	0.0	0.0	0.998	0		12.0	12	48000.0	43000.0	-15.0	1.363	375.4
mcp2k	51219	0	12033	0	11	1	3	5	42.5	-1.00	1850	870	5079	10831	2.13	0.78		103.168	103.168	71.002	0.0	28.532	26.389	11	100.0	1	0	0.0	0.0	1.78	0		3.0	13	48000.0	43000.0	-10.785	3.645	870.4
mcp2k	51260	0	7000	0	11	1	2	3	32.0	-1.00	880	359	5459	6457	1.18	1.20		82.367	82.367	64.905	0.0	24.644	24.006	11	100.0	1	0	0.0	0.0	1.443	0		15.0	13	48000.0	43000.0	-13.592	-1.437	94.9
mcp2k	51722	0	17019	0	11	1	7	8	37.5	2.44	713	1280	5382	5568	1.03	1.43		100.759	100.759	102.461	0.0	46.426	24.263	11	100.0	0	0	0.0	0.0	1.4	0		12.0	10	48000.0	43000.0	-2.895	-1.506	116.5
mcp2k	52044	0	18036	0	11	1	3	10	46.3	-1.00	390	14	4493	4746	1.06	0.94		51.473	51.473	37.372	0.0	11.442	7.655	11	100.0	1	0	0.0	0.0	1.229	0		3.0	14	48000.0	43000.0	-15.0	2.094	759.9
mcp2k	52693	0	18030	0	11	1	16	18	147.9	-1.00	438	228	4750	5620	1.18	0.66		175.933	175.933	218.671	0.0	100.015	4.911	11	100.0	0	0	0.0	0.0	1.756	0		3.0	28	48000.0	43000.0	-11.482	-0.539	820.9
mcp2k	53130	0	8001	0	11	1	1	3	27.5	0.99	1533	1200	4446	4961	1.12	0.37		60.652	60.652	60.397	0.0	31.203	30.198	11	100.0	1	0	0.0	0.0	0.961	0		6.0	10	48000.0	43000.0	-15.0	0.745	373.9
mcp2k	54332	0	16012	0	11	1	1	2	31.0	1.07	891	908	7664	20197	2.64	1.74		151.094	151.094	148.417	0.0	34.716	31.922	11	100.0	1	0	0.0	0.0	1.64	0		9.0	11	48000.0	43000.0	-15.0	-0.458	1461.5
mcp2k	55220	0	17005	0	11	1	1	1	12.3	1.02	262	281	6744	3668	0.54	1.67		48.57	47.141	31.969	48.57	13.461	13.461	11	100.0	1	0	0.0	0.0	1.253	0		15.0	11	48000.0	43000.0	-15.0	1.575	430.0
mcp2k	56972	0	17024	0	11	1	7	11	41.5	1.92	1540	2112	5638	5813	1.03	2.47		296.931	296.931	179.977	0.0	68.597	18.777	11	100.0	1	0	0.0	0.0	1.276	0		9.0	12	48000.0	43000.0	-4.609	-0.69	296.9
mcp2k	58006	0	8041	0	11	1	5	7	36.8	-1.00	511	73	4098	1529	0.37	0.04		58.58	58.58	37.301	0.0	17.338	13.238	11	100.0	1	0	0.0	0.0	1.462	0		9.0	11	48000.0	43000.0	-15.0	0.907	446.5
mcp2k	65948	0	8004	0	11	1	2	4	12.2	1.04	300	321	5138	4556	0.89	0.85		60.448	60.448	38.836	0.0	15.133	14.361	11	100.0	1	0	0.0	0.0	0.996	0		6.0	13	48000.0	43000.0	-15.0	0.726	775.4
mcp2k	66944	0	5020	0	11	1	2	2	45.0	-1.00	650	0	3262	5431	1.66	0.68		57.677	57.677	22.031	0.0	11.512	10.651	11	100.0	1	0	0.0	0.0	1.552	0		12.0	11	48000.0	43000.0	-15.0	-0.416	131.1
mcp2k	66944	1	5022	0	11	1	1	2	20.3	0.77	476	567	7717	5569	0.72	2.44		72.169	72.169	67.752	0.0	21.359	21.077	11	100.0	1	0	0.0	0.0	1.554	0		21.0	11	48000.0	43000.0	-15.0	-0.416	131.1
mcp2k	68748	8		0	11	1	1		14.0	1.43	182	409	5339	5794	1.09	1.13																					-15.0	1.786	1004.4
mcp2k	69006	0	11008	0	11	1	1	2	17.4	0.90	833	788	13479	4154	0.31	2.65		112.529	112.529	81.101	0.0	20.256	19.423	11	100.0	1	1	19.423	0.9589	2.277	1	0.0	18.0	11	48000.0	43000.0	-11.711	3.658	1012.4
mcp2k	69232	0	20025	0	11	1	5	6	57.8	1.66	1752	2269	4006	5158	1.29	0.31		216.165	216.165	144.391	0.0	54.452	32.211	11	100.0	0	0	0.0	0.0	1.354	0		24.0	11	48000.0	43000.0	-9.64	4.08	1032.8
mcp2k	69232	1		1	11	1	1		27.5	0.56	1466	930	1364	2288	1.68	1.26	30.6																				-9.64	4.08	1032.8
mcp2k	69314	0	3003	0	11	1	2	5	12.9	1.00	321	518	10032	8882	0.89	1.44		78.177	78.177	65.992	0.0	19.412	10.538	11	100.0	1	1	10.538	0.5428	2.024	1	9.78	9.0	11	48000.0	43000.0	-15.0	1.742	1712.0
mcp2k	69936	0	14007	0	11	1	1	2	14.5	1.01	338	567	4730	5487	1.16	1.09		53.663	53.663	38.673	0.0	18.95	18.649	11	100.0	1	0	0.0	0.0	1.243	0		15.0	13	48000.0	43000.0	-15.0	0.808	326.4
mcp2k	70084	2	20041	1	11	1	4	4	26.6	0.01	1637	810	6479	4194	0.65	1.40	18.9	67.389	161.253	67.389	0.0	25.1	18.942	211	100.0	0	0	0.0	0.0	1.361	0		15.0	11	48000.0	43000.0	-15.0	2.103	572.6
mcp2k	70222	0	12007	1	11	1	3	3	18.0	0.40	247	117	6428	5758	0.90	1.34	7.5	31.43	36.573	31.43	0.0	10.608	7.473	211	100.0	0	0	0.0	0.0	1.57	0		12.0	11	48000.0	43000.0	-15.0	1.796	1021.7
mcp2k	70640	0	13009	1	11	1	3	3	14.8	1.04	325	534	5959	21863	3.67	1.02	9.5	173.653	149.008	173.653	69.905	20.078	9.528	211	100.0	0	2	10.55	0.5255	3.937	2	9.26	6.0	11	48000.0	43000.0	-15.0	3.163	1047.5
mcp2k	71642	0	10120	0	11	1	22	15	124.8	1.29	1628	1946	5868	6481	1.10	0.70		398.562	398.562	308.71	0.0	70.668	26.339	11	100.0	1	1	17.891	0.2532	3.054	1	10.38	9.0	11	48000.0	43000.0	-3.041	1.227	1832.8
mcp2k	72099	0	12004	0	11	1	1	1	11.2	1.03	228	235	6685	5661	0.85	1.39		47.797	42.2	39.067	47.797	13.326	13.326	11	100.0	1	0	0.0	0.0	1.08	0		12.0	11	48000.0	43000.0	-15.0	-2.498	611.2
mcp2k	73038	0	24000	0	11	1	1	2	23.4	0.93	321	320	6415	4943	0.77	1.34		43.26	43.26	69.908	0.0	28.336	26.14	11	100.0	1	0	0.0	0.0	1.852	0		24.0	12	48000.0	43000.0	-15.0	-2.503	46.6
mcp2k	73336	1	11040	1	11	1	2	2	29.1	0.03	1609	168	5261	2015	0.38	2.59	23.5	55.398	131.575	55.398	0.0	23.86	23.512	211	100.0	0	0	0.0	0.0	0.946	0		18.0	13	48000.0	43000.0	-15.0	0.398	648.6
mcp2k	73538	0	14003	0	11	1	3	3	15.7	0.96	412	391	4718	6612	1.40	0.97		67.928	55.951	43.75	67.928	19.136	11.922	11	100.0	1	0	0.0	0.0	1.195	0		9.0	12	48000.0	43000.0	-15.0	0.847	507.4
mcp2k	73688	0	16042	0	11	1	1	4	12.2	1.06	263	287	4860	3676	0.76	1.63		61.069	61.069	38.272	0.0	15.879	14.192	11	100.0	1	0	0.0	0.0	1.012	0		15.0	11	48000.0	43000.0	-15.0	1.926	726.8
mcp2k	74146	0	14007	1	11	1	3	3	26.6	0.08	579	216	5620	2658	0.47	1.17	15.7	41.154	57.35	41.154	0.0	17.379	15.665	211	100.0	0	0	0.0	0.0	1.514	0		18.0	11	48000.0	43000.0	-15.0	0.935	549.7
mcp2k	74270	0	22004	0	11	1	2	2	17.1	0.74	499	386	5948	5675	0.95	1.59		68.725	55.971	45.271	68.725	19.516	4.932	11	100.0	1	0	0.0	0.0	1.239	0		3.0	13	48000.0	43000.0	-15.0	-1.494	68.7
mcp2k	74326	0	10007	1	11	1	4	4	49.5	0.36	892	325	1302	5390	4.14	0.27	25.3	48.623	57.911	48.623	0.0	34.402	25.346	211	100.0	0	0	0.0	0.0	1.501	0		24.0	11	48000.0	43000.0	-15.0	2.279	1677.9
mcp2k	74326	1	10014	0	11	1	3	3	49.4	-1.00	1701	641	7481	2491	0.33	1.41		171.114	171.114	103.68	0.0	25.072	23.489	11	100.0	1	0	0.0	0.0	1.533	0		18.0	13	48000.0	43000.0	-15.0	2.279	1677.9
mcp2k	75206	0	10007	0	11	1	6	9	56.6	-1.00	729	103	5386	2125	0.39	0.24		65.073	65.073	41.679	0.0	17.328	13.913	11	100.0	1	0	0.0	0.0	1.679	0		12.0	12	48000.0	43000.0	-15.0	2.462	499.9
mcp2k	75668	0	14000	0	11	1	1	1	13.7	0.92	215	322	4994	4811	0.96	0.99		52.728	32.021	29.239	52.728	14.167	14.167	11	0.23692601874910704	0	0	0.0	0.0	0.992	0		15.0	11	48000.0	43000.0	-15.0	-1.263	52.7
mcp2k	75862	2	10029	0	11	1	7	16	70.6	0.86	1988	1415	6854	2375	0.35	1.02		163.996	163.996	183.487	0.0	41.998	30.194	11	100.0	0	1	2.694	0.0642	3.576	1	25.28	3.0	17	48000.0	43000.0	-7.796	3.718	559.9
mcp2k	75954	0	21036	0	11	1	12	13	57.8	7.21	1278	5384	5454	1322	0.24	1.42		485.163	485.163	628.075	0.0	92.53	17.46	11	0.1914637993287678	0	1	7.879	0.0851	2.769	1	27.17	3.0	13	48000.0	43000.0	11.389	0.35	839.5
mcp2k	75954	1	21015	0	11	1	2	3	10.4	0.97	267	259	5327	5831	1.09	1.11		42.773	42.773	30.642	0.0	13.248	9.337	11	100.0	1	0	0.0	0.0	1.086	0		6.0	11	48000.0	43000.0	11.389	0.35	839.5
mcp2k	76350	0	12090	0	11	1	28	33	83.3	5.54	2173	5065	5003	26342	5.26	0.83		838.146	838.146	780.6	0.0	237.475	15.727	11	100.0	1	2	25.017	0.1053	5.724	1	62.43	12.0	11	48000.0	43000.0	-6.566	-0.398	1178.8
mcp2k	76350	1	12091	1	11	1	3	3	28.4	0.16	1684	53	2130	7756	3.64	0.44	15.0	34.592	56.909	34.592	0.0	21.412	14.989	211	100.0	0	0	0.0	0.0	1.459	0		9.0	11	48000.0	43000.0	-6.566	-0.398	1178.8
mcp2k	77328	0	16015	0	11	1	1	2	11.3	1.06	309	327	9154	10458	1.14	2.02		37.988	37.988	50.168	0.0	13.285	12.939	11	0.3202965609545069	0	0	0.0	0.0	1.998	0		12.0	13	48000.0	43000.0	-15.0	2.631	1054.9
mcp2k	78259	0	12006	0	11	1	2	2	13.6	0.86	220	315	4494	5932	1.32	0.58		27.806	27.806	28.373	0.0	12.524	11.432	11	100.0	1	0	0.0	0.0	0.953	0		15.0	11	48000.0	43000.0	-15.0	-0.757	204.9
mcp2k	83048	0	9000	0	11	1	1	2	14.7	1.03	392	647	4638	4170	0.90	1.11		39.791	39.791	33.391	0.0	16.084	16.04	11	100.0	1	0	0.0	0.0	0.906	0		15.0	12	48000.0	43000.0	-15.0	-1.947	39.8
mcp2k	91653	10	13005	1	11	1	2	2	25.3	0.36	1798	1033	4544	7756	1.71	0.74	18.8	58.732	101.186	58.732	0.0	21.642	18.765	211	100.0	0	0	0.0	0.0	1.459	0		18.0	12	48000.0	43000.0	-15.0	0.294	341.9
mcp2k	92904	0	15002	1	11	1	2	2	25.8	1.13	517	733	8726	18697	2.14	2.88	18.6	104.753	136.655	104.753	84.184	26.877	18.582	211	0.10855637371962577	0	0	0.0	0.0	1.907	0		18.0	11	48000.0	43000.0	-15.0	-1.022	249.3
mcp2k	93105	0	9004	0	11	1	1	4	13.1	0.85	334	475	5153	5486	1.06	2.24		56.331	56.331	48.228	0.0	18.704	14.341	11	100.0	1	0	0.0	0.0	1.118	0		15.0	12	48000.0	43000.0	-15.0	4.274	1121.2
mcp2k	94224	9	17013	0	11	1	3	3	69.7	1.04	1199	981	4541	7845	1.73	0.73		190.583	190.583	149.442	0.0	74.26	35.038	11	0.8597397157497677	0	0	0.0	0.0	1.216	0		30.0	12	48000.0	43000.0	-9.383	0.511	593.1
mcp2k	94392	0	5019	0	11	1	3	4	13.0	1.06	415	704	3220	1186	0.37	1.08		45.387	45.387	39.988	0.0	25.047	8.73	11	100.0	1	0	0.0	0.0	1.005	0		3.0	14	48000.0	43000.0	-15.0	1.271	1040.2
mcp2k	95412	0		1	11	1	1		13.4	0.62	454	507	9761	23918	2.45	1.94	15.5																				-15.0	1.525	1140.6
mcp2k	95899	1	69027	0	11	1	1	1	18.2	1.09	374	424	3518	2110	0.60	0.24		78.61	83.288	39.89	78.61	24.223	24.223	11	100.0	1	0	0.0	0.0	0.688	0		21.0	18	48000.0	43000.0	-15.0	2.751	1055.2
mcp2k	96383	0	14005	1	11	1	3	3	28.7	0.03	1921	237	3741	2384	0.64	1.08	15.0	41.505	40.031	41.505	0.0	19.48	15.041	211	100.0	0	0	0.0	0.0	1.35	0		21.0	11	48000.0	43000.0	-6.198	0.368	632.6
mcp2k	96383	1	14043	0	11	1	3	3	22.5	1.32	1665	2061	4633	5589	1.21	0.59		94.903	122.2	81.602	94.903	31.981	21.3	11	100.0	1	0	0.0	0.0	1.054	0		15.0	11	48000.0	43000.0	-6.198	0.368	632.6
mcp2k	96680	0	24010	0	11	1	2	5	21.7	0.78	653	558	7190	16008	2.23	0.72		107.714	107.714	89.899	0.0	26.515	4.81	11	100.0	1	0	0.0	0.0	1.613	0		3.0	15	48000.0	43000.0	-15.0	0.544	345.2
mcp2k	96864	0		1	11	1	1		15.8	0.64	469	346	6161	7393	1.20	1.95	16.3																				-15.0	2.033	345.2
mcp2k	98294	0	17002	1	11	1	18	18	91.0	0.81	2788	1886	6239	3363	0.54	5.06	16.3	286.007	315.617	286.007	0.0	69.342	16.29	211	100.0	0	1	16.29	0.2349	2.098	1	0.0	9.0	11	48000.0	43000.0	-15.0	0.727	441.6
mcp2k	98844	0	6019	1	11	1	26	9	140.2	0.27	1738	1455	4366	5200	1.19	1.38	32.8	241.88	326.923	241.88	0.0	138.677	32.76	211	100.0	0	0	0.0	0.0	1.655	0		18.0	16	48000.0	43000.0	-15.0	0.679	1252.8
mcp2k	99035	0	19009	0	11	1	1	2	14.8	0.96	425	675	6987	4990	0.71	1.52		64.561	64.561	46.884	0.0	17.921	16.176	11	100.0	1	0	0.0	0.0	1.139	0		15.0	11	48000.0	43000.0	-15.0	1.509	557.2
nuecc48	10550	0	7098	0	11	1	44	53	123.5	8.57	980	3471	5564	3233	0.58	1.22		723.192	723.192	540.2	0.0	178.253	19.727	11	100.0	1	3	16.829	0.0944	2.731	2	32.88	18.0	11	48000.0	43000.0	15.654	-1.035	850.0
nuecc48	111412	0	18051	0	11	1	23	31	128.2	2.49	1846	2840	5629	3606	0.64	1.52		812.897	812.897	546.606	0.0	162.521	45.323	11	0.16200843599654718	0	4	15.471	0.0952	3.631	2	42.13	27.0	11	48000.0	43000.0	9.044	-0.466	1180.6
nuecc48	116962	1	21070	1	11	1	8	8	62.9	0.57	2859	2287	6114	8116	1.33	1.87	31.9	148.191	159.546	148.191	0.0	42.653	31.865	211	100.0	0	0	0.0	0.0	1.572	0		6.0	12	48000.0	43000.0	-15.0	-0.085	848.0
nuecc48	122660	0	9117	1	11	1	3	3	18.8	0.38	479	397	5058	6713	1.33	1.78	14.6	40.469	66.353	40.469	0.0	16.056	14.634	211	100.0	0	0	0.0	0.0	1.399	0		21.0	11	48000.0	43000.0	-15.0	-0.033	1406.6
nuecc48	122660	1	9019	0	11	1	36	38	71.7	2.59	5957	10673	5618	7208	1.28	3.20		633.431	633.431	646.495	0.0	207.25	11.899	11	100.0	1	3	17.022	0.0821	4.232	1	0.0	3.0	16	48000.0	43000.0	-15.0	-0.033	1406.6
nuecc48	131357	0	12030	0	11	1	35	39	102.5	4.43	1717	3636	4844	9612	1.98	1.17		603.692	603.692	404.433	0.0	149.453	12.776	11	100.0	1	1	7.408	0.0496	2.745	1	13.68	9.0	11	48000.0	43000.0	11.055	-0.261	764.4
nuecc48	137238	0	144050	0	11	1	14	20	99.3	7.13	644	2097	5922	5035	0.85	1.54		555.349	555.349	478.382	0.0	142.854	26.968	11	0.20041478177825012	0	2	18.412	0.1289	2.958	2	27.66	15.0	11	48000.0	43000.0	-4.312	-0.261	1161.2
nuecc48	138009	0	12096	0	11	1	44	49	139.8	8.31	1946	6926	5790	5652	0.98	1.32		1111.942	1111.942	1274.119	0.0	238.921	21.153	11	0.42338015070650836	0	3	50.607	0.2118	3.955	2	19.51	12.0	12	48000.0	43000.0	6.747	-0.53	1352.5
nuecc48	163543	0	14019	1	11	1	11	11	47.0	0.26	6384	2976	5481	3734	0.68	2.41	16.3	414.217	394.632	414.217	0.0	87.049	16.292	211	100.0	0	1	5.894	0.0677	2.696	1	14.2	6.0	12	48000.0	43000.0	3.111	0.504	1304.1
nuecc48	163543	1	14121	0	11	1	5	5	59.7	0.72	196	116	6692	4376	0.65	0.54		37.009	37.009	37.642	0.0	12.906	6.777	11	100.0	1	0	0.0	0.0	1.394	0		6.0	12	48000.0	43000.0	3.111	0.504	1304.1
nuecc48	163543	2	14123	0	11	1	7	7	32.6	-1.00	661	435	2733	2524	0.92	0.57		56.629	56.629	59.196	0.0	27.179	8.988	11	100.0	1	0	0.0	0.0	1.433	0		9.0	11	48000.0	43000.0	3.111	0.504	1304.1
nuecc48	163543	3	14124	1	11	1	6	6	30.6	0.08	1588	783	3936	7867	2.00	0.61	26.8	73.95	63.742	73.95	0.0	34.167	26.796	211	100.0	0	0	0.0	0.0	0.918	0		12.0	11	48000.0	43000.0	3.111	0.504	1304.1
nuecc48	163543	4	14125	0	11	1	6	6	52.6	-1.00	1560	676	4909	6570	1.34	-0.11		102.53	102.53	61.954	0.0	26.159	18.617	11	100.0	1	0	0.0	0.0	1.369	0		18.0	11	48000.0	43000.0	3.111	0.504	1304.1
nuecc48	163543	5	14127	0	11	1	9	9	53.2	6.38	761	1981	3868	2102	0.54	0.65		115.748	115.748	98.549	0.0	44.799	30.469	11	100.0	1	0	0.0	0.0	1.428	0		15.0	4	48000.0	43000.0	3.111	0.504	1304.1
nuecc48	163543	6	14129	0	11	1	21	21	157.3	11.18	326	970	5301	4155	0.78	0.20		210.111	210.111	164.563	0.0	70.327	30.874	11	100.0	1	0	0.0	0.0	2.413	0		3.0	5	48000.0	43000.0	3.111	0.504	1304.1
nuecc48	168596	1	14167	0	11	1	62	67	156.2	10.46	1127	4521	4987	2198	0.44	0.17		1624.512	1624.512	1902.883	0.0	329.975	35.427	11	100.0	0	4	19.629	0.0595	4.559	2	29.76	18.0	11	48000.0	43000.0	6.846	0.672	2168.9
nuecc48	168596	2	14061	0	11	1	1	1	20.7	2.86	254	810	3704	6137	1.66	0.03		77.032	71.616	41.538	77.032	23.471	23.471	11	100.0	1	0	0.0	0.0	0.776	0		21.0	12	48000.0	43000.0	6.846	0.672	2168.9
nuecc48	172230	0	5027	0	11	1	47	56	154.3	8.95	923	3894	5486	5787	1.05	1.73		1303.622	1303.622	834.518	0.0	277.882	20.017	11	0.1490130543940152	0	1	6.226	0.0224	2.341	1	19.63	18.0	10	48000.0	43000.0	12.458	0.661	1507.9
nuecc48	174637	0	9016	0	11	1	38	42	119.7	3.44	1330	2422	5700	5845	1.03	1.19		753.411	753.411	680.214	0.0	160.656	11.558	11	100.0	0	2	17.209	0.1071	3.605	1	39.18	3.0	12	48000.0	43000.0	8.051	-0.907	877.3
nuecc48	174637	1	9029	0	11	1	1	1	28.1	2.03	610	1010	7294	5708	0.78	1.37		105.709	143.911	113.528	105.709	37.127	37.127	11	100.0	1	0	0.0	0.0	1.466	0		30.0	11	48000.0	43000.0	8.051	-0.907	877.3
nuecc48	196649	0	11111	0	11	1	53	55	109.8	5.63	1587	4184	5577	5032	0.90	2.14		1500.128	1500.128	1359.152	0.0	395.907	39.585	11	0.19737884387113344	0	2	6.755	0.0171	3.557	1	51.28	12.0	14	48000.0	43000.0	4.096	-0.344	1502.8
nuecc48	214469	0	16030	0	11	1	71	76	126.5	10.98	639	3187	5009	7364	1.47	1.24		1698.838	1698.838	1378.327	0.0	429.662	35.165	11	0.24311964137698078	0	4	17.719	0.0412	3.182	1	33.28	27.0	11	48000.0	43000.0	11.93	-1.057	2258.7
nuecc48	219295	0	15121	0	11	1	50	53	129.3	7.19	1829	5088	5297	4962	0.94	1.23		1301.736	1301.736	814.842	0.0	257.667	33.457	11	0.2031116703356929	0	3	21.07	0.0818	2.258	1	71.27	12.0	11	48000.0	43000.0	7.258	0.924	1669.4
nuecc48	234638	0	10043	0	11	1	47	55	191.4	5.33	766	2276	5906	6412	1.09	1.13		848.179	848.179	680.095	0.0	192.462	25.835	11	100.0	1	1	10.287	0.0535	3.467	1	34.92	6.0	11	48000.0	43000.0	10.937	0.151	1235.7
nuecc48	235435	0	2035	0	11	1	18	19	77.7	4.63	792	1981	6096	2057	0.34	4.65		738.448	738.448	687.465	0.0	124.673	30.165	11	0.18641070377189206	0	1	7.966	0.0639	5.592	1	36.25	27.0	13	48000.0	43000.0	7.683	-0.589	739.5
nuecc48	239794	0	2148	0	11	1	86	90	142.9	10.12	1173	4594	5329	2666	0.50	1.15		2487.368	2487.368	2206.229	0.0	447.187	18.75	11	0.23145955283601505	0	5	48.958	0.1095	6.213	2	30.99	12.0	10	48000.0	43000.0	14.808	-1.894	2727.9
nuecc48	246579	0	19044	0	11	1	69	75	158.2	8.61	1905	6631	3195	4506	1.41	1.30		1545.982	1545.982	1497.45	0.0	512.304	21.805	11	0.16773260840674198	0	3	31.249	0.061	4.42	1	0.0	6.0	10	48000.0	43000.0	12.855	-0.645	1725.1
nuecc48	256587	0	11139	0	11	1	126	146	193.4	6.19	1051	3060	4558	11626	2.55	1.28		3383.619	3383.619	3071.406	0.0	843.004	33.671	11	100.0	1	6	33.514	0.0398	6.184	2	62.18	18.0	11	48000.0	43000.0	11.423	-0.773	3671.2
nuecc48	267597	0	5040	0	11	1	60	64	148.4	8.19	1692	5394	5823	9238	1.59	1.32		1227.471	1227.471	822.942	0.0	271.166	15.627	11	100.0	0	1	15.627	0.0576	2.787	1	13.89	9.0	11	48000.0	43000.0	11.02	-1.056	1761.7
nuecc48	268067	1	15079	0	11	1	33	35	105.9	5.24	1017	3373	5182	15242	2.94	1.31		685.801	685.801	537.224	0.0	177.154	22.417	11	100.0	1	1	8.65	0.0488	2.476	1	24.85	6.0	11	48000.0	43000.0	9.737	0.246	1368.6
nuecc48	268784	1	13135	0	11	1	4	4	83.7	-1.00	997	0	4653	2260	0.49	1.82		68.921	68.921	42.605	0.0	16.809	13.364	11	100.0	1	0	0.0	0.0	1.112	0		15.0	11	48000.0	43000.0	6.287	0.123	1734.3
nuecc48	268784	2	13137	0	11	1	9	9	102.6	-1.00	1143	269	5211	6717	1.29	0.04		130.373	130.373	66.776	0.0	28.772	19.216	11	100.0	1	0	0.0	0.0	1.444	0		18.0	10	48000.0	43000.0	6.287	0.123	1734.3
nuecc48	268784	3	13138	0	11	1	20	20	120.7	20.96	980	4031	5486	6926	1.26	1.73		555.199	555.199	343.526	0.0	124.134	35.382	11	100.0	1	0	0.0	0.0	1.497	0		3.0	4	48000.0	43000.0	6.287	0.123	1734.3
nuecc48	268784	4	13139	0	11	1	12	14	114.3	17.27	727	1798	7309	2080	0.28	-0.10		222.394	222.394	256.809	0.0	76.385	28.005	11	100.0	1	0	0.0	0.0	2.433	0		3.0	5	48000.0	43000.0	6.287	0.123	1734.3
nuecc48	269774	0	87214	0	11	1	49	67	137.6	4.80	841	2263	5259	6638	1.26	1.02		1083.603	1083.603	865.68	0.0	248.024	26.994	11	0.11264007216546021	0	2	7.762	0.0313	4.329	1	60.57	3.0	13	48000.0	43000.0	9.54	-0.969	2328.2
nuecc48	271851	0		0	11	1	9		47.3	1.18	8607	7814	5961	2825	0.47	0.45																					3.234	0.398	1365.7
nuecc48	271851	1		1	11	1	11		100.6	0.33	4251	2026	4347	3164	0.73	-0.23	25.6																				3.234	0.398	1365.7
nuecc48	271851	2		1	11	1	3		22.0	0.09	1101	138	4977	5411	1.09	-0.01	12.5																				3.234	0.398	1365.7
nuecc48	271851	3		0	11	1	1		18.3	0.83	1572	1635	6343	7149	1.13	0.45																					3.234	0.398	1365.7
nuecc48	271851	4	23100	0	11	1	26	53	112.7	1.31	2074	2191	5280	7432	1.41	-0.01		1310.242	1310.242	1082.534	0.0	376.245	26.174	11	100.0	1	1	17.204	0.0457	2.204	1	6.41	6.0	22	48000.0	43000.0	3.234	0.398	1365.7
nuecc48	30504	0	11017	1	11	1	3	3	53.2	0.74	2521	2035	5845	6655	1.14	3.23	34.2	173.774	179.526	173.774	0.0	34.752	34.21	211	100.0	0	0	0.0	0.0	1.457	0		21.0	11	48000.0	43000.0	1.849	0.231	1307.6
nuecc48	30504	2	11071	0	11	1	42	43	128.3	4.62	4613	11386	5104	5059	0.99	3.41		836.724	836.724	572.299	0.0	206.319	44.425	11	100.0	0	3	15.058	0.073	2.5	1	51.16	9.0	12	48000.0	43000.0	1.849	0.231	1307.6
nuecc48	342199	1	20107	0	11	1	36	40	119.0	10.03	1131	4438	4929	5596	1.14	0.67		694.25	694.25	527.678	0.0	196.142	16.046	11	0.20716888269810338	0	1	2.204	0.0112	2.438	1	113.5	15.0	11	48000.0	43000.0	7.364	-0.748	1167.4
nuecc48	350186	0	6044	0	11	1	25	31	92.9	5.75	1794	5338	6031	7195	1.19	1.32		608.849	608.849	479.759	0.0	90.312	40.718	11	0.12421627592961833	0	1	4.96	0.0549	2.203	1	40.0	3.0	13	48000.0	43000.0	9.756	-0.822	624.0
nuecc48	360535	0	7061	0	11	1	58	67	107.4	4.39	1950	4563	4994	4768	0.95	1.05		1768.605	1768.605	2050.985	0.0	370.069	33.319	11	0.4536595869451311	0	6	50.977	0.1378	4.48	2	66.2	21.0	10	48000.0	43000.0	9.429	-0.972	2219.0
nuecc48	388	0	23030	1	11	1	27	27	85.9	0.42	775	451	5727	9220	1.61	1.14	23.5	677.089	724.457	677.089	0.0	142.134	23.53	211	100.0	0	1	12.469	0.0877	3.957	1	38.48	27.0	11	48000.0	43000.0	9.689	-1.796	2800.9
nuecc48	388	1	23035	0	11	1	53	56	79.0	5.20	861	2407	5271	5328	1.01	0.91		1830.206	1830.206	1449.154	0.0	291.481	23.948	11	100.0	1	5	35.768	0.1227	7.707	2	37.46	18.0	11	48000.0	43000.0	9.689	-1.796	2800.9
nuecc48	38856	0	12008	0	11	1	2	3	40.2	-1.00	2417	0	4247	10276	2.42	0.19		43.744	43.744	40.32	0.0	18.162	15.154	11	100.0	1	0	0.0	0.0	1.105	0		15.0	11	48000.0	43000.0	-4.134	0.174	1253.9
nuecc48	38856	1	12021	0	11	1	32	34	96.3	0.89	7312	6985	5192	4556	0.88	0.31		492.275	492.275	427.506	0.0	145.297	11.786	11	100.0	1	1	10.06	0.0692	2.225	1	12.4	6.0	11	48000.0	43000.0	-4.134	0.174	1253.9
nuecc48	38856	3	12084	0	11	1	2	2	45.2	-1.00	721	0	8778	3464	0.39	0.28		19.129	19.129	22.563	0.0	8.298	7.875	11	100.0	1	0	0.0	0.0	0.985	0		6.0	14	48000.0	43000.0	-4.134	0.174	1253.9
nuecc48	38856	4	12085	1	11	1	4	4	32.6	0.39	5628	2767	7465	6640	0.89	0.32	12.2	390.753	396.344	390.753	149.824	58.134	12.17	211	0.3312434444438326	0	0	0.0	0.0	2.553	0		6.0	11	48000.0	43000.0	-4.134	0.174	1253.9
nuecc48	400474	0	18035	0	11	1	47	48	139.1	2.93	2017	3292	5021	9268	1.85	1.01		1091.298	1091.298	839.708	0.0	253.748	27.656	11	100.0	1	4	30.666	0.1332	2.564	3	44.9	3.0	12	48000.0	43000.0	13.75	-0.234	1758.2
nuecc48	42280	0	8025	0	11	1	62	71	175.1	4.68	3057	6781	5997	7433	1.24	1.37		1757.219	1757.219	1629.625	0.0	472.962	18.078	11	0.12163842256114693	0	7	78.695	0.1664	4.806	2	16.72	15.0	11	48000.0	43000.0	14.074	-2.674	1846.9
nuecc48	422851	0	1020	0	11	1	59	72	133.1	5.96	890	2682	5001	5766	1.15	1.12		1119.083	1119.083	822.161	0.0	239.561	24.461	11	100.0	1	2	13.245	0.0553	2.372	1	32.24	21.0	12	48000.0	43000.0	12.153	-0.182	1269.0
nuecc48	423981	0	12094	0	11	1	31	34	90.6	6.92	1797	5617	5896	5165	0.88	1.92		784.179	784.179	477.722	0.0	177.292	37.515	11	100.0	1	0	0.0	0.0	1.78	0		18.0	11	48000.0	43000.0	13.106	-0.688	1909.2
nuecc48	433451	0	4040	0	11	1	103	115	195.9	2.65	882	1391	4956	6042	1.22	1.24		1880.035	1880.035	1862.413	0.0	438.109	27.407	11	100.0	0	5	36.624	0.0836	5.724	2	35.83	15.0	11	48000.0	43000.0	9.992	-1.245	2540.2
nuecc48	437699	0	11030	0	11	1	46	57	197.5	3.21	1222	2363	6158	9293	1.51	1.50		1228.102	1228.102	881.93	0.0	269.514	26.647	11	0.2031918937860442	0	1	4.052	0.015	2.294	1	186.72	9.0	10	48000.0	43000.0	8.545	-0.07	1397.2
nuecc48	444187	0	20028	0	11	1	15	15	59.3	2.49	1573	2651	5784	12850	2.22	1.11		591.654	591.654	465.105	0.0	124.036	15.183	11	100.0	1	1	6.642	0.0536	3.072	1	32.95	9.0	11	48000.0	43000.0	12.881	0.338	1194.0
nuecc48	447477	0	11013	0	11	1	32	44	160.4	2.48	3343	5041	6122	5257	0.86	1.96		817.505	817.505	704.884	0.0	194.686	39.591	11	0.24268935934898114	0	0	0.0	0.0	2.331	0		15.0	11	48000.0	43000.0	11.399	0.521	1080.1
nuecc48	46363	0	19073	0	11	1	64	79	156.4	2.40	1319	2107	5553	4715	0.85	0.93		1558.631	1558.631	1434.679	0.0	401.895	35.574	11	100.0	1	6	37.17	0.0925	3.374	2	40.97	12.0	14	48000.0	43000.0	8.257	0.452	1571.6
nuecc48	469665	3	15003	0	11	1	23	28	143.8	1.01	2496	1814	5059	1344	0.27	2.09		602.847	602.847	467.352	0.0	158.316	28.78	11	0.26787289195246133	0	0	0.0	0.0	1.876	0		27.0	11	48000.0	43000.0	4.924	-0.664	751.5
nuecc48	489330	0	4019	0	11	1	55	55	102.0	12.03	1515	7726	5404	6522	1.21	1.15		1374.069	1374.069	1397.479	0.0	320.035	22.22	11	0.29558138631234393	0	3	39.96	0.1249	4.982	2	21.2	18.0	11	48000.0	43000.0	14.062	0.053	2018.6
nuecc48	52672	0	82092	0	11	1	3	5	10.8	1.03	530	545	6774	5289	0.78	1.41		89.931	89.931	48.145	0.0	18.535	4.278	11	100.0	1	0	0.0	0.0	1.459	0		0.0	22	48000.0	43000.0	-10.832	-0.577	892.9
nuecc48	54095	0	17044	0	11	1	75	84	128.2	4.09	1101	2524	5270	5227	0.99	1.35		2489.772	2489.772	2570.141	0.0	518.573	19.687	11	0.20816822422085857	0	6	48.561	0.0936	8.402	2	69.18	15.0	11	48000.0	43000.0	11.256	-0.635	2806.8
nuecc48	69314	0	3003	0	11	1	2	5	12.9	1.00	321	518	10032	8882	0.89	1.44		78.177	78.177	65.992	0.0	19.412	10.538	11	100.0	1	1	10.538	0.5428	2.024	1	9.78	9.0	11	48000.0	43000.0	-15.0	1.742	1712.0
nuecc48	74544	0	12096	0	11	1	48	51	95.9	4.74	1879	4477	6476	3299	0.51	1.06		1915.02	1915.02	1613.973	0.0	344.377	14.942	11	0.13868882990514045	0	6	66.795	0.194	3.863	2	21.23	12.0	12	48000.0	43000.0	9.717	0.437	2041.5
nuecc48	81597	0	19009	0	11	1	53	57	99.1	4.63	1496	3231	4962	5706	1.15	0.98		1324.186	1324.186	1236.314	0.0	286.834	20.692	11	100.0	1	4	29.719	0.1036	4.205	2	46.1	18.0	10	48000.0	43000.0	16.256	-0.061	1472.5
nuecc48	90055	0	11162	0	11	1	31	46	153.4	4.69	1922	4339	4955	3949	0.80	0.57		860.489	860.489	425.784	0.0	193.067	45.612	11	100.0	1	0	0.0	0.0	1.689	0		33.0	7	48000.0	43000.0	8.885	-0.734	2551.2
nuecc48	90055	1	11163	0	11	1	29	37	154.4	25.51	1240	4557	5718	5196	0.91	1.58		1140.383	1140.383	1291.856	0.0	267.078	29.733	11	100.0	1	3	38.452	0.144	3.637	2	46.07	6.0	7	48000.0	43000.0	8.885	-0.734	2551.2
ncpi0	180801	1	15081	0	11	1	18	20	65.4	1.07	2627	3038	5028	9088	1.81	2.06		457.67	457.67	356.745	0.0	141.673	1.57	11	0.22637687234793702	0	0	0.0	0.0	1.992	0		0.0	14	48000.0	43000.0	-3.59	1.359	1302.5
ncpi0	21073	0	11115	0	11	1	37	35	83.3	3.88	6825	12797	3100	6972	2.25	0.02		612.93	612.93	466.924	0.0	219.457	10.476	11	100.0	1	1	6.816	0.0311	2.121	1	23.74	3.0	19	48000.0	43000.0	-2.5	-0.696	1623.7
ncpi0	285567	0	8103	0	11	1	14	10	78.7	3.47	2522	6173	5234	9631	1.84	1.64		140.267	140.267	91.471	0.0	26.908	11.493	11	100.0	1	0	0.0	0.0	2.529	0		0.0	14	48000.0	43000.0	-3.936	0.83	2169.1
ncpi0	285567	1	8108	1	11	1	4	4	23.1	0.13	944	376	7314	5689	0.78	0.75	15.4	81.962	81.962	60.67	0.0	20.695	15.413	11	100.0	1	0	0.0	0.0	1.38	0		12.0	12	48000.0	43000.0	-3.936	0.83	2169.1
ncpi0	285567	2	8005	0	11	1	4	4	31.1	-1.00	1162	0	10553	6823	0.65	1.60		120.947	120.947	134.417	0.0	21.347	2.15	11	100.0	1	1	14.545	0.8672	2.805	1	6.86	3.0	4	48000.0	43000.0	-3.936	0.83	2169.1
ncpi0	37112	1	84073	0	11	1	7	9	47.1	0.71	1054	253	7896	10318	1.31	0.74		228.437	228.437	156.592	0.0	41.287	1.021	11	0.2914421387673906	0	2	7.148	0.1731	2.096	1	44.91	0.0	26	48000.0	43000.0	-2.617	-0.614	1147.8
ncpi0	399860	0	17048	0	11	1	2	5	15.7	1.05	336	343	4945	4935	1.00	0.18		59.543	59.543	40.028	0.0	18.861	15.672	11	100.0	1	0	0.0	0.0	1.028	0		12.0	10	48000.0	43000.0	1.093	-0.467	978.2
ncpi0	399860	1	17051	0	11	1	38	39	99.3	4.58	2438	5910	5055	9255	1.83	0.46		913.831	913.831	721.197	0.0	254.15	4.356	11	100.0	0	3	30.546	0.1202	4.529	2	23.49	0.0	24	48000.0	43000.0	1.093	-0.467	978.2
ncpi0	463565	0	13015	0	11	1	31	32	80.4	1.13	4496	4913	5453	6391	1.17	0.37		539.927	539.927	391.107	0.0	130.157	5.389	11	100.0	1	2	13.226	0.1016	2.309	2	9.89	0.0	38	48000.0	43000.0	-15.0	-0.035	1481.0
ncpi0	506746	0	21054	0	11	1	2	3	12.5	0.98	300	477	5373	4551	0.85	1.12		60.142	60.142	43.281	0.0	18.882	8.979	11	100.0	1	0	0.0	0.0	1.288	0		6.0	12	48000.0	43000.0	-15.0	0.377	2140.9
ncpi0	506746	17	21046	1	11	1	6	6	58.5	0.47	647	280	5698	4017	0.70	1.97	10.6	77.435	77.435	60.903	0.0	20.25	10.599	11	0.198046609062255	0	0	0.0	0.0	1.485	0		12.0	11	48000.0	43000.0	-15.0	0.377	2140.9
ncpi0	56982	0	22023	0	11	1	11	17	34.9	8.55	1710	9673	8065	12082	1.50	4.44		563.718	563.718	459.946	0.0	89.391	20.914	11	0.2183205489542377	0	2	9.838	0.1101	2.75	2	32.26	15.0	11	48000.0	43000.0	-4.818	0.066	1268.5
ncpi0	56982	2	22030	1	11	1	2	2	25.8	0.14	244	17	6333	8013	1.27	1.32	6.7	20.581	17.654	20.581	0.0	7.568	6.67	211	100.0	0	0	0.0	0.0	1.549	0		6.0	12	48000.0	43000.0	-4.818	0.066	1268.5
ncpi0	56982	3	22104	0	11	1	4	4	34.0	2.60	1550	2869	4101	5684	1.39	1.09		129.228	127.925	92.553	129.228	48.327	25.224	11	100.0	1	0	0.0	0.0	0.836	0		21.0	11	48000.0	43000.0	-4.818	0.066	1268.5
ncpi0	56982	4	22106	0	11	1	20	27	93.8	1.39	1914	1295	5147	9195	1.79	0.44		318.203	318.203	219.919	0.0	86.866	20.925	11	100.0	1	0	0.0	0.0	1.737	0		12.0	11	48000.0	43000.0	-4.818	0.066	1268.5
