# doc pdhd/12 -- STM + Michel hand-scan sheet, det=pdvd arm=d53v
# NO verdict, NO stratum, NO chain flag: those are in the KEY.
# tranche INHERITED from HEAD:pdvd/docs/scan/pdvd_stm_michel_scan_sheet.tsv -- NOT drawn here (--pin-tranche).
# That draw was seed=20260907, tranche1=60, S1 cap 24, floor 8, stratified
# on ITS arm's is_stm/michel_found -- deliberately the PRE-doc-15
# meaning of michel_found, so the sample does not move with the
# quantity it measures.  0 key(s) absent from it are tranche 2.
scan_id	tranche	event	cluster	npts	muon_len_cm	n_near	n_far
4	1	039252_0	77	211	125.7	1108	7196
27	1	039252_15	77	189	113.08	1873	7611
30	1	039252_15	91	302	180.5	5677	7835
34	1	039252_16	88	505	304.52	1859	7820
47	1	039252_2	83	51	30.11	15603	7876
52	1	039252_3	40	442	264.9	3156	7699
55	1	039252_3	74	152	87.75	1854	7786
66	1	039252_6	114	361	224.66	2287	7960
81	1	039252_9	52	48	28.39	1318	7846
112	1	039253_13	102	1035	630.1	4990	7690
115	1	039253_14	49	449	269.21	3240	7604
117	1	039253_14	110	636	379.93	3517	7585
119	1	039253_15	36	537	321.81	2032	7469
124	1	039253_15	105	953	577.74	5434	7759
136	1	039253_2	34	38	22.43	232	7828
139	1	039253_2	89	429	256.55	2004	7748
141	1	039253_2	117	120	71.41	605	7811
144	1	039253_3	66	273	162.1	1435	7177
152	1	039253_5	107	44	25.8	703	7828
170	1	039253_8	59	468	280.75	3258	7670
171	1	039253_8	62	457	274.65	5164	7932
178	1	039349_0	68	469	279.32	2196	6868
181	1	039349_10	27	404	238.07	1968	7371
194	1	039349_12	45	155	120.39	448	6995
210	1	039349_15	59	424	253.68	1580	7586
221	1	039349_18	36	252	147.37	1962	7526
229	1	039349_2	38	121	70.94	1483	7748
241	1	039349_21	51	331	198.58	1262	7676
249	1	039349_22	64	785	477.04	3668	7162
261	1	039349_25	47	407	242.7	2164	7698
264	1	039349_26	18	126	74.16	788	7946
266	1	039349_26	40	45	27.45	4680	7622
270	1	039349_27	41	115	70.77	512	7573
273	1	039349_28	36	583	348.43	3097	7904
275	1	039349_28	52	147	91.7	1767	7987
281	1	039349_29	45	385	231.89	2369	6891
285	1	039349_3	46	29	16.8	1135	7037
314	1	039349_35	62	366	219.78	4426	7877
317	1	039349_36	41	89	51.8	403	7102
329	1	039349_38	60	200	119.4	1314	7279
337	1	039349_4	47	77	44.91	283	7478
342	1	039349_40	49	95	55.97	775	7207
352	1	039349_43	54	146	86.79	618	6758
368	1	039349_46	58	41	29.63	564	7493
376	1	039349_48	49	311	186.07	1585	7724
410	1	039349_54	54	305	181.37	1126	7539
436	1	039349_59	61	445	266.59	2295	7879
444	1	039349_61	18	167	99.29	1817	7160
460	1	039349_63	48	492	365.06	5854	7980
470	1	039349_64	71	430	257.4	2255	7441
474	1	039349_66	78	349	209.15	3419	7917
481	1	039349_67	78	141	83.73	973	7703
498	1	039349_7	67	99	57.95	777	7573
514	1	039349_72	65	432	266.96	2788	7972
524	1	039349_75	72	259	163.04	1015	7429
529	1	039349_76	75	291	181.26	1115	7517
554	1	039349_81	54	173	105.21	4327	7741
558	1	039349_82	52	172	103.27	768	7780
564	1	039349_83	60	287	172.86	1005	7397
568	1	039349_9	47	386	231.0	2137	7180
1	2	039252_0	35	504	309.06	2992	7860
2	2	039252_0	75	543	323.2	2814	7883
3	2	039252_0	76	607	362.92	2488	7923
5	2	039252_0	82	176	107.4	711	7241
6	2	039252_1	30	222	132.74	1573	7761
7	2	039252_1	36	401	236.69	2232	7724
8	2	039252_10	73	587	350.1	2358	7720
9	2	039252_10	103	222	139.76	1014	7832
10	2	039252_12	44	267	158.83	1080	7998
11	2	039252_12	45	145	86.63	622	7579
12	2	039252_12	88	73	43.58	852	7567
13	2	039252_12	90	210	125.68	1737	7960
14	2	039252_12	95	262	155.13	2413	7920
15	2	039252_12	114	105	62.34	1082	7998
16	2	039252_12	123	445	265.44	2115	7937
17	2	039252_12	130	1003	719.03	3893	7833
18	2	039252_13	66	230	170.34	1178	7491
19	2	039252_13	74	107	202.21	117	7567
20	2	039252_13	91	1200	738.25	5320	7749
21	2	039252_14	37	169	100.63	827	7761
22	2	039252_14	62	84	54.53	160	7788
23	2	039252_14	64	151	96.13	1873	7719
24	2	039252_14	81	177	105.6	11223	7984
25	2	039252_14	84	269	160.93	812	7762
26	2	039252_15	32	58	33.78	962	7661
28	2	039252_15	81	344	206.38	3634	7955
29	2	039252_15	82	59	34.71	826	7669
31	2	039252_16	32	226	133.38	1512	7835
32	2	039252_16	33	245	144.27	1716	7826
33	2	039252_16	40	122	72.55	1402	7840
35	2	039252_16	91	141	117.5	1321	7844
36	2	039252_16	98	28	16.2	379	7887
37	2	039252_16	108	110	80.76	461	7883
38	2	039252_16	110	261	155.64	1920	7817
39	2	039252_17	80	256	152.56	3217	7821
40	2	039252_17	88	115	68.46	638	7956
41	2	039252_17	90	323	193.67	4255	7766
42	2	039252_17	91	38	21.47	1613	7905
43	2	039252_17	104	285	194.58	1539	7909
44	2	039252_2	39	73	43.2	650	7844
45	2	039252_2	55	52	30.57	923	7833
46	2	039252_2	79	250	149.66	331	7857
48	2	039252_2	86	110	65.67	4844	7996
49	2	039252_2	87	265	162.9	1322	7817
50	2	039252_2	103	153	91.52	33810	7759
51	2	039252_2	109	256	152.0	1563	7808
53	2	039252_3	45	23	13.2	210	7895
54	2	039252_3	68	371	222.21	1919	7781
56	2	039252_3	75	56	33.0	232	7894
57	2	039252_3	90	186	116.59	522	7874
58	2	039252_4	55	257	150.83	1177	7617
59	2	039252_5	73	105	62.33	1198	7980
60	2	039252_6	26	408	246.58	1929	7979
61	2	039252_6	88	119	68.34	2493	7949
62	2	039252_6	90	108	64.42	786	7637
63	2	039252_6	98	126	74.31	1581	7997
64	2	039252_6	100	174	103.62	945	7629
65	2	039252_6	106	40	23.66	167	7668
67	2	039252_7	32	757	453.54	3895	7833
68	2	039252_7	34	235	140.22	941	7508
69	2	039252_7	37	162	96.2	776	7519
70	2	039252_7	98	190	113.38	7011	7610
71	2	039252_7	99	548	328.75	2477	7934
72	2	039252_8	32	298	177.52	2482	7808
73	2	039252_8	77	385	241.59	5299	7695
74	2	039252_8	82	277	166.33	1277	7856
75	2	039252_8	83	592	356.67	2708	7799
76	2	039252_8	93	77	45.24	1310	7855
77	2	039252_8	97	202	138.49	5219	7698
78	2	039252_8	102	179	106.89	658	7881
79	2	039252_9	31	36	21.18	119	7938
80	2	039252_9	49	244	145.19	1327	7845
82	2	039252_9	88	154	91.87	797	7886
83	2	039252_9	94	198	118.2	7525	7982
84	2	039252_9	101	170	113.38	1394	7840
85	2	039253_0	40	71	42.56	818	7392
86	2	039253_0	44	136	81.16	1190	7361
87	2	039253_0	87	168	100.08	663	7405
88	2	039253_0	99	73	46.66	763	7396
89	2	039253_0	102	25	14.4	218	7442
90	2	039253_0	110	147	87.91	634	7407
91	2	039253_1	36	380	226.71	1486	7787
92	2	039253_1	79	104	62.01	5997	7951
93	2	039253_1	98	155	92.97	5873	7957
94	2	039253_1	105	104	64.05	2299	7748
95	2	039253_1	116	732	489.46	3291	7701
96	2	039253_10	25	518	310.87	4044	7224
97	2	039253_10	35	276	165.87	2667	7362
98	2	039253_10	77	346	206.63	1713	7457
99	2	039253_10	93	395	243.45	3017	7327
100	2	039253_11	39	221	132.26	756	7726
101	2	039253_11	44	172	101.46	1677	7682
102	2	039253_11	80	56	33.0	1842	7674
103	2	039253_11	86	160	96.67	2005	7667
104	2	039253_11	106	523	311.42	2885	7625
105	2	039253_11	116	68	40.03	3985	7951
106	2	039253_12	35	344	205.78	3052	7861
107	2	039253_12	41	97	62.96	1261	7981
108	2	039253_12	69	65	38.74	266	7544
109	2	039253_12	88	70	42.69	350	7539
110	2	039253_13	39	84	50.03	535	7442
111	2	039253_13	73	240	141.67	1008	7405
113	2	039253_13	103	398	247.98	2442	7903
114	2	039253_14	47	521	312.04	3045	7617
116	2	039253_14	84	247	143.51	15445	7835
118	2	039253_15	30	525	314.27	2313	7982
120	2	039253_15	45	176	106.83	1421	7510
121	2	039253_15	77	323	192.81	1590	7498
122	2	039253_15	81	142	85.76	5744	7737
123	2	039253_15	99	176	104.92	2058	7467
125	2	039253_16	51	65	38.58	802	7153
126	2	039253_16	95	100	57.78	174	7232
127	2	039253_16	98	448	267.34	1729	7037
128	2	039253_16	109	340	202.47	1754	7034
129	2	039253_16	119	489	307.41	1928	7013
130	2	039253_17	44	468	600.63	2165	7845
131	2	039253_17	77	140	83.86	1973	7854
132	2	039253_17	91	210	122.12	10723	7807
133	2	039253_17	115	144	85.8	720	7917
134	2	039253_17	127	1327	835.58	7567	7973
135	2	039253_2	13	424	253.0	3246	7691
137	2	039253_2	75	149	93.66	2045	7746
138	2	039253_2	77	547	324.8	4626	7992
140	2	039253_2	102	656	391.2	4216	7647
142	2	039253_3	29	200	118.69	1441	7177
143	2	039253_3	61	330	197.62	2073	7098
145	2	039253_3	79	153	94.35	1762	7137
146	2	039253_4	79	64	37.32	6269	7460
147	2	039253_4	80	359	214.57	5678	7506
148	2	039253_4	91	549	328.65	6428	7448
149	2	039253_4	95	619	377.65	5901	7489
150	2	039253_5	32	225	134.03	1341	7801
151	2	039253_5	53	193	149.97	902	7819
153	2	039253_5	121	142	94.4	1447	7797
154	2	039253_6	31	107	62.31	510	7781
155	2	039253_6	34	425	256.46	2292	7644
156	2	039253_6	41	139	83.88	1573	7700
157	2	039253_6	76	133	79.61	1709	7689
158	2	039253_6	79	130	77.23	769	7761
159	2	039253_6	82	692	418.56	8899	7731
160	2	039253_6	85	45	27.14	171	7807
161	2	039253_6	90	116	159.72	484	7783
162	2	039253_7	64	424	251.93	1555	7806
163	2	039253_7	80	255	152.09	1968	7769
164	2	039253_7	92	142	83.9	638	7890
165	2	039253_8	27	50	29.51	742	7780
166	2	039253_8	28	331	197.8	1455	7749
167	2	039253_8	31	644	384.59	2702	7695
168	2	039253_8	40	415	247.29	1324	7754
169	2	039253_8	53	62	37.79	2383	7708
172	2	039253_8	64	38	22.2	2062	7722
173	2	039253_9	42	450	269.26	4049	7702
174	2	039253_9	75	258	153.02	2661	7768
175	2	039253_9	108	129	76.54	873	7853
176	2	039253_9	111	121	71.78	584	7867
177	2	039349_0	28	61	35.37	416	7164
179	2	039349_1	52	123	81.0	360	6820
180	2	039349_1	62	519	321.18	1939	6294
182	2	039349_10	54	114	85.63	1256	7442
183	2	039349_10	58	292	172.55	1922	7375
184	2	039349_11	19	83	48.83	414	7655
185	2	039349_11	24	524	314.44	2471	7362
186	2	039349_11	41	58	34.02	213	7684
187	2	039349_11	43	89	53.28	2047	7422
188	2	039349_11	46	146	87.73	1858	7449
189	2	039349_11	47	519	309.41	2437	7366
190	2	039349_12	19	383	228.76	1577	7972
191	2	039349_12	24	502	301.93	1662	7958
192	2	039349_12	27	46	26.87	150	7037
193	2	039349_12	44	236	403.78	497	6988
195	2	039349_12	49	314	186.28	1249	6880
196	2	039349_12	51	76	45.0	389	7003
197	2	039349_12	54	290	172.55	969	6920
198	2	039349_13	28	543	325.74	3413	7042
199	2	039349_13	29	530	316.7	1835	7358
200	2	039349_13	32	428	256.2	2429	7239
201	2	039349_13	56	38	26.07	189	7687
202	2	039349_13	60	154	91.78	613	7602
203	2	039349_14	22	129	76.15	764	7061
204	2	039349_15	17	166	120.73	542	7735
205	2	039349_15	18	63	43.56	831	7693
206	2	039349_15	23	164	97.83	749	7705
207	2	039349_15	29	89	52.91	1274	7630
208	2	039349_15	30	439	262.09	1729	7565
209	2	039349_15	45	212	126.79	876	7687
211	2	039349_16	56	118	121.85	2613	7435
212	2	039349_16	70	246	147.26	916	7605
213	2	039349_17	51	220	130.33	1529	7706
214	2	039349_17	52	144	85.76	1156	7799
215	2	039349_17	62	145	86.8	782	7893
216	2	039349_18	8	82	49.23	1580	7574
217	2	039349_18	9	155	92.92	2364	7476
218	2	039349_18	10	184	109.01	672	7687
219	2	039349_18	18	573	343.65	2526	7456
220	2	039349_18	33	96	57.8	759	7677
222	2	039349_18	39	143	87.84	1455	7590
223	2	039349_18	40	480	290.06	2633	7442
224	2	039349_19	24	153	90.33	959	7066
225	2	039349_19	52	314	186.69	1297	6999
226	2	039349_19	56	34	19.99	539	7150
227	2	039349_2	10	84	49.27	173	6675
228	2	039349_2	15	150	89.34	534	7938
230	2	039349_2	39	273	161.93	1548	7735
231	2	039349_2	41	173	127.56	1690	7707
232	2	039349_2	56	225	136.49	902	7864
233	2	039349_20	29	179	105.37	787	6754
234	2	039349_20	32	579	345.2	2090	6493
235	2	039349_20	41	73	42.78	312	6849
236	2	039349_20	73	467	279.38	2661	7973
237	2	039349_20	77	228	135.32	1122	6687
238	2	039349_20	79	546	326.48	3439	7779
239	2	039349_20	80	68	39.25	365	6838
240	2	039349_21	26	674	401.91	3392	7371
242	2	039349_22	22	113	67.0	1861	7388
243	2	039349_22	28	512	305.69	3236	7216
244	2	039349_22	39	364	227.03	1154	7476
245	2	039349_22	41	283	172.08	1052	7489
246	2	039349_22	45	637	448.94	2612	7294
247	2	039349_22	56	93	54.1	592	7546
248	2	039349_22	63	721	439.27	2634	7291
250	2	039349_23	28	481	289.52	2009	7982
251	2	039349_23	43	229	155.93	1921	7995
252	2	039349_23	54	268	160.2	1810	7009
253	2	039349_24	19	499	299.49	2316	7573
254	2	039349_24	21	55	61.52	1211	7794
255	2	039349_24	23	153	90.47	703	7895
256	2	039349_24	35	102	60.84	481	7940
257	2	039349_24	51	115	69.84	430	7950
258	2	039349_24	58	174	103.53	913	7853
259	2	039349_25	37	347	209.34	2544	7660
260	2	039349_25	43	169	126.27	2578	7657
262	2	039349_25	48	143	122.72	3251	7590
263	2	039349_26	16	327	194.07	1329	7901
265	2	039349_26	34	185	112.4	5079	7588
267	2	039349_26	51	316	186.12	1109	7919
268	2	039349_26	59	1042	623.82	5939	7517
269	2	039349_27	13	48	28.33	195	7613
271	2	039349_27	61	140	81.92	616	7560
272	2	039349_27	62	512	306.48	2261	7355
274	2	039349_28	42	202	166.88	3530	7877
276	2	039349_28	53	144	85.5	1108	7556
277	2	039349_28	57	451	267.5	3126	7902
278	2	039349_28	60	235	167.18	941	7566
279	2	039349_29	20	629	373.46	2906	6801
280	2	039349_29	40	509	304.95	2236	6913
282	2	039349_29	47	200	118.2	704	7168
283	2	039349_29	49	359	214.97	2044	6945
284	2	039349_3	26	279	166.23	1921	6925
286	2	039349_3	47	120	71.74	1023	7053
287	2	039349_3	50	56	33.23	1072	7046
288	2	039349_3	58	114	75.34	1231	7023
289	2	039349_30	21	493	294.34	4972	7364
290	2	039349_30	28	436	260.04	1359	7725
291	2	039349_30	41	725	448.72	8818	7754
292	2	039349_30	45	363	221.19	2636	7597
293	2	039349_30	66	750	457.04	4730	7388
294	2	039349_31	20	634	386.41	3293	7131
295	2	039349_31	29	329	195.14	1880	7307
296	2	039349_31	32	488	298.47	2298	7255
297	2	039349_31	39	80	47.04	1817	7315
298	2	039349_31	51	92	54.63	742	7450
299	2	039349_32	43	314	194.67	1875	7003
300	2	039349_32	52	544	324.2	2727	6861
301	2	039349_32	56	343	205.31	1729	7027
302	2	039349_32	58	444	265.29	2714	6863
303	2	039349_32	63	331	199.15	1276	7103
304	2	039349_32	68	284	179.67	1861	7005
305	2	039349_33	21	322	193.66	1227	7303
306	2	039349_33	45	520	700.43	1866	7240
307	2	039349_33	58	554	340.93	2698	7951
308	2	039349_33	66	941	573.71	3936	7814
309	2	039349_34	40	128	76.36	765	6954
310	2	039349_34	46	51	28.99	263	7038
311	2	039349_34	48	744	457.77	6921	7114
312	2	039349_35	24	183	109.53	603	7202
313	2	039349_35	30	136	80.87	517	7216
315	2	039349_35	75	901	555.38	4981	7766
316	2	039349_36	23	546	326.35	2365	6775
318	2	039349_36	46	244	145.8	1475	6924
319	2	039349_36	63	553	334.2	2559	6743
320	2	039349_36	64	160	95.59	2514	6750
321	2	039349_37	33	104	96.18	2179	7832
322	2	039349_37	39	446	260.94	1931	7848
323	2	039349_37	52	114	67.38	2692	7798
324	2	039349_37	67	1167	708.65	4247	7694
325	2	039349_38	27	647	390.78	3874	7750
326	2	039349_38	32	41	24.0	199	7380
327	2	039349_38	33	633	377.32	2367	7901
328	2	039349_38	57	459	274.56	1480	7990
330	2	039349_38	61	182	107.16	1493	7988
331	2	039349_38	67	339	210.59	1210	7288
332	2	039349_39	27	671	402.69	3276	6726
333	2	039349_39	46	410	244.92	1859	7009
334	2	039349_39	56	240	142.95	2499	6881
335	2	039349_4	26	610	364.24	5139	7853
336	2	039349_4	36	150	89.25	861	7406
338	2	039349_4	54	59	34.49	2237	7234
339	2	039349_4	56	406	242.25	1421	7336
340	2	039349_4	60	688	411.53	2604	7188
341	2	039349_40	42	302	179.53	1285	7080
343	2	039349_41	23	500	301.72	2020	7269
344	2	039349_41	51	271	162.95	1272	7376
345	2	039349_42	41	23	12.64	497	7893
346	2	039349_42	43	493	292.43	2450	7568
347	2	039349_42	45	157	93.41	3413	7407
348	2	039349_42	48	302	178.47	1320	7756
349	2	039349_42	52	322	190.69	1242	7769
350	2	039349_42	53	236	139.9	958	7816
351	2	039349_43	50	33	19.34	148	6852
353	2	039349_43	62	39	22.83	528	6776
354	2	039349_43	65	504	300.3	1947	6492
355	2	039349_43	66	300	190.72	1131	6656
356	2	039349_44	18	102	60.44	396	7622
357	2	039349_44	26	385	223.99	3532	7273
358	2	039349_44	28	42	24.07	894	7567
359	2	039349_44	53	171	102.91	655	7593
360	2	039349_44	66	427	260.14	3545	7272
361	2	039349_44	68	123	72.88	3618	7264
362	2	039349_44	72	88	102.89	1437	7506
363	2	039349_44	75	1267	772.53	6736	7782
364	2	039349_45	16	437	263.04	1743	7580
365	2	039349_45	25	81	47.42	405	7803
366	2	039349_45	52	685	412.79	4316	7151
367	2	039349_46	47	135	80.15	1445	7367
369	2	039349_47	24	478	294.43	1648	7332
370	2	039349_47	31	165	98.16	1136	7396
371	2	039349_47	57	422	261.88	833	7433
372	2	039349_47	59	261	155.66	1136	7396
373	2	039349_47	68	188	112.3	844	7432
374	2	039349_48	14	397	234.65	1808	7699
375	2	039349_48	21	370	224.99	2077	7669
377	2	039349_48	54	219	128.98	1494	7734
378	2	039349_48	58	445	265.45	2377	7636
379	2	039349_48	63	531	329.68	3071	7558
380	2	039349_49	48	498	298.14	2213	7462
381	2	039349_49	70	240	143.45	1395	7579
382	2	039349_49	72	36	74.14	307	7735
383	2	039349_5	54	536	321.11	3535	7520
384	2	039349_5	64	703	423.3	3702	7502
385	2	039349_5	65	58	34.2	853	7818
386	2	039349_50	15	109	64.2	418	7655
387	2	039349_50	17	141	84.35	850	7594
388	2	039349_50	45	432	261.53	1766	7463
389	2	039349_50	46	361	216.13	1382	7518
390	2	039349_50	58	56	32.55	168	7691
391	2	039349_51	16	121	71.28	509	7358
392	2	039349_51	17	103	61.28	420	7369
393	2	039349_51	21	156	92.38	486	7361
394	2	039349_51	24	446	281.32	1893	7185
395	2	039349_51	25	92	54.93	431	7368
396	2	039349_51	29	123	73.79	651	7340
397	2	039349_51	44	256	148.81	620	7344
398	2	039349_51	59	521	311.18	5466	7701
399	2	039349_52	36	335	201.29	2546	7668
400	2	039349_52	50	66	38.92	292	7949
401	2	039349_52	52	202	120.49	2352	7692
402	2	039349_53	20	220	131.21	1411	7909
403	2	039349_53	45	464	277.33	2542	7796
404	2	039349_53	46	498	305.15	2745	7776
405	2	039349_53	51	407	242.86	1869	7863
406	2	039349_53	56	74	43.39	296	7292
407	2	039349_54	18	515	309.06	1817	7453
408	2	039349_54	20	517	312.16	2432	7376
409	2	039349_54	30	221	130.01	820	7577
411	2	039349_54	56	47	27.06	355	7635
412	2	039349_54	62	134	80.13	946	7562
413	2	039349_54	65	253	149.52	1497	7493
414	2	039349_54	66	501	302.22	2078	7420
415	2	039349_55	24	526	312.65	2368	7411
416	2	039349_55	31	331	198.46	1335	7583
417	2	039349_55	55	374	222.93	3069	7294
418	2	039349_56	18	173	103.28	1353	7385
419	2	039349_56	23	390	231.56	2257	7272
420	2	039349_56	28	174	102.22	912	7440
421	2	039349_56	30	40	23.68	695	7467
422	2	039349_56	36	365	218.36	3612	7102
423	2	039349_56	41	440	360.73	2059	7296
424	2	039349_56	47	262	156.6	983	7431
425	2	039349_56	53	544	325.37	2008	7303
426	2	039349_57	22	487	291.12	2319	7743
427	2	039349_57	26	293	181.6	1585	7825
428	2	039349_57	27	260	151.71	1290	7858
429	2	039349_57	67	539	319.16	3115	7655
430	2	039349_58	21	43	24.94	214	7371
431	2	039349_58	69	70	41.19	976	7262
432	2	039349_58	72	218	129.94	917	7271
433	2	039349_59	14	42	24.87	108	6931
434	2	039349_59	25	148	87.72	632	6843
435	2	039349_59	29	266	157.84	1313	6730
437	2	039349_6	56	143	85.57	908	7042
438	2	039349_6	61	623	374.22	2508	6775
439	2	039349_6	62	496	295.79	2588	6762
440	2	039349_6	75	414	244.6	2120	6840
441	2	039349_60	40	549	328.94	2080	7401
442	2	039349_60	46	97	137.07	735	7625
443	2	039349_60	47	122	91.02	798	7615
445	2	039349_61	20	552	332.15	2209	7081
446	2	039349_61	21	195	115.09	667	7390
447	2	039349_61	30	302	179.14	2114	7100
448	2	039349_61	50	357	224.59	1308	7262
449	2	039349_61	51	150	89.34	1184	7286
450	2	039349_61	58	80	49.22	616	7400
451	2	039349_61	62	143	83.01	1058	7312
452	2	039349_62	32	569	340.73	3103	7931
453	2	039349_62	35	221	133.39	828	7123
454	2	039349_62	36	45	26.53	1331	7051
455	2	039349_62	63	341	204.29	1357	7047
456	2	039349_62	66	415	252.78	1940	6964
457	2	039349_62	70	145	86.69	1263	7061
458	2	039349_63	41	141	84.04	1316	7667
459	2	039349_63	47	175	119.92	3629	7457
461	2	039349_63	52	188	112.27	739	7719
462	2	039349_63	55	303	180.82	3732	7447
463	2	039349_63	67	1147	696.64	5066	7326
464	2	039349_64	24	316	188.3	1391	7565
465	2	039349_64	52	87	51.61	1216	7590
466	2	039349_64	58	352	211.67	1547	7543
467	2	039349_64	61	488	290.8	4580	7109
468	2	039349_64	65	65	38.55	456	7698
469	2	039349_64	70	182	108.26	1123	7603
471	2	039349_65	40	473	293.18	1622	7213
472	2	039349_66	32	234	139.53	1021	7228
473	2	039349_66	33	150	261.06	278	7320
475	2	039349_66	81	140	81.82	1335	7188
476	2	039349_67	37	332	196.98	1526	7592
477	2	039349_67	41	388	231.11	1806	7536
478	2	039349_67	64	366	218.42	1640	7569
479	2	039349_67	75	258	154.1	1491	7599
480	2	039349_67	76	127	75.6	539	7789
482	2	039349_68	24	74	44.25	303	7319
483	2	039349_68	28	341	204.58	2640	7941
484	2	039349_68	34	409	242.73	1667	7167
485	2	039349_68	38	572	341.59	2935	7905
486	2	039349_68	49	554	331.07	2330	7980
487	2	039349_68	63	172	102.0	2045	7125
488	2	039349_68	65	98	67.62	224	7328
489	2	039349_68	71	75	59.0	434	7304
490	2	039349_69	23	554	330.36	2775	7998
491	2	039349_69	56	192	113.78	3108	7970
492	2	039349_7	4	347	209.09	1228	7536
493	2	039349_7	29	641	383.09	3532	7344
494	2	039349_7	56	423	252.81	1682	7498
495	2	039349_7	57	169	98.32	1070	7549
496	2	039349_7	63	41	23.88	147	7626
497	2	039349_7	65	196	118.06	1813	7487
499	2	039349_70	20	235	139.66	1239	7105
500	2	039349_70	44	117	69.91	1416	7079
501	2	039349_70	56	658	391.4	2945	6861
502	2	039349_70	61	466	279.5	2234	6962
503	2	039349_71	27	30	40.98	41	7427
504	2	039349_71	28	443	264.81	1800	7994
505	2	039349_71	37	334	197.4	1570	7288
506	2	039349_71	43	163	100.73	1219	7320
507	2	039349_71	51	159	92.97	1773	7997
508	2	039349_71	59	385	228.25	1186	7323
509	2	039349_72	11	570	342.31	2363	7217
510	2	039349_72	19	752	447.33	2673	7984
511	2	039349_72	49	199	119.14	862	7367
512	2	039349_72	51	529	323.29	3568	7885
513	2	039349_72	54	153	90.72	643	7389
515	2	039349_73	25	204	121.61	1299	7628
516	2	039349_73	55	244	145.64	2536	7452
517	2	039349_73	60	45	26.35	133	7795
518	2	039349_73	62	194	115.89	833	7695
519	2	039349_73	72	192	114.71	1595	7586
520	2	039349_74	28	369	242.41	1103	7104
521	2	039349_74	47	272	162.92	2375	6892
522	2	039349_75	26	387	247.05	1775	7360
523	2	039349_75	69	553	331.26	3327	7940
525	2	039349_75	73	298	177.43	1157	7416
526	2	039349_76	23	482	285.95	3039	7242
527	2	039349_76	25	293	173.32	1365	7481
528	2	039349_76	27	326	194.73	2489	7321
530	2	039349_77	20	284	169.26	1775	7669
531	2	039349_77	26	457	301.43	1198	7727
532	2	039349_77	48	99	58.9	367	7810
533	2	039349_77	52	70	41.13	2440	7603
534	2	039349_77	63	259	154.54	1505	7696
535	2	039349_78	22	277	163.51	2283	7038
536	2	039349_79	26	251	147.52	2102	7494
537	2	039349_79	29	331	195.05	2531	7451
538	2	039349_79	71	484	291.85	2716	7433
539	2	039349_8	19	630	378.02	2445	6908
540	2	039349_8	52	547	326.21	2676	6862
541	2	039349_8	53	344	205.69	1170	7163
542	2	039349_8	54	177	105.56	936	7210
543	2	039349_80	27	59	34.9	168	7009
544	2	039349_80	48	93	54.43	86	7022
545	2	039349_80	56	588	353.13	3393	7765
546	2	039349_80	70	485	299.57	2154	6678
547	2	039349_81	14	298	187.6	1074	7180
548	2	039349_81	21	496	299.63	1704	7101
549	2	039349_81	25	141	84.31	536	7247
550	2	039349_81	41	64	37.65	1755	7095
551	2	039349_81	44	246	153.94	1044	7183
552	2	039349_81	45	109	124.21	1433	7135
553	2	039349_81	51	120	72.16	653	7232
555	2	039349_82	25	167	99.55	631	7803
556	2	039349_82	41	359	212.74	1589	7643
557	2	039349_82	48	429	255.5	2808	7440
559	2	039349_82	54	20	11.25	190	7876
560	2	039349_82	60	736	451.48	3439	7335
561	2	039349_83	23	355	210.69	3887	7961
562	2	039349_83	49	131	77.01	997	7398
563	2	039349_83	53	227	172.9	1348	7359
565	2	039349_83	68	115	67.24	941	7404
566	2	039349_9	19	67	39.62	578	7403
567	2	039349_9	20	318	191.32	1685	7245
569	2	039349_9	55	219	130.7	984	7345
