sample	evt	n_mu_nodes	E_mu	add_energy	Enu
mcp1k	166738	2	520.4	122.9	1495.2
mcp1k	166804	1	89.9	105.7	205.7
mcp1k	166870	1	68.2	122.9	608.7
mcp1k	167112	1	151.0	253.8	637.3
mcp1k	167684	1	10.6	105.7	157.9
mcp1k	168432	1	222.8	105.7	756.0
mcp1k	168526	2	818.1	630.0	2406.5
mcp1k	168614	1	441.8	105.7	548.6
mcp1k	168658	1	232.6	105.7	349.4
mcp1k	169356	0	0.0	287.7	1084.5
mcp1k	169488	0	0.0	8.6	97.7
mcp1k	169598	1	215.9	114.3	447.0
mcp1k	169620	1	427.9	122.9	1091.7
mcp1k	169626	0	0.0	0.0	623.4
mcp1k	169758	0	0.0	0.0	0.0
mcp1k	169774	1	1.6	0.0	60.2
mcp1k	169824	1	434.6	245.2	1062.6
mcp1k	169846	0	0.0	8.6	31.3
mcp1k	169890	1	370.5	105.7	477.6
mcp1k	170792	2	86.8	122.9	575.1
mcp1k	170808	1	116.7	114.3	713.6
mcp1k	170814	1	150.5	105.7	334.2
mcp1k	170880	0	0.0	17.2	186.5
mcp1k	170924	1	70.0	114.3	358.8
mcp1k	171358	2	73.4	122.9	413.5
mcp1k	171600	1	818.3	105.7	934.0
mcp1k	171892	1	1.2	105.7	106.9
mcp1k	172090	1	699.5	105.7	823.2
mcp1k	172266	2	283.9	122.9	724.8
mcp1k	172656	1	596.1	114.3	905.1
mcp1k	172788	2	590.5	211.3	811.0
mcp1k	172794	1	687.8	114.3	1030.7
mcp1k	172832	1	305.9	245.2	655.7
mcp1k	172942	1	67.9	105.7	616.4
mcp1k	173058	0	0.0	8.6	112.8
mcp1k	173146	1	335.0	253.8	829.9
mcp1k	173234	1	545.5	105.7	730.5
mcp1k	173498	1	405.7	245.2	760.2
mcp1k	174114	1	116.2	114.3	411.4
mcp1k	174224	1	790.4	114.3	1042.4
mcp1k	174422	1	324.2	105.7	431.8
mcp1k	174576	1	251.9	245.2	605.0
mcp1k	174752	0	0.0	0.0	56.7
mcp1k	174928	3	285.9	211.3	640.8
mcp1k	175016	0	0.0	8.6	84.3
mcp1k	175808	0	0.0	8.6	122.6
mcp1k	175896	0	0.0	0.0	325.9
mcp1k	276836	2	518.3	105.7	638.6
mcp1k	277276	1	330.1	122.9	746.7
mcp1k	277298	1	36.1	245.2	551.0
mcp1k	278046	1	56.6	253.8	666.9
mcp1k	278420	2	185.7	245.2	758.3
mcp1k	278640	1	311.9	105.7	430.7
mcp1k	278684	1	439.9	105.7	612.9
mcp1k	278785	1	464.0	245.2	757.9
mcp1k	278794	1	307.6	105.7	652.6
mcp1k	279190	0	0.0	8.6	66.6
mcp1k	279256	1	677.8	105.7	842.0
mcp1k	279445	1	302.0	114.3	429.4
mcp1k	279643	1	6.5	114.3	198.4
mcp1k	280017	1	6.5	114.3	281.1
mcp1k	280466	1	245.4	245.2	603.9
mcp1k	280598	1	106.3	384.8	761.5
mcp1k	280752	0	0.0	17.2	175.9
mcp1k	280774	0	0.0	156.8	713.4
mcp1k	280853	1	97.4	122.9	565.0
mcp1k	280972	1	1107.2	245.2	3449.4
mcp1k	280994	1	295.4	105.7	411.8
mcp1k	281214	1	8.0	262.4	495.0
mcp1k	281337	1	0.6	105.7	107.2
mcp1k	281485	0	0.0	8.6	543.9
mcp1k	281505	1	249.0	245.2	555.0
mcp1k	281507	1	299.9	114.3	527.7
mcp1k	281527	1	383.4	114.3	649.8
mcp1k	281595	1	808.5	253.8	1144.8
mcp1k	281639	0	0.0	8.6	371.2
mcp1k	281727	0	0.0	8.6	41.6
mcp1k	281837	2	383.4	359.5	1548.8
mcp1k	281953	1	225.2	105.7	331.3
mcp1k	282057	1	61.1	114.3	252.4
mcp1k	282072	1	744.4	253.8	1303.6
mcp1k	282204	2	241.5	114.3	814.5
mcp1k	282217	1	957.4	114.3	1292.9
mcp1k	282231	1	149.6	114.3	422.3
mcp1k	282385	1	372.5	114.3	594.6
mcp1k	282459	1	232.4	114.3	538.4
mcp1k	282666	1	314.3	253.8	968.1
mcp1k	282737	1	415.6	245.2	789.6
mcp1k	282899	2	323.8	105.7	484.4
mcp1k	282979	1	1.6	0.0	248.9
mcp1k	283009	2	154.3	219.9	591.8
mcp1k	283040	1	298.5	122.9	647.2
mcp1k	283091	1	296.1	114.3	551.0
mcp1k	283229	1	411.5	253.8	799.0
mcp1k	283463	1	40.9	253.8	429.8
mcp1k	283515	0	0.0	25.8	841.5
mcp1k	283595	0	0.0	8.6	247.8
mcp1k	283691	0	0.0	17.2	315.7
mcp1k	283713	2	1309.9	122.9	2020.1
mcp1k	283771	1	336.0	114.3	594.9
mcp1k	283905	1	283.3	105.7	388.9
mcp1k	283969	1	38.0	105.7	169.4
mcp1k	283991	1	320.5	114.3	591.6
mcp1k	284013	1	351.9	105.7	544.5
mcp1k	284103	1	396.4	114.3	687.6
mcp1k	284145	1	28.1	271.0	1613.1
mcp1k	284153	1	328.8	114.3	609.1
mcp1k	284200	0	0.0	17.2	586.8
mcp1k	284211	1	339.0	114.3	653.4
mcp1k	284235	1	34.8	105.7	382.8
mcp1k	284637	1	100.1	114.3	314.1
mcp1k	284657	1	208.9	253.8	775.6
mcp1k	284769	1	856.9	262.4	1424.2
mcp1k	284791	1	112.8	105.7	359.9
mcp1k	284794	1	633.8	114.3	880.7
mcp1k	285069	1	90.6	253.8	467.7
mcp1k	285253	2	192.7	105.7	300.8
mcp1k	285311	3	204.7	359.5	887.8
mcp1k	285366	1	182.6	105.7	292.8
mcp1k	285443	1	197.9	105.7	606.2
mcp1k	285467	1	252.6	105.7	386.8
mcp1k	285531	1	362.7	114.3	970.1
mcp1k	285564	1	97.0	114.3	346.4
mcp1k	285652	0	0.0	0.0	0.0
mcp1k	285665	0	0.0	139.6	434.6
mcp1k	285753	0	0.0	17.2	289.1
mcp1k	285929	2	699.0	350.9	1165.8
mcp1k	285971	1	655.5	105.7	816.5
mcp1k	286177	1	57.2	105.7	191.0
mcp1k	286180	1	105.7	122.9	440.0
mcp1k	286191	2	388.3	105.7	502.2
mcp1k	286241	1	705.7	105.7	828.8
mcp1k	286268	1	470.6	105.7	591.9
mcp1k	286353	1	630.1	245.2	900.4
mcp1k	286400	1	807.6	105.7	923.5
mcp1k	286527	1	82.5	114.3	268.8
mcp1k	286655	1	1.2	8.6	524.0
mcp1k	286681	2	597.2	271.0	2030.7
mcp1k	286818	1	130.6	105.7	275.2
mcp1k	286906	2	366.1	211.3	639.6
mcp1k	287007	1	122.2	253.8	528.5
mcp1k	287211	1	254.9	253.8	854.1
mcp1k	287249	1	334.6	114.3	535.9
mcp1k	287431	0	0.0	0.0	0.0
mcp1k	287517	1	343.4	253.8	702.5
mcp1k	287555	1	379.3	262.4	1176.7
mcp1k	287599	1	99.4	245.2	399.4
mcp1k	287621	2	303.2	211.3	676.0
mcp1k	287654	0	0.0	139.6	581.8
mcp1k	287825	1	298.9	114.3	520.0
mcp1k	287830	2	151.2	384.8	1059.5
mcp1k	288067	1	119.9	114.3	315.3
mcp1k	288287	1	588.3	131.5	1536.8
mcp1k	288327	1	261.3	105.7	462.6
mcp1k	288358	1	298.4	245.2	604.6
mcp1k	288639	2	375.5	114.3	647.2
mcp1k	288745	1	46.4	262.4	699.5
mcp1k	288859	1	782.1	105.7	909.9
mcp1k	288947	1	171.5	271.0	948.8
mcp1k	289141	0	0.0	0.0	0.0
mcp1k	289251	1	658.4	105.7	767.3
mcp1k	289559	1	381.5	131.5	898.5
mcp1k	289832	1	510.0	105.7	619.8
mcp1k	290052	1	201.7	114.3	502.8
mcp1k	290294	1	87.2	114.3	277.1
mcp1k	290729	1	295.0	114.3	514.0
mcp1k	291037	1	270.5	105.7	380.1
mcp1k	291064	1	392.6	105.7	498.2
mcp1k	291262	2	375.4	245.2	669.0
mcp1k	291372	0	0.0	8.6	107.5
mcp1k	291499	1	123.0	105.7	232.1
mcp1k	291548	1	190.2	122.9	583.4
mcp1k	291570	1	511.0	105.7	622.3
mcp1k	291961	2	265.3	262.4	998.0
mcp1k	292005	1	394.9	122.9	916.0
mcp1k	292027	1	667.0	114.3	1299.1
mcp1k	292384	2	1241.5	114.3	1678.6
mcp1k	292406	1	138.3	105.7	337.2
mcp1k	292533	1	622.3	114.3	1119.4
mcp1k	292577	1	179.8	105.7	290.6
mcp1k	292643	2	500.2	211.3	1035.4
mcp1k	292687	1	258.3	122.9	763.2
mcp1k	292797	0	0.0	0.0	0.0
mcp1k	293149	1	0.8	0.0	302.5
mcp1k	313781	0	0.0	0.0	110.9
mcp1k	313847	2	652.0	114.3	1174.2
mcp1k	313979	1	607.2	114.3	919.0
mcp1k	314507	2	275.5	105.7	432.8
mcp1k	314705	0	0.0	8.6	115.9
mcp1k	315013	1	501.1	139.6	724.2
mcp1k	315167	3	163.6	253.8	1677.9
mcp1k	315343	0	0.0	17.2	391.9
mcp1k	315497	2	739.5	105.7	907.9
mcp1k	315849	1	198.2	105.7	314.5
mcp1k	315871	1	244.3	245.2	578.4
mcp1k	316003	0	0.0	8.6	232.6
mcp1k	316025	1	211.1	140.1	837.3
mcp1k	316311	1	208.8	114.3	489.9
mcp1k	316553	1	606.1	105.7	720.8
mcp1k	316729	1	281.0	114.3	657.7
mcp1k	317191	1	204.7	253.8	1048.4
mcp1k	317741	2	43.7	105.7	249.8
mcp1k	317939	1	364.4	384.8	1311.3
mcp1k	318049	0	0.0	0.0	0.0
mcp1k	318731	1	206.3	114.3	478.1
mcp1k	319039	1	195.4	8.6	682.1
mcp1k	319611	1	274.0	114.3	462.3
mcp1k	320029	1	519.3	105.7	657.2
mcp1k	320667	1	58.3	139.6	647.9
mcp1k	320865	1	360.7	245.2	771.4
mcp1k	321107	1	553.1	245.2	808.6
mcp1k	321173	1	315.7	245.2	630.8
mcp1k	321371	1	171.6	279.1	643.0
mcp1k	321767	1	608.4	114.3	1067.6
mcp1k	321789	1	101.6	105.7	210.4
mcp1k	345633	1	38.0	384.8	601.1
mcp1k	346623	0	0.0	17.2	242.5
mcp1k	347085	1	158.2	384.8	934.3
mcp1k	347129	1	39.0	105.7	356.3
mcp1k	348471	1	181.7	114.3	1045.9
mcp1k	348515	2	137.5	114.3	413.8
mcp1k	348691	3	1119.3	245.2	1760.2
mcp1k	348713	0	0.0	139.6	396.4
mcp1k	348845	1	191.3	245.2	554.4
mcp1k	349087	0	0.0	17.2	257.1
mcp1k	349241	1	149.6	245.2	474.6
mcp1k	349461	2	359.8	114.3	837.4
mcp1k	349549	1	162.4	114.3	1167.9
mcp1k	349835	2	143.4	219.9	605.5
mcp1k	349879	1	609.2	114.3	1003.9
mcp1k	349945	2	474.7	219.9	1011.5
mcp1k	350099	1	346.6	105.7	477.6
mcp1k	350121	2	440.2	114.3	1209.5
mcp1k	350297	1	598.1	114.3	773.4
mcp1k	350935	2	447.9	350.9	1003.3
mcp1k	351639	0	0.0	0.0	0.0
mcp1k	351705	1	296.3	105.7	401.9
mcp1k	351749	0	0.0	8.6	149.3
mcp1k	352123	1	82.2	114.3	498.7
mcp1k	352233	2	354.3	105.7	525.6
mcp1k	353223	1	130.3	105.7	307.0
mcp1k	353729	1	121.1	105.7	246.1
mcp1k	353751	1	301.5	114.3	700.1
mcp1k	386332	1	99.2	114.3	312.7
mcp1k	386442	1	1.1	0.0	248.8
mcp1k	386948	0	0.0	139.6	1173.7
mcp1k	387102	0	0.0	0.0	0.0
mcp1k	387850	2	483.6	105.7	590.8
mcp1k	388026	1	655.5	114.3	977.9
mcp1k	388224	1	456.8	262.4	1228.1
mcp1k	389588	0	0.0	8.6	80.8
mcp1k	389874	0	0.0	0.0	64.8
mcp1k	390182	3	379.5	376.7	1302.7
mcp1k	390842	1	898.6	105.7	1013.4
mcp1k	390864	1	211.6	384.8	709.9
mcp1k	390996	0	0.0	0.0	11.7
mcp1k	391238	1	0.6	105.7	109.5
mcp1k	391260	1	259.5	114.3	563.9
mcp1k	391766	1	718.6	105.7	824.2
mcp1k	391854	0	0.0	0.0	0.0
mcp1k	392552	1	565.3	105.7	682.6
mcp1k	393042	1	955.6	105.7	1112.9
mcp1k	393212	1	2.6	17.2	628.7
mcp1k	393608	1	141.3	105.7	250.5
mcp1k	394532	0	0.0	0.0	183.0
mcp1k	394642	1	742.6	105.7	874.7
mcp1k	394796	1	352.3	245.2	848.4
mcp1k	395148	2	409.8	350.9	976.5
mcp1k	395390	0	0.0	8.6	82.9
mcp1k	395610	3	795.2	211.3	1010.8
mcp1k	395654	1	485.7	105.7	638.2
mcp1k	395962	1	108.4	384.8	663.2
mcp1k	397480	1	2.3	105.7	122.7
mcp1k	397722	1	179.1	114.3	372.6
mcp1k	397920	1	633.5	114.3	840.0
mcp1k	398084	0	0.0	0.0	63.3
mcp1k	398238	0	0.0	0.0	0.0
mcp1k	398260	3	387.1	211.3	764.0
mcp1k	398414	0	0.0	0.0	60.8
mcp1k	398436	1	0.6	105.7	109.2
mcp1k	398514	0	0.0	8.6	12.1
mcp1k	398690	1	613.4	105.7	817.7
mcp1k	399052	0	0.0	8.6	847.9
mcp1k	399118	1	366.0	105.7	789.3
mcp1k	399328	0	0.0	0.0	85.9
mcp1k	399702	1	622.9	105.7	728.6
mcp1k	399856	1	176.1	105.7	282.8
mcp1k	399998	1	100.2	253.8	515.9
mcp1k	400054	0	0.0	8.6	100.3
mcp1k	400274	0	0.0	0.0	0.0
mcp1k	400460	2	433.9	105.7	552.5
mcp1k	400504	1	159.2	105.7	470.6
mcp1k	400592	1	548.1	114.3	801.8
mcp1k	400636	1	605.9	105.7	740.4
mcp1k	400856	1	241.3	105.7	348.5
mcp1k	401054	1	28.4	245.2	313.2
mcp1k	401252	1	150.9	114.3	603.8
mcp1k	401450	1	30.0	245.2	1643.0
mcp1k	401516	1	397.6	114.3	739.4
mcp1k	401626	1	259.6	105.7	510.6
mcp1k	401780	2	425.6	105.7	531.6
mcp1k	402330	1	96.2	114.3	311.8
mcp1k	402506	0	0.0	8.6	15.4
mcp1k	402880	1	192.6	105.7	313.5
mcp1k	404244	1	278.2	245.2	761.0
mcp1k	404684	0	0.0	25.8	665.6
mcp1k	405234	1	93.5	114.3	305.6
mcp1k	405432	1	227.1	114.3	569.1
mcp1k	405454	1	0.7	105.7	107.1
mcp1k	405674	1	397.7	114.3	643.8
mcp1k	405740	1	84.5	105.7	199.4
mcp1k	406444	0	0.0	8.6	11.3
mcp1k	406642	1	1.6	105.7	107.3
mcp1k	406752	1	91.5	245.2	376.3
mcp1k	406796	1	235.1	384.8	737.1
mcp1k	407148	1	366.2	114.3	927.1
mcp1k	407170	0	0.0	0.0	0.0
mcp1k	407280	4	907.6	114.3	1139.4
mcp1k	407918	1	233.9	245.2	779.8
mcp1k	408028	1	67.9	114.3	446.2
mcp1k	408094	0	0.0	0.0	0.0
mcp1k	408534	1	223.5	105.7	386.0
mcp1k	409282	0	0.0	0.0	0.0
mcp1k	409546	1	63.9	114.3	301.2
mcp1k	409634	0	0.0	8.6	408.7
mcp1k	409920	1	0.8	8.6	123.5
mcp1k	409942	1	122.9	262.4	745.9
mcp1k	409964	1	279.5	245.2	795.5
mcp1k	410008	1	111.7	114.3	362.9
mcp1k	411460	1	57.4	384.8	471.8
mcp1k	412208	3	193.6	350.9	552.4
mcp1k	48367	1	419.0	105.7	937.8
mcp1k	486247	1	135.8	105.7	370.0
mcp1k	486687	1	684.8	245.2	1271.6
mcp1k	486907	1	91.0	114.3	1022.3
mcp1k	487303	1	298.5	114.3	502.7
mcp1k	487853	0	0.0	8.6	341.7
mcp1k	488139	1	344.7	114.3	539.3
mcp1k	488755	1	111.8	114.3	317.8
mcp1k	48895	1	424.8	105.7	534.1
mcp1k	489327	1	910.4	114.3	1484.8
mcp1k	489503	2	40.9	245.2	683.4
mcp1k	490361	1	128.4	122.9	636.0
mcp1k	490581	1	529.4	105.7	635.0
mcp1k	490779	0	0.0	8.6	121.2
mcp1k	490977	2	379.8	105.7	499.2
mcp1k	491483	0	0.0	8.6	342.6
mcp1k	492649	1	210.0	105.7	435.7
mcp1k	492803	1	560.0	253.8	933.7
mcp1k	492913	1	144.4	105.7	266.4
mcp1k	493243	1	441.8	105.7	562.5
mcp1k	49951	1	153.1	122.9	675.2
mcp1k	50303	1	83.8	114.3	394.1
mcp1k	50743	0	0.0	8.6	15.5
mcp1k	50831	0	0.0	8.6	232.3
mcp1k	51051	1	586.3	114.3	812.2
mcp1k	51513	1	180.6	245.2	473.7
mcp1k	51865	1	2.2	105.7	107.8
mcp1k	52085	1	261.1	114.3	675.7
mcp1k	52657	1	255.4	105.7	384.6
mcp1k	52723	1	168.6	114.3	397.6
mcp1k	53361	1	281.3	105.7	503.6
mcp1k	53427	1	467.3	122.9	799.4
mcp1k	53713	0	0.0	8.6	32.6
mcp1k	54175	2	436.9	105.7	688.5
mcp1k	54341	1	81.6	114.3	780.4
mcp1k	54351	1	127.1	253.8	710.5
mcp1k	55539	1	464.3	105.7	618.2
mcp1k	55595	1	470.6	114.3	730.0
mcp1k	55627	1	438.2	114.3	696.8
mcp1k	55715	1	67.4	122.9	603.4
mcp1k	55957	0	0.0	8.6	15.8
mcp1k	56211	1	35.8	114.3	302.3
mcp1k	56243	1	193.2	114.3	778.3
mcp1k	56463	1	965.0	245.2	1430.7
mcp1k	57441	1	255.4	105.7	377.3
mcp1k	57485	1	135.6	131.5	604.5
mcp1k	57575	1	690.0	105.7	805.2
mcp1k	57661	3	340.4	350.9	779.8
mcp1k	57883	1	228.5	253.8	844.5
mcp1k	57903	1	154.5	114.3	562.4
mcp1k	58321	1	358.1	122.9	999.7
mcp1k	58343	0	0.0	0.0	0.0
mcp1k	58345	1	140.9	105.7	249.6
mcp1k	58607	1	61.3	384.8	518.7
mcp1k	58653	1	236.8	105.7	355.2
mcp1k	58717	1	12.4	114.3	301.3
mcp1k	58755	1	81.6	105.7	340.0
mcp1k	59003	1	734.5	105.7	842.9
mcp1k	59025	1	613.3	114.3	1202.0
mcp1k	59047	0	0.0	0.0	0.0
mcp1k	59085	1	24.8	8.6	142.2
mcp1k	59093	1	285.2	245.2	623.9
mcp1k	59179	2	400.0	114.3	703.2
mcp1k	59247	1	384.7	105.7	491.6
mcp1k	59261	1	240.6	8.6	326.4
mcp1k	59335	1	185.6	245.2	459.5
mcp1k	59371	1	255.4	114.3	567.6
mcp1k	59553	1	188.1	105.7	302.3
mcp1k	59685	1	260.8	114.3	845.4
mcp1k	59753	0	0.0	8.6	29.2
mcp1k	59899	0	0.0	17.2	353.7
mcp1k	59929	1	334.1	114.3	571.5
mcp1k	60017	1	136.7	105.7	247.1
mcp1k	60669	1	193.5	122.9	640.9
mcp1k	60933	1	343.5	253.8	762.3
mcp1k	61071	0	0.0	8.6	71.5
mcp1k	61351	1	830.7	105.7	946.2
mcp1k	61417	1	360.0	114.3	683.8
mcp1k	61461	1	236.0	253.8	910.4
mcp1k	61579	2	485.2	245.2	855.7
mcp1k	61681	1	262.9	114.3	509.9
mcp1k	61843	1	93.2	245.2	628.6
mcp1k	62149	1	254.6	114.3	699.7
mcp1k	62281	2	352.0	350.9	755.8
mcp1k	62459	1	458.7	253.8	897.9
mcp1k	62495	1	166.6	114.3	517.0
mcp1k	62561	1	29.2	105.7	134.9
mcp1k	62583	1	65.0	114.3	417.4
mcp1k	62613	1	697.4	105.7	805.4
mcp1k	62721	0	0.0	8.6	87.7
mcp1k	63163	1	428.3	105.7	554.1
mcp1k	63359	0	0.0	148.2	348.3
mcp1k	63427	1	131.6	114.3	528.7
mcp1k	63537	1	2.6	105.7	134.0
mcp1k	63551	1	247.3	105.7	353.5
mcp1k	63559	1	388.4	253.8	758.3
mcp1k	63603	1	195.4	122.9	816.0
mcp1k	63669	1	432.8	105.7	542.6
mcp1k	64409	0	0.0	8.6	1011.7
mcp1k	64475	2	604.4	219.9	1092.0
mcp1k	64503	1	146.7	105.7	255.3
mcp1k	64591	0	0.0	139.6	637.3
mcp1k	64613	1	0.1	105.7	106.9
mcp1k	64717	0	0.0	25.8	523.4
mcp1k	64921	5	422.1	325.6	1010.0
mcp1k	64959	1	230.0	105.7	397.4
mcp1k	65025	1	121.4	105.7	237.1
mcp1k	65053	1	284.9	105.7	513.4
mcp1k	65267	0	0.0	0.0	34.2
mcp1k	65289	1	197.2	271.0	1308.4
mcp1k	65295	1	175.8	105.7	281.9
mcp1k	65999	1	90.8	105.7	264.9
mcp1k	66118	1	193.5	114.3	443.2
mcp1k	66272	2	38.8	105.7	230.6
mcp1k	66646	1	72.3	114.3	239.6
mcp1k	66712	1	180.3	122.9	765.6
mcp1k	67394	3	177.4	368.1	1193.7
mcp1k	67746	1	426.4	105.7	532.0
mcp1k	68648	1	96.8	105.7	215.4
mcp1k	68714	1	238.7	114.3	450.0
mcp1k	68956	1	188.0	114.3	610.6
mcp1k	68978	1	365.8	114.3	600.8
mcp1k	71046	1	455.8	114.3	639.5
mcp1k	71178	1	32.7	245.2	455.5
mcp1k	71222	2	407.5	114.3	933.5
mcp1k	71266	1	240.4	105.7	348.2
mcp1k	71530	0	0.0	0.0	54.7
mcp1k	71640	1	565.7	105.7	771.2
mcp1k	72256	1	185.5	114.3	419.0
mcp1k	72586	1	711.1	245.2	981.5
mcp1k	73004	2	306.6	359.5	933.3
mcp2k	100080	1	117.7	105.7	225.2
mcp2k	100135	0	0.0	0.0	144.3
mcp2k	100157	1	329.9	114.3	464.1
mcp2k	100190	0	0.0	0.0	0.0
mcp2k	100222	1	151.9	105.7	2656.3
mcp2k	100245	0	0.0	156.8	563.5
mcp2k	100322	1	353.7	105.7	481.7
mcp2k	100420	1	287.8	114.3	534.2
mcp2k	100421	1	559.0	105.7	716.0
mcp2k	100564	1	345.4	114.3	608.7
mcp2k	100640	1	120.0	245.2	397.1
mcp2k	100728	0	0.0	0.0	0.0
mcp2k	101004	0	0.0	139.6	162.9
mcp2k	101224	1	148.2	114.3	364.4
mcp2k	101454	4	596.9	350.9	993.8
mcp2k	101466	0	0.0	8.6	101.7
mcp2k	101498	1	337.5	105.7	451.8
mcp2k	101554	2	566.2	245.2	992.6
mcp2k	101675	0	0.0	287.7	899.6
mcp2k	101828	4	1173.9	219.9	1575.8
mcp2k	102247	0	0.0	0.0	14.9
mcp2k	102643	0	0.0	8.6	11.7
mcp2k	102841	1	142.4	114.3	457.8
mcp2k	103061	0	0.0	8.6	49.3
mcp2k	103193	0	0.0	0.0	30.7
mcp2k	103204	0	0.0	148.2	763.6
mcp2k	103391	1	254.4	393.4	900.8
mcp2k	103545	1	53.8	245.2	369.1
mcp2k	103798	1	73.4	245.2	638.6
mcp2k	103952	1	170.0	253.8	711.6
mcp2k	104172	1	1.2	139.6	678.1
mcp2k	104216	1	369.9	253.8	881.0
mcp2k	104260	3	530.7	105.7	692.1
mcp2k	104304	1	429.5	139.6	613.9
mcp2k	104920	1	478.6	114.3	745.9
mcp2k	105140	1	159.5	105.7	268.1
mcp2k	105316	2	103.3	219.9	487.2
mcp2k	105426	1	91.6	105.7	273.7
mcp2k	105492	0	0.0	139.6	179.9
mcp2k	156093	2	390.4	114.3	994.5
mcp2k	156313	1	10.5	105.7	122.9
mcp2k	157215	0	0.0	0.0	0.0
mcp2k	157281	1	493.1	114.3	757.6
mcp2k	158227	1	526.6	105.7	635.0
mcp2k	158689	0	0.0	0.0	0.0
mcp2k	159569	1	187.6	156.8	734.8
mcp2k	160031	1	832.5	105.7	946.1
mcp2k	160537	1	90.5	114.3	322.5
mcp2k	161043	1	53.4	245.2	340.5
mcp2k	161725	2	482.9	114.3	631.1
mcp2k	162143	1	854.3	131.5	1546.8
mcp2k	162473	1	3.2	105.7	120.4
mcp2k	163309	1	509.1	105.7	628.0
mcp2k	163771	1	265.4	139.6	422.6
mcp2k	164466	1	200.3	114.3	485.5
mcp2k	164475	1	387.0	114.3	1171.9
mcp2k	164576	1	265.4	105.7	385.9
mcp2k	164774	1	196.3	105.7	304.7
mcp2k	165104	1	247.3	105.7	364.7
mcp2k	165157	1	30.9	114.3	609.7
mcp2k	165393	0	0.0	8.6	34.6
mcp2k	165544	1	76.6	105.7	340.8
mcp2k	165767	1	38.6	253.8	602.0
mcp2k	165855	1	559.5	105.7	671.5
mcp2k	166006	1	627.4	114.3	826.2
mcp2k	166050	1	39.4	122.9	422.1
mcp2k	166295	0	0.0	8.6	415.9
mcp2k	166996	1	203.7	253.8	603.7
mcp2k	167351	2	782.1	211.3	995.1
mcp2k	167612	1	36.4	114.3	774.1
mcp2k	167703	3	108.7	105.7	255.1
mcp2k	167744	1	729.7	105.7	941.5
mcp2k	168209	1	206.3	131.5	914.5
mcp2k	168448	1	236.1	122.9	652.2
mcp2k	168778	0	0.0	0.0	0.0
mcp2k	168869	0	0.0	8.6	100.9
mcp2k	169067	1	531.8	105.7	658.4
mcp2k	169152	1	203.6	105.7	495.4
mcp2k	169221	1	212.8	114.3	451.1
mcp2k	169240	1	819.9	245.2	1079.0
mcp2k	169306	2	196.0	245.2	470.7
mcp2k	169658	1	624.3	245.2	976.4
mcp2k	169724	1	99.3	122.9	423.7
mcp2k	169793	1	460.6	114.3	880.0
mcp2k	169966	1	21.3	105.7	152.5
mcp2k	170076	1	805.5	245.2	1220.9
mcp2k	170098	1	200.3	114.3	812.6
mcp2k	170274	2	162.1	105.7	285.4
mcp2k	170326	0	0.0	8.6	91.3
mcp2k	170365	1	267.1	114.3	455.8
mcp2k	170428	2	706.4	114.3	863.6
mcp2k	170585	1	78.0	114.3	298.6
mcp2k	170651	1	542.8	105.7	652.0
mcp2k	170761	1	726.8	245.2	1287.4
mcp2k	171143	1	165.3	245.2	758.6
mcp2k	171352	1	149.0	393.4	1074.8
mcp2k	171440	0	0.0	0.0	0.0
mcp2k	171473	1	23.9	105.7	136.4
mcp2k	171528	1	110.3	105.7	360.6
mcp2k	171572	1	304.7	122.9	782.9
mcp2k	171616	1	361.7	114.3	565.3
mcp2k	171729	1	388.6	114.3	741.8
mcp2k	171770	0	0.0	0.0	0.0
mcp2k	171866	2	301.2	114.3	570.9
mcp2k	172012	1	191.4	114.3	461.7
mcp2k	172015	0	0.0	0.0	0.0
mcp2k	172020	4	329.4	219.9	808.6
mcp2k	172177	1	6.1	148.2	389.5
mcp2k	172262	1	224.4	105.7	346.3
mcp2k	172344	1	101.1	114.3	419.0
mcp2k	172463	1	436.2	245.2	715.8
mcp2k	172498	1	109.9	253.8	484.0
mcp2k	172548	0	0.0	8.6	86.1
mcp2k	172617	1	420.5	122.9	831.6
mcp2k	172762	1	738.2	105.7	843.8
mcp2k	172850	1	152.3	114.3	350.8
mcp2k	173049	1	127.0	114.3	359.3
mcp2k	173093	0	0.0	8.6	425.9
mcp2k	173108	1	115.5	245.2	403.2
mcp2k	173340	1	232.9	105.7	342.1
mcp2k	173438	1	0.8	105.7	108.4
mcp2k	173450	1	645.2	105.7	788.1
mcp2k	173488	0	0.0	8.6	54.1
mcp2k	173495	1	95.4	105.7	385.4
mcp2k	173585	1	463.6	253.8	825.3
mcp2k	173620	0	0.0	279.1	607.2
mcp2k	173643	1	346.4	114.3	604.6
mcp2k	173671	2	870.7	105.7	976.3
mcp2k	173819	0	0.0	418.7	1176.7
mcp2k	173827	0	0.0	8.6	101.0
mcp2k	173912	1	159.7	114.3	360.4
mcp2k	173978	0	0.0	139.6	249.1
mcp2k	174164	1	619.0	105.7	920.5
mcp2k	174302	2	347.3	105.7	456.7
mcp2k	174311	1	213.0	122.9	555.5
mcp2k	174352	1	183.2	253.8	644.1
mcp2k	174661	1	304.4	114.3	619.3
mcp2k	174770	0	0.0	8.6	73.3
mcp2k	174771	4	573.3	368.1	1819.6
mcp2k	174795	1	502.7	105.7	609.9
mcp2k	174896	1	483.0	253.8	1028.1
mcp2k	174993	2	377.6	105.7	496.5
mcp2k	175057	1	546.7	114.3	971.0
mcp2k	175094	1	273.0	114.3	506.7
mcp2k	175117	1	96.9	122.9	405.4
mcp2k	175814	1	926.2	114.3	1133.1
mcp2k	175893	1	9.4	245.2	435.9
mcp2k	175952	2	810.0	359.5	1412.5
mcp2k	175959	1	451.2	114.3	666.8
mcp2k	176150	2	378.4	105.7	488.6
mcp2k	176260	2	725.0	105.7	940.3
mcp2k	176502	2	418.0	219.9	4649.7
mcp2k	176533	1	3.6	0.0	641.0
mcp2k	176707	0	0.0	8.6	19.4
mcp2k	176810	0	0.0	8.6	131.9
mcp2k	176948	0	0.0	17.2	348.9
mcp2k	176986	0	0.0	8.6	344.4
mcp2k	177068	0	0.0	0.0	159.3
mcp2k	177149	0	0.0	17.2	302.2
mcp2k	177178	1	257.2	114.3	476.5
mcp2k	177266	1	94.9	245.2	401.9
mcp2k	177360	0	0.0	0.0	12.9
mcp2k	177366	1	86.4	253.8	558.7
mcp2k	177455	0	0.0	8.6	83.0
mcp2k	177521	1	188.3	245.2	545.2
mcp2k	177536	1	908.6	114.3	1222.4
mcp2k	177939	1	77.7	105.7	205.4
mcp2k	177961	1	74.2	122.9	412.5
mcp2k	178115	1	160.2	253.8	725.4
mcp2k	178225	1	230.1	114.3	473.2
mcp2k	178350	1	366.8	105.7	472.5
mcp2k	178388	1	113.9	114.3	309.0
mcp2k	178445	0	0.0	139.6	280.7
mcp2k	178535	0	0.0	0.0	80.5
mcp2k	178548	1	252.9	105.7	389.3
mcp2k	178570	1	147.6	122.9	674.1
mcp2k	178645	1	243.3	105.7	351.5
mcp2k	178841	1	877.4	105.7	1023.0
mcp2k	178865	1	525.4	105.7	632.6
mcp2k	178885	1	463.1	17.2	630.6
mcp2k	178907	1	101.2	114.3	412.3
mcp2k	178931	1	93.2	105.7	279.3
mcp2k	178966	0	0.0	0.0	0.0
mcp2k	179048	2	686.8	350.9	1253.2
mcp2k	179054	1	205.5	148.2	1070.1
mcp2k	179246	0	0.0	8.6	100.1
mcp2k	179303	0	0.0	8.6	31.8
mcp2k	179369	1	1039.7	105.7	1326.7
mcp2k	179604	2	1053.1	253.8	1527.6
mcp2k	179611	0	0.0	8.6	503.3
mcp2k	179752	0	0.0	156.8	708.0
mcp2k	179765	1	196.2	114.3	504.8
mcp2k	179840	1	1.9	105.7	107.9
mcp2k	179897	0	0.0	156.8	876.9
mcp2k	179912	1	232.4	114.3	443.4
mcp2k	180088	0	0.0	8.6	144.0
mcp2k	180117	1	942.1	253.8	1377.6
mcp2k	180403	2	306.0	114.3	596.4
mcp2k	180544	1	2.9	393.4	741.8
mcp2k	180645	1	319.5	0.0	327.8
mcp2k	180698	1	618.0	105.7	731.8
mcp2k	181050	1	123.3	245.2	615.9
mcp2k	181094	0	0.0	0.0	0.0
mcp2k	236192	1	264.3	105.7	379.0
mcp2k	236610	1	105.8	253.8	523.1
mcp2k	237292	2	110.4	114.3	422.2
mcp2k	237380	0	0.0	0.0	64.3
mcp2k	237446	1	132.5	114.3	353.6
mcp2k	237710	1	284.0	105.7	404.1
mcp2k	237798	1	582.4	253.8	947.8
mcp2k	239118	0	0.0	8.6	120.1
mcp2k	239404	2	276.2	105.7	401.2
mcp2k	240196	1	98.7	114.3	274.3
mcp2k	240372	2	281.8	253.8	978.0
mcp2k	240636	2	645.7	114.3	916.2
mcp2k	241626	1	329.8	105.7	461.4
mcp2k	242000	1	393.2	114.3	650.9
mcp2k	242022	1	770.8	105.7	884.5
mcp2k	242484	1	632.1	105.7	744.3
mcp2k	242550	1	819.0	393.4	1647.0
mcp2k	242726	1	394.1	114.3	1041.5
mcp2k	242748	2	154.1	105.7	286.0
mcp2k	242770	3	180.9	114.3	461.9
mcp2k	242814	1	101.6	245.2	510.0
mcp2k	243628	1	312.3	156.8	1263.2
mcp2k	275011	0	0.0	139.6	381.5
mcp2k	275231	1	1191.3	114.3	1624.3
mcp2k	275385	1	376.0	105.7	490.5
mcp2k	275539	0	0.0	139.6	417.4
mcp2k	276925	1	206.2	114.3	487.3
mcp2k	277123	1	395.6	105.7	504.6
mcp2k	278509	0	0.0	139.6	385.5
mcp2k	279213	1	127.3	105.7	236.8
mcp2k	279537	1	101.0	114.3	556.1
mcp2k	279955	1	509.6	105.7	616.7
mcp2k	279977	1	136.3	114.3	274.5
mcp2k	280153	1	87.0	245.2	396.8
mcp2k	280159	1	258.8	410.6	2239.0
mcp2k	280329	3	283.6	114.3	626.7
mcp2k	280351	1	85.7	114.3	326.3
mcp2k	280709	1	87.7	105.7	318.5
mcp2k	280819	1	8.2	105.7	119.9
mcp2k	280945	1	268.1	105.7	381.6
mcp2k	281165	3	305.8	245.2	962.4
mcp2k	281325	1	45.0	105.7	354.4
mcp2k	281567	1	1.5	139.6	1818.0
mcp2k	281781	1	54.6	122.9	989.9
mcp2k	281985	1	146.7	114.3	529.0
mcp2k	282067	0	0.0	139.6	333.7
mcp2k	282271	1	48.0	114.3	844.0
mcp2k	282491	1	298.5	105.7	420.0
mcp2k	282749	2	242.1	253.8	1034.2
mcp2k	282837	2	338.9	245.2	701.2
mcp2k	282909	1	28.4	393.4	1332.3
mcp2k	283013	1	286.2	105.7	391.9
mcp2k	283035	1	1.2	105.7	107.9
mcp2k	283299	1	622.7	139.6	956.9
mcp2k	283525	1	1.4	105.7	110.5
mcp2k	283568	0	0.0	165.4	1180.6
mcp2k	283590	1	29.2	105.7	195.6
mcp2k	283591	1	621.3	114.3	836.1
mcp2k	283833	2	1189.3	105.7	1323.4
mcp2k	283849	1	312.4	114.3	675.3
mcp2k	284047	0	0.0	8.6	178.0
mcp2k	284206	1	98.1	253.8	865.6
mcp2k	284866	1	807.9	114.3	1049.2
mcp2k	285350	1	197.0	114.3	464.4
mcp2k	285680	3	463.3	359.5	991.7
mcp2k	286076	1	2.8	105.7	119.1
mcp2k	286120	1	1.9	105.7	107.6
mcp2k	286296	1	61.4	114.3	379.3
mcp2k	286489	1	105.2	253.8	553.8
mcp2k	287132	0	0.0	0.0	0.0
mcp2k	287332	1	178.7	105.7	284.3
mcp2k	287374	1	301.4	105.7	421.4
mcp2k	287464	1	138.7	114.3	444.9
mcp2k	287638	1	273.3	105.7	405.9
mcp2k	287662	1	57.3	114.3	463.5
mcp2k	287770	1	303.0	114.3	716.3
mcp2k	287794	2	308.3	384.8	969.5
mcp2k	287926	2	903.7	114.3	1110.9
mcp2k	288012	1	334.8	114.3	766.6
mcp2k	289246	1	252.9	114.3	820.8
mcp2k	289464	1	686.4	122.9	1219.4
mcp2k	289508	1	206.9	245.2	872.9
mcp2k	289862	0	0.0	139.6	188.2
mcp2k	290542	1	257.1	114.3	895.0
mcp2k	290588	1	171.4	122.9	613.7
mcp2k	290654	1	274.9	131.5	777.5
mcp2k	290718	1	1138.7	105.7	1250.0
mcp2k	291072	0	0.0	8.6	783.4
mcp2k	292370	1	358.2	114.3	587.8
mcp2k	292436	0	0.0	139.6	833.4
mcp2k	292524	1	436.4	245.2	1123.8
mcp2k	292568	1	546.9	122.9	968.6
mcp2k	292722	1	239.4	114.3	566.8
mcp2k	292788	1	239.7	114.3	745.5
mcp2k	292810	1	74.3	245.2	447.1
mcp2k	293470	1	383.5	105.7	527.7
mcp2k	293536	0	0.0	8.6	293.8
mcp2k	293734	1	128.9	253.8	601.8
mcp2k	294174	1	567.7	105.7	1316.4
mcp2k	294922	0	0.0	8.6	46.7
mcp2k	315955	1	112.9	114.3	544.9
mcp2k	316021	1	297.0	122.9	822.9
mcp2k	316065	1	193.4	245.2	482.3
mcp2k	316197	1	110.6	105.7	216.3
mcp2k	316811	1	188.0	114.3	507.2
mcp2k	316987	1	362.5	262.4	1034.0
mcp2k	317077	0	0.0	0.0	111.7
mcp2k	317341	0	0.0	0.0	0.0
mcp2k	317407	1	834.4	262.4	1321.8
mcp2k	317539	1	419.1	105.7	642.7
mcp2k	317911	1	180.2	245.2	428.9
mcp2k	317957	1	170.0	105.7	276.8
mcp2k	318021	1	39.3	114.3	325.4
mcp2k	318197	1	0.7	105.7	121.5
mcp2k	318549	0	0.0	8.6	106.7
mcp2k	318703	1	637.0	105.7	1018.4
mcp2k	318749	0	0.0	0.0	0.0
mcp2k	318769	0	0.0	139.6	684.6
mcp2k	318857	0	0.0	17.2	151.3
mcp2k	319057	0	0.0	0.0	0.0
mcp2k	319275	1	372.4	105.7	540.4
mcp2k	319321	0	0.0	0.0	0.0
mcp2k	319475	2	256.5	262.4	836.1
mcp2k	319871	1	170.6	114.3	536.3
mcp2k	319913	1	169.0	114.3	364.5
mcp2k	320091	0	0.0	8.6	140.0
mcp2k	320289	1	136.0	245.2	514.8
mcp2k	320485	1	249.8	122.9	740.9
mcp2k	320575	0	0.0	17.2	177.5
mcp2k	320925	1	2.7	105.7	115.6
mcp2k	321015	2	350.5	253.8	886.5
mcp2k	321169	1	4.6	139.6	429.8
mcp2k	321235	0	0.0	139.6	464.1
mcp2k	321367	1	138.2	253.8	875.0
mcp2k	321629	1	407.7	122.9	819.2
mcp2k	321741	1	6.1	114.3	324.7
mcp2k	321849	1	102.9	114.3	495.1
mcp2k	321895	1	194.3	262.4	815.8
mcp2k	321937	1	567.8	105.7	675.1
mcp2k	321983	0	0.0	8.6	219.5
mcp2k	322135	2	752.2	114.3	1012.3
mcp2k	322181	1	191.9	114.3	396.7
mcp2k	322269	1	348.7	114.3	556.0
mcp2k	322663	2	405.4	211.3	713.8
mcp2k	322707	1	170.7	253.8	1061.9
mcp2k	322861	1	215.5	114.3	399.1
mcp2k	322885	1	554.5	245.2	882.1
mcp2k	322907	1	349.4	114.3	814.9
mcp2k	323125	0	0.0	8.6	275.1
mcp2k	323171	2	417.2	122.9	786.2
mcp2k	323301	1	511.7	245.2	1066.5
mcp2k	323369	1	570.0	245.2	880.7
mcp2k	323917	0	0.0	139.6	234.1
mcp2k	346746	1	262.4	114.3	493.5
mcp2k	346878	1	267.4	114.3	589.2
mcp2k	347384	1	464.5	114.3	984.8
mcp2k	347824	1	362.2	393.4	1601.3
mcp2k	347890	1	488.7	8.6	632.3
mcp2k	348088	1	728.0	105.7	836.8
mcp2k	348198	1	126.6	105.7	258.8
mcp2k	348594	0	0.0	8.6	189.2
mcp2k	348638	1	333.1	105.7	438.8
mcp2k	348682	1	635.3	105.7	755.8
mcp2k	349056	1	414.9	122.9	726.9
mcp2k	349276	1	1009.0	105.7	1119.2
mcp2k	349320	0	0.0	8.6	48.5
mcp2k	350266	0	0.0	0.0	0.0
mcp2k	350354	1	188.0	139.6	907.4
mcp2k	350596	0	0.0	8.6	307.8
mcp2k	351564	1	697.8	114.3	903.7
mcp2k	351740	0	0.0	0.0	0.0
mcp2k	352136	0	0.0	0.0	0.0
mcp2k	352202	0	0.0	8.6	180.9
mcp2k	352510	1	19.6	105.7	125.3
mcp2k	352664	1	503.3	245.2	979.7
mcp2k	352730	0	0.0	8.6	43.2
mcp2k	352796	1	380.2	114.3	661.6
mcp2k	354248	2	342.9	114.3	725.1
mcp2k	354578	1	89.6	114.3	431.0
mcp2k	355106	1	845.5	245.2	1136.2
mcp2k	355238	1	254.0	114.3	633.7
mcp2k	388323	2	522.8	245.2	798.2
mcp2k	389225	1	415.6	114.3	784.6
mcp2k	389379	1	376.9	105.7	490.2
mcp2k	390215	1	44.8	105.7	157.1
mcp2k	390216	1	472.6	253.8	1099.8
mcp2k	390370	1	444.7	114.3	852.9
mcp2k	390391	1	194.3	253.8	617.3
mcp2k	390634	1	323.8	245.2	834.3
mcp2k	390743	1	165.5	253.8	570.2
mcp2k	390744	1	534.9	105.7	789.5
mcp2k	390810	1	96.5	105.7	206.4
mcp2k	390942	1	17.8	0.0	130.2
mcp2k	391063	0	0.0	8.6	107.8
mcp2k	391415	1	202.9	114.3	481.2
mcp2k	391513	1	983.0	245.2	1253.8
mcp2k	391525	0	0.0	0.0	0.0
mcp2k	391756	1	57.2	245.2	361.5
mcp2k	391777	1	60.2	393.4	805.1
mcp2k	391843	1	100.6	114.3	309.3
mcp2k	391899	1	435.8	245.2	819.3
mcp2k	392009	2	804.3	219.9	1389.8
mcp2k	392174	1	113.6	114.3	313.4
mcp2k	392262	1	130.8	105.7	241.3
mcp2k	392327	1	344.3	253.8	759.6
mcp2k	392417	3	466.5	456.5	1186.1
mcp2k	392527	1	252.6	114.3	479.1
mcp2k	392649	1	272.5	105.7	386.9
mcp2k	392669	1	226.0	245.2	657.5
mcp2k	392693	1	664.4	105.7	778.3
mcp2k	392759	1	308.9	122.9	631.7
mcp2k	392891	1	530.1	105.7	659.5
mcp2k	392900	1	122.0	114.3	280.6
mcp2k	392901	1	131.0	245.2	398.5
mcp2k	392988	1	117.9	122.9	359.4
mcp2k	393089	1	61.5	114.3	282.1
mcp2k	393119	1	425.1	114.3	905.5
mcp2k	393133	0	0.0	8.6	88.1
mcp2k	393485	1	286.4	114.3	712.9
mcp2k	393505	1	371.6	105.7	559.9
mcp2k	393538	1	757.9	114.3	1047.4
mcp2k	393581	1	197.0	105.7	315.0
mcp2k	393727	1	337.3	105.7	450.2
mcp2k	393758	1	154.9	114.3	373.2
mcp2k	393791	1	275.3	253.8	657.4
mcp2k	393823	0	0.0	0.0	0.0
mcp2k	393835	1	510.3	105.7	619.2
mcp2k	393935	1	679.3	105.7	789.4
mcp2k	394131	0	0.0	0.0	0.0
mcp2k	394167	0	0.0	0.0	448.5
mcp2k	394255	0	0.0	0.0	64.5
mcp2k	394363	1	236.1	105.7	347.2
mcp2k	394396	1	406.6	105.7	531.1
mcp2k	394407	1	794.9	105.7	907.9
mcp2k	394605	1	191.6	114.3	584.1
mcp2k	394717	1	263.2	140.1	961.7
mcp2k	394836	0	0.0	8.6	82.7
mcp2k	395012	4	147.3	122.9	459.0
mcp2k	395033	1	64.2	114.3	422.7
mcp2k	395079	1	508.3	105.7	792.1
mcp2k	395089	2	85.9	262.4	680.7
mcp2k	395123	0	0.0	0.0	106.3
mcp2k	395209	1	1025.5	114.3	1342.6
mcp2k	395277	2	237.5	211.3	459.5
mcp2k	395298	2	450.0	219.9	825.0
mcp2k	395443	1	141.9	253.8	629.7
mcp2k	395485	1	296.0	105.7	413.8
mcp2k	395573	1	55.3	122.9	287.0
mcp2k	395597	3	876.8	317.0	1450.3
mcp2k	395695	2	499.9	245.2	918.2
mcp2k	395717	1	291.6	105.7	397.7
mcp2k	395837	2	344.8	105.7	454.1
mcp2k	395870	1	654.5	114.3	1184.8
mcp2k	396037	0	0.0	8.6	351.7
mcp2k	396057	1	216.8	105.7	339.1
mcp2k	396091	1	267.8	114.3	684.8
mcp2k	396157	0	0.0	8.6	131.5
mcp2k	396222	1	26.3	0.0	4324.4
mcp2k	396323	1	105.2	114.3	519.3
mcp2k	396355	1	210.6	114.3	598.1
mcp2k	396420	1	175.3	114.3	451.6
mcp2k	396521	2	30.0	105.7	154.2
mcp2k	396551	2	417.0	114.3	643.8
mcp2k	396596	0	0.0	0.0	0.0
mcp2k	396761	1	375.2	105.7	484.6
mcp2k	396805	1	103.3	253.8	641.9
mcp2k	396816	0	0.0	8.6	202.4
mcp2k	396829	1	299.5	105.7	550.2
mcp2k	396882	1	153.5	105.7	277.3
mcp2k	396927	1	106.6	384.8	806.2
mcp2k	396949	2	217.8	219.9	772.5
mcp2k	396971	1	69.3	262.4	745.0
mcp2k	397005	1	201.4	253.8	633.7
mcp2k	397103	3	125.0	245.2	434.2
mcp2k	397190	1	380.8	105.7	487.8
mcp2k	397379	1	342.8	114.3	601.9
mcp2k	397401	1	382.4	245.2	794.1
mcp2k	397476	1	552.4	105.7	721.4
mcp2k	397487	0	0.0	0.0	23.8
mcp2k	397498	1	103.6	122.9	427.8
mcp2k	397542	0	0.0	8.6	199.0
mcp2k	397599	1	74.9	245.2	353.7
mcp2k	397630	1	206.1	105.7	626.1
mcp2k	397653	0	0.0	8.6	107.9
mcp2k	397927	1	318.1	114.3	613.6
mcp2k	398125	1	425.1	105.7	533.6
mcp2k	398181	2	579.0	359.5	1251.2
mcp2k	398191	1	935.3	253.8	1594.0
mcp2k	398225	1	309.7	245.2	945.6
mcp2k	398268	1	412.3	384.8	979.3
mcp2k	398313	1	254.7	245.2	532.0
mcp2k	398567	1	817.2	245.2	1084.3
mcp2k	398819	0	0.0	8.6	158.3
mcp2k	399061	1	205.4	105.7	318.6
mcp2k	399073	0	0.0	0.0	0.0
mcp2k	399303	1	360.0	114.3	940.9
mcp2k	399853	1	326.5	105.7	438.3
mcp2k	400029	1	480.6	114.3	797.0
mcp2k	400117	1	694.5	114.3	1102.8
mcp2k	400185	1	190.7	105.7	374.9
mcp2k	400239	1	447.2	105.7	554.6
mcp2k	400251	1	12.4	253.8	458.8
mcp2k	400273	0	0.0	8.6	14.0
mcp2k	400349	0	0.0	0.0	0.0
mcp2k	400427	0	0.0	8.6	164.5
mcp2k	400779	1	31.7	245.2	507.1
mcp2k	401197	0	0.0	8.6	126.6
mcp2k	401241	0	0.0	0.0	80.3
mcp2k	402077	1	106.4	393.4	783.4
mcp2k	402209	1	156.8	122.9	781.0
mcp2k	402297	2	824.2	105.7	935.1
mcp2k	403023	1	220.3	105.7	551.8
mcp2k	403309	0	0.0	0.0	103.2
mcp2k	403397	1	235.3	114.3	529.9
mcp2k	403441	1	1.9	105.7	115.0
mcp2k	404189	1	435.2	114.3	850.9
mcp2k	405201	1	763.3	114.3	1243.5
mcp2k	405707	2	295.2	359.5	934.9
mcp2k	405927	1	164.1	105.7	296.9
mcp2k	405971	1	48.0	105.7	156.6
mcp2k	406125	1	225.4	114.3	837.1
mcp2k	406147	1	846.2	114.3	1292.7
mcp2k	406367	1	180.8	114.3	407.1
mcp2k	406631	2	709.4	211.3	979.2
mcp2k	407534	1	181.5	384.8	632.4
mcp2k	407798	1	283.3	245.2	683.7
mcp2k	407886	1	180.1	114.3	467.7
mcp2k	408304	0	0.0	139.6	382.7
mcp2k	408326	1	469.7	114.3	913.3
mcp2k	408678	2	74.8	105.7	529.1
mcp2k	409052	1	416.1	105.7	521.7
mcp2k	409140	0	0.0	8.6	458.6
mcp2k	409514	0	0.0	8.6	232.6
mcp2k	409624	2	201.7	114.3	597.5
mcp2k	409888	2	850.7	211.3	1310.1
mcp2k	409906	2	185.7	393.4	879.0
mcp2k	410064	1	1.7	105.7	113.7
mcp2k	410126	1	135.1	105.7	240.7
mcp2k	410566	1	113.4	253.8	457.2
mcp2k	410680	2	358.1	131.5	874.2
mcp2k	410698	1	285.7	114.3	491.3
mcp2k	410768	0	0.0	8.6	138.6
mcp2k	411010	0	0.0	0.0	23.9
mcp2k	412062	0	0.0	8.6	44.2
mcp2k	412242	1	227.6	105.7	1141.9
mcp2k	412326	1	111.9	114.3	325.8
mcp2k	412396	1	260.1	114.3	685.2
mcp2k	412612	1	361.1	105.7	473.8
mcp2k	412638	3	662.8	105.7	798.8
mcp2k	414024	2	764.3	105.7	892.3
mcp2k	414200	1	430.1	114.3	909.4
mcp2k	414240	1	666.0	253.8	1126.5
mcp2k	414288	1	31.1	114.3	256.4
mcp2k	414306	2	570.6	105.7	676.3
mcp2k	414372	1	86.3	114.3	375.7
mcp2k	414442	2	306.8	105.7	425.7
mcp2k	414552	1	1.3	105.7	106.9
mcp2k	415186	1	216.3	245.2	527.2
mcp2k	415278	1	245.1	0.0	2432.1
mcp2k	415564	1	320.4	105.7	500.6
mcp2k	417100	1	395.5	105.7	501.2
mcp2k	417496	0	0.0	8.6	231.8
mcp2k	417782	0	0.0	8.6	137.3
mcp2k	47058	1	420.1	105.7	532.2
mcp2k	47212	1	53.7	114.3	1412.8
mcp2k	47278	1	124.7	271.0	775.2
mcp2k	473358	0	0.0	139.6	202.0
mcp2k	473886	0	0.0	8.6	78.0
mcp2k	473952	2	466.8	114.3	702.6
mcp2k	474370	2	291.4	105.7	407.0
mcp2k	474612	0	0.0	0.0	90.6
mcp2k	474678	3	307.9	228.5	863.4
mcp2k	475096	0	0.0	0.0	229.0
mcp2k	475140	1	349.6	105.7	456.1
mcp2k	475712	1	124.2	114.3	469.6
mcp2k	475778	0	0.0	0.0	142.0
mcp2k	47696	0	0.0	0.0	113.8
mcp2k	476966	0	0.0	17.2	83.2
mcp2k	477142	1	176.5	245.2	660.2
mcp2k	47784	1	507.0	122.9	951.6
mcp2k	478088	1	279.4	114.3	715.7
mcp2k	478220	1	632.3	105.7	795.8
mcp2k	478374	1	193.3	114.3	369.0
mcp2k	478594	0	0.0	17.2	283.7
mcp2k	478638	2	421.8	114.3	553.5
mcp2k	478880	2	363.9	350.9	956.5
mcp2k	47894	1	2.4	105.7	125.8
mcp2k	47916	1	75.6	114.3	325.7
mcp2k	479650	2	96.6	245.2	571.8
mcp2k	480002	0	0.0	0.0	0.0
mcp2k	480728	1	97.4	114.3	349.5
mcp2k	480772	1	278.1	114.3	542.9
mcp2k	480970	1	198.0	114.3	470.6
mcp2k	481014	0	0.0	0.0	0.0
mcp2k	48488	1	519.2	114.3	712.2
mcp2k	48774	1	678.2	114.3	892.2
mcp2k	493439	1	88.3	105.7	231.8
mcp2k	493659	0	0.0	139.6	506.9
mcp2k	493835	0	0.0	8.6	209.0
mcp2k	49415	0	0.0	8.6	134.1
mcp2k	494297	1	350.1	122.9	755.0
mcp2k	494847	1	345.3	105.7	499.8
mcp2k	495199	2	598.0	114.3	793.1
mcp2k	495881	0	0.0	0.0	106.2
mcp2k	497311	1	474.0	114.3	597.9
mcp2k	497355	1	305.9	114.3	460.2
mcp2k	497399	1	302.0	105.7	501.5
mcp2k	49742	1	269.7	105.7	446.8
mcp2k	49745	0	0.0	8.6	369.1
mcp2k	497553	2	4.6	122.9	472.4
mcp2k	49767	0	0.0	0.0	0.0
mcp2k	497883	1	328.1	245.2	783.7
mcp2k	498675	1	156.8	105.7	292.9
mcp2k	49877	0	0.0	0.0	0.0
mcp2k	498851	1	79.1	122.9	529.8
mcp2k	499115	1	98.3	114.3	312.6
mcp2k	499423	1	67.3	0.0	339.0
mcp2k	499577	1	691.8	262.4	1522.4
mcp2k	49984	1	94.5	105.7	200.8
mcp2k	49987	1	527.6	105.7	638.7
mcp2k	500083	0	0.0	0.0	173.1
mcp2k	500149	1	350.4	114.3	590.5
mcp2k	500567	1	83.3	105.7	233.1
mcp2k	501711	2	315.4	253.8	811.9
mcp2k	50182	1	291.5	114.3	511.1
mcp2k	502019	2	223.4	122.9	802.4
mcp2k	502525	1	125.4	114.3	378.4
mcp2k	502921	1	65.6	122.9	654.2
mcp2k	50446	1	179.8	105.7	294.9
mcp2k	50688	1	4.9	105.7	114.1
mcp2k	50801	1	90.5	114.3	509.1
mcp2k	51128	1	146.3	114.3	503.4
mcp2k	51219	1	437.7	253.8	1056.6
mcp2k	51260	0	0.0	0.0	94.9
mcp2k	51546	1	200.0	105.7	511.1
mcp2k	51722	0	0.0	8.6	129.9
mcp2k	51868	1	389.6	139.6	590.8
mcp2k	51890	1	684.8	114.3	1042.7
mcp2k	51964	1	480.1	114.3	723.3
mcp2k	52044	2	272.5	105.7	571.9
mcp2k	52121	1	173.9	245.2	535.7
mcp2k	52220	1	418.7	105.7	529.8
mcp2k	52286	0	0.0	0.0	129.5
mcp2k	52338	2	749.4	211.3	974.1
mcp2k	52352	0	0.0	8.6	104.6
mcp2k	52605	1	33.8	245.2	444.7
mcp2k	52638	0	0.0	0.0	0.0
mcp2k	52693	2	647.0	105.7	901.3
mcp2k	52759	0	0.0	17.2	261.4
mcp2k	53130	1	39.1	114.3	368.1
mcp2k	53658	0	0.0	139.6	500.8
mcp2k	53793	1	912.9	253.8	1444.1
mcp2k	53881	0	0.0	8.6	412.6
mcp2k	54332	2	4.9	156.8	1195.3
mcp2k	54453	2	138.3	105.7	631.5
mcp2k	54475	1	201.9	114.3	371.5
mcp2k	54508	0	0.0	17.2	255.0
mcp2k	54629	2	676.5	105.7	786.1
mcp2k	55220	1	66.9	245.2	388.2
mcp2k	55278	1	318.2	17.2	684.9
mcp2k	55286	0	0.0	0.0	0.0
mcp2k	55322	0	0.0	156.8	912.2
mcp2k	55443	0	0.0	8.6	103.4
mcp2k	55542	1	601.8	114.3	799.4
mcp2k	55740	2	411.7	350.9	886.3
mcp2k	56180	1	230.0	271.0	889.5
mcp2k	56521	0	0.0	8.6	23.5
mcp2k	56763	0	0.0	0.0	212.4
mcp2k	56939	1	415.3	114.3	825.9
mcp2k	56972	0	0.0	0.0	296.9
mcp2k	57280	0	0.0	8.6	212.4
mcp2k	57346	1	887.5	105.7	1015.1
mcp2k	57577	1	496.6	114.3	841.4
mcp2k	57709	0	0.0	8.6	748.8
mcp2k	57742	1	345.4	245.2	634.7
mcp2k	58006	1	118.3	245.2	549.2
mcp2k	58072	1	273.1	114.3	476.6
mcp2k	58325	1	209.0	114.3	408.1
mcp2k	58919	2	283.3	122.9	546.4
mcp2k	65266	0	0.0	139.6	316.8
mcp2k	65948	1	67.3	131.5	727.5
mcp2k	66278	1	52.4	114.3	277.4
mcp2k	66366	1	692.2	114.3	938.7
mcp2k	66652	1	584.9	114.3	816.6
mcp2k	66872	2	374.2	105.7	518.7
mcp2k	66900	2	123.0	262.4	904.6
mcp2k	66944	1	80.7	105.7	243.8
mcp2k	67026	1	748.6	114.3	1210.5
mcp2k	67802	1	168.4	105.7	278.4
mcp2k	67868	1	261.9	140.1	919.8
mcp2k	67898	1	514.5	114.3	735.6
mcp2k	67928	1	229.9	245.2	678.8
mcp2k	67942	1	232.5	105.7	349.1
mcp2k	68280	1	372.1	114.3	549.3
mcp2k	68308	2	321.9	219.9	873.9
mcp2k	68346	0	0.0	8.6	85.1
mcp2k	68654	0	0.0	8.6	89.3
mcp2k	68726	0	0.0	8.6	53.6
mcp2k	68748	1	889.8	105.7	1006.0
mcp2k	68830	1	280.7	245.2	573.4
mcp2k	69006	1	348.2	384.8	1140.7
mcp2k	69144	1	294.2	114.3	657.3
mcp2k	69152	1	309.5	114.3	661.8
mcp2k	69232	1	534.8	245.2	1027.7
mcp2k	69254	2	104.2	384.8	558.0
mcp2k	69306	1	208.4	245.2	513.3
mcp2k	69314	1	362.2	262.4	1494.0
mcp2k	69386	0	0.0	8.6	140.5
mcp2k	69556	0	0.0	148.2	332.8
mcp2k	69666	1	450.8	114.3	886.1
mcp2k	69936	1	148.0	245.2	457.7
mcp2k	70010	1	210.8	105.7	316.4
mcp2k	70084	1	249.3	245.2	609.3
mcp2k	70178	1	116.5	114.3	446.6
mcp2k	70186	1	403.0	245.2	870.2
mcp2k	70222	1	140.7	384.8	767.1
mcp2k	70288	1	0.5	105.7	112.6
mcp2k	70472	1	980.5	114.3	1194.8
mcp2k	70538	1	200.1	245.2	465.5
mcp2k	70612	2	140.6	105.7	254.8
mcp2k	70640	1	439.3	253.8	1039.3
mcp2k	70692	1	227.3	114.3	845.3
mcp2k	70713	1	204.6	114.3	404.4
mcp2k	70757	0	0.0	8.6	204.3
mcp2k	70766	1	525.2	105.7	671.6
mcp2k	70912	1	825.4	114.3	1165.1
mcp2k	71022	1	165.1	105.7	329.2
mcp2k	71092	0	0.0	139.6	313.7
mcp2k	71290	1	256.2	393.4	1085.1
mcp2k	71642	2	183.4	262.4	1696.9
mcp2k	71748	2	115.8	253.8	779.5
mcp2k	71778	1	637.8	105.7	752.4
mcp2k	71872	1	166.2	245.2	962.4
mcp2k	72055	1	566.8	122.9	889.5
mcp2k	72099	1	455.9	105.7	609.7
mcp2k	72170	1	484.1	262.4	1042.3
mcp2k	72174	1	397.8	114.3	593.8
mcp2k	72196	1	402.2	105.7	515.6
mcp2k	72275	2	826.6	245.2	1209.6
mcp2k	72280	0	0.0	8.6	156.5
mcp2k	72649	0	0.0	8.6	172.8
mcp2k	72742	1	99.2	114.3	266.4
mcp2k	72759	1	79.2	105.7	210.1
mcp2k	72760	1	2.0	105.7	107.6
mcp2k	72768	1	155.1	114.3	567.6
mcp2k	72786	2	239.5	114.3	685.6
mcp2k	72840	1	162.4	114.3	583.7
mcp2k	72940	1	528.2	114.3	1043.6
mcp2k	73038	0	0.0	0.0	46.6
mcp2k	73054	1	161.2	114.3	486.3
mcp2k	73324	0	0.0	0.0	3.1
mcp2k	73336	2	45.0	114.3	595.3
mcp2k	73412	1	484.0	114.3	714.6
mcp2k	73450	0	0.0	0.0	0.0
mcp2k	73500	0	0.0	0.0	0.0
mcp2k	73538	1	334.5	105.7	509.0
mcp2k	73688	0	0.0	148.2	838.1
mcp2k	73698	1	61.3	114.3	396.2
mcp2k	73705	0	0.0	8.6	121.5
mcp2k	73727	1	551.6	105.7	659.4
mcp2k	73838	1	596.2	105.7	710.9
mcp2k	73991	1	409.4	105.7	519.0
mcp2k	74123	2	145.5	105.7	513.3
mcp2k	74146	1	246.3	245.2	548.6
mcp2k	74190	0	0.0	8.6	392.7
mcp2k	74270	0	0.0	0.0	68.1
mcp2k	74326	1	282.5	533.0	1668.9
mcp2k	74336	1	268.7	17.2	694.0
mcp2k	74380	1	227.9	122.9	763.9
mcp2k	74414	0	0.0	8.6	271.1
mcp2k	74784	1	670.8	245.2	1128.1
mcp2k	74854	1	338.6	105.7	444.3
mcp2k	75004	1	1.8	105.7	116.2
mcp2k	75040	1	372.9	253.8	754.2
mcp2k	75052	1	189.4	114.3	529.2
mcp2k	75113	0	0.0	8.6	199.7
mcp2k	75135	1	345.4	114.3	680.1
mcp2k	75206	2	816.7	245.2	1213.3
mcp2k	75316	0	0.0	156.8	461.6
mcp2k	75377	1	385.4	114.3	598.7
mcp2k	75554	4	885.2	105.7	1044.2
mcp2k	75668	0	0.0	0.0	52.7
mcp2k	75678	1	127.9	105.7	262.7
mcp2k	75700	1	268.8	253.8	744.9
mcp2k	75729	0	0.0	8.6	62.9
mcp2k	75730	1	165.5	105.7	373.5
mcp2k	75795	2	398.3	114.3	594.9
mcp2k	75862	2	328.2	211.3	618.9
mcp2k	75954	0	0.0	8.6	781.9
mcp2k	75976	0	0.0	8.6	61.2
mcp2k	76038	1	521.0	114.3	740.1
mcp2k	76059	1	81.1	253.8	504.9
mcp2k	76170	1	907.4	105.7	1034.4
mcp2k	76250	1	317.0	114.3	598.6
mcp2k	76280	1	195.8	114.3	561.2
mcp2k	76346	0	0.0	0.0	319.5
mcp2k	76350	1	28.1	105.7	1193.6
mcp2k	76866	1	76.0	105.7	187.6
mcp2k	76888	1	76.5	114.3	316.7
mcp2k	76998	1	468.9	105.7	581.9
mcp2k	77328	1	746.4	114.3	1078.4
mcp2k	77702	1	802.3	114.3	994.1
mcp2k	77846	1	377.7	114.3	645.1
mcp2k	77878	2	550.0	499.1	1329.3
mcp2k	77978	1	388.2	114.3	617.6
mcp2k	78032	1	1007.5	114.3	1185.6
mcp2k	78120	1	247.7	105.7	362.7
mcp2k	78242	1	748.3	253.8	1480.6
mcp2k	78259	1	70.5	105.7	204.0
mcp2k	78582	1	1.9	105.7	110.2
mcp2k	78682	1	1.1	105.7	110.9
mcp2k	78743	2	305.9	105.7	441.7
mcp2k	79491	1	198.1	114.3	590.8
mcp2k	79616	1	793.6	105.7	899.3
mcp2k	79689	1	232.6	105.7	341.5
mcp2k	80672	1	63.4	105.7	196.9
mcp2k	80716	0	0.0	8.6	117.8
mcp2k	81420	1	238.1	114.3	516.1
mcp2k	82322	1	771.8	105.7	885.8
mcp2k	83048	0	0.0	0.0	39.8
mcp2k	90003	1	92.8	105.7	262.8
mcp2k	90135	0	0.0	8.6	126.0
mcp2k	90179	0	0.0	17.2	314.0
mcp2k	90487	0	0.0	8.6	115.6
mcp2k	90751	1	711.3	105.7	862.0
mcp2k	91235	1	584.5	245.2	1004.1
mcp2k	91367	2	797.7	114.3	1020.6
mcp2k	91609	0	0.0	8.6	46.7
mcp2k	91653	0	0.0	279.1	340.1
mcp2k	91697	2	126.1	122.9	666.0
mcp2k	91782	0	0.0	0.0	0.0
mcp2k	91917	1	661.6	114.3	1249.3
mcp2k	92134	1	265.6	114.3	803.3
mcp2k	92159	1	421.5	245.2	778.3
mcp2k	92225	1	336.0	384.8	788.8
mcp2k	92684	0	0.0	8.6	80.5
mcp2k	92904	0	0.0	139.6	250.5
mcp2k	92907	0	0.0	8.6	78.2
mcp2k	92992	1	37.1	114.3	483.2
mcp2k	93105	2	347.2	253.8	1073.1
mcp2k	93234	0	0.0	8.6	28.0
mcp2k	93545	0	0.0	8.6	256.7
mcp2k	93677	1	154.9	262.4	698.0
mcp2k	93696	1	246.6	253.8	722.0
mcp2k	93776	1	380.4	105.7	501.6
mcp2k	93919	1	122.9	245.2	510.3
mcp2k	94029	1	59.7	105.7	175.6
mcp2k	94092	1	665.1	105.7	813.7
mcp2k	94224	1	30.2	122.9	764.9
mcp2k	94293	2	1104.9	211.3	1514.4
mcp2k	94392	4	406.8	219.9	1139.0
mcp2k	94546	1	791.0	105.7	922.3
mcp2k	94678	1	263.3	105.7	372.1
mcp2k	94942	2	327.9	350.9	772.0
mcp2k	95074	1	227.7	114.3	460.2
mcp2k	95151	1	52.7	114.3	386.2
mcp2k	95170	1	182.8	114.3	339.3
mcp2k	95184	1	83.0	114.3	300.7
mcp2k	95405	1	261.8	114.3	560.7
mcp2k	95412	3	551.3	596.1	1348.8
mcp2k	95690	1	289.4	114.3	669.8
mcp2k	95800	0	0.0	0.0	0.0
mcp2k	95899	2	494.2	253.8	966.1
mcp2k	95911	1	56.4	105.7	162.0
mcp2k	96251	0	0.0	8.6	38.3
mcp2k	96306	1	617.8	114.3	786.6
mcp2k	96383	1	2.0	114.3	622.7
mcp2k	96636	1	0.7	105.7	106.4
mcp2k	96680	1	130.1	105.7	241.8
mcp2k	96864	1	44.7	105.7	256.3
mcp2k	97010	2	195.9	114.3	428.9
mcp2k	97033	1	89.9	105.7	226.9
mcp2k	97062	2	138.0	253.8	795.8
mcp2k	97084	1	340.8	114.3	595.5
mcp2k	97231	1	7.1	262.4	1236.1
mcp2k	97260	1	820.2	114.3	1167.0
mcp2k	97473	0	0.0	0.0	15.5
mcp2k	98294	0	0.0	139.6	444.9
mcp2k	98298	1	1.1	105.7	119.9
mcp2k	98338	1	150.5	245.2	468.9
mcp2k	98353	0	0.0	148.2	329.2
mcp2k	98382	1	116.3	105.7	324.7
mcp2k	98452	1	435.0	114.3	610.8
mcp2k	98470	1	265.3	114.3	765.8
mcp2k	98474	1	2.8	105.7	108.4
mcp2k	98529	1	227.6	262.4	847.4
mcp2k	98660	1	907.7	105.7	1015.6
mcp2k	98704	1	16.9	114.3	286.6
mcp2k	98760	0	0.0	8.6	130.9
mcp2k	98778	1	997.9	114.3	1266.4
mcp2k	98844	1	174.2	105.7	1219.4
mcp2k	98947	1	89.6	114.3	499.3
mcp2k	99035	2	287.8	105.7	458.0
mcp2k	99232	1	795.9	105.7	918.9
mcp2k	99284	0	0.0	8.6	13.0
mcp2k	99563	2	1159.7	105.7	1344.5
mcp2k	99702	1	0.7	105.7	118.7
mcp2k	99716	1	721.3	253.8	1561.6
mcp2k	99782	1	236.9	114.3	791.1
mcp2k	99826	1	528.6	105.7	660.8
mcp2k	99838	1	1046.5	114.3	1501.3
mcp2k	99959	0	0.0	8.6	88.9
mcp2k	99966	1	22.6	114.3	250.1
