sample	evt	verdict	pair_key	recv_shower_id	recv_sh_pdg	recv_seg_pdg	recv_seg_id	recv_end_x	recv_far_x	recv_len	recv_dqdx_mip	recv_chi2	recv_straight	partner_kind	partner_sh_pdg	partner_seg_pdg	partner_seg_id	partner_end_x	partner_far_x	partner_len	partner_dqdx_mip	partner_chi2	partner_straight	partner_zerofrac	gap_cm	a_gap_deg	a_tan_deg	waived	same_clus
mcp1k	169626	receiver_type	53063-53070	4	11	11	53063	-1.84	-6.02	9.2	1.166	3.05	0.836	bare	-1	2212	53070	-3.36	-6.54	14.1	2.581	2.50	0.952	0.000	24.8	134.8	59.9	0	1
mcp1k	282231	receiver_type	19000-23002	2	2212	2212	23002	2.00	3.90	8.0	3.780	4.37	0.825	bare	-1	13	19000	-0.54	-11.09	52.4	1.427	1.79	0.954	0.000	34.1	35.0	34.0	0	0
mcp1k	282231	receiver_type	19000-23002	2	2212	2212	23002	3.90	2.00	8.0	3.780	4.37	0.825	bare	-1	13	19000	-0.54	-11.09	52.4	1.427	1.79	0.954	0.000	39.5	145.4	140.4	0	0
mcp1k	287654	receiver_type	12001-12004	0	11	11	12004	-4.86	-3.37	6.3	0.685	4.20	0.870	bare	-1	211	12001	-4.67	-8.66	55.5	1.340	2.68	0.941	0.000	54.8	29.5	144.5	0	1
mcp1k	287654	receiver_type	12001-12004	0	11	11	12004	-3.37	-4.86	6.3	0.685	4.20	0.870	bare	-1	211	12001	-4.67	-8.66	55.5	1.340	2.68	0.941	0.000	59.4	141.9	45.6	0	1
mcp1k	287654	receiver_type	12001-12005	0	11	11	12005	-4.86	-0.53	7.2	0.950	2.47	0.703	bare	-1	211	12001	-4.67	-8.66	55.5	1.340	2.68	0.941	0.000	54.8	96.0	82.0	0	1
mcp1k	287654	receiver_type	12001-12005	0	11	11	12005	-0.53	-4.86	7.2	0.950	2.47	0.703	bare	-1	211	12001	-4.67	-8.66	55.5	1.340	2.68	0.941	0.000	55.5	108.8	79.7	0	1
mcp1k	289559	angle_gap	14005-14007	0	13	13	14007	-2.34	38.84	101.1	1.136	1.31	0.975	bare	-1	2212	14005	1.99	-2.34	12.9	1.670	2.45	0.960	0.000	12.4	145.1	32.6	0	1
mcp1k	289559	angle_gap	14007-14011	0	13	13	14007	-2.34	38.84	101.1	1.136	1.31	0.975	bare	-1	2212	14011	-5.65	-2.34	5.4	3.906	2.69	0.981	0.000	5.3	73.2	105.9	0	1
mcp1k	289559	angle_gap	14007-14011	0	13	13	14007	-2.34	38.84	101.1	1.136	1.31	0.975	bare	-1	2212	14011	-2.34	-5.65	5.4	3.906	2.69	0.981	0.000	0.0	181.0	72.4	0	1
mcp1k	289559	partner_type	14007-42014	0	13	13	14007	-2.34	38.84	101.1	1.136	1.31	0.975	shower	2212	2212	42014	4.09	8.37	19.3	3.480	2.17	0.986	0.000	21.5	135.3	138.5	0	0
mcp1k	289559	receiver_type	14005-42014	3	2212	2212	42014	4.09	8.37	19.3	3.480	2.17	0.986	bare	-1	2212	14005	-2.34	1.99	12.9	1.670	2.45	0.960	0.000	21.5	10.1	173.7	0	0
mcp1k	289559	receiver_type	14005-42014	3	2212	2212	42014	4.09	8.37	19.3	3.480	2.17	0.986	bare	-1	2212	14005	1.99	-2.34	12.9	1.670	2.45	0.960	0.000	9.5	21.5	10.6	0	0
mcp1k	289559	receiver_type	14007-42014	3	2212	2212	42014	4.09	8.37	19.3	3.480	2.17	0.986	shower	13	13	14007	-2.34	38.84	101.1	1.136	1.31	0.975	0.000	21.5	10.1	138.5	0	0
mcp1k	289559	receiver_type	14011-42014	3	2212	2212	42014	4.09	8.37	19.3	3.480	2.17	0.986	bare	-1	2212	14011	-5.65	-2.34	5.4	3.906	2.69	0.981	0.000	25.2	19.3	119.5	0	0
mcp1k	289559	receiver_type	14011-42014	3	2212	2212	42014	4.09	8.37	19.3	3.480	2.17	0.986	bare	-1	2212	14011	-2.34	-5.65	5.4	3.906	2.69	0.981	0.000	21.5	10.1	59.2	0	0
mcp1k	349549	receiver_type	12088-12092	16	11	11	12092	1.15	18.70	39.4	1.451	2.28	0.930	bare	-1	2212	12088	1.15	-14.89	39.9	2.879	1.98	0.956	0.000	0.0	181.0	95.7	0	1
mcp1k	349549	receiver_type	12091-12092	16	11	11	12092	1.15	18.70	39.4	1.451	2.28	0.930	bare	-1	13	12091	1.15	41.04	58.3	1.396	1.23	0.981	0.000	0.0	181.0	153.4	0	1
mcp1k	386948	receiver_type	16008-79039	5	11	11	16008	-4.25	-7.39	5.6	1.212	4.52	0.802	shower	11	11	79039	-0.84	-4.96	11.9	1.250	2.33	0.913	0.000	78.7	113.2	100.0	0	0
mcp1k	386948	receiver_type	16008-79039	5	11	11	16008	-4.25	-7.39	5.6	1.212	4.52	0.802	shower	11	11	79039	-4.96	-0.84	11.9	1.250	2.33	0.913	0.000	86.1	112.8	75.2	0	0
mcp1k	386948	receiver_type	16008-80042	5	11	11	16008	-4.25	-7.39	5.6	1.212	4.52	0.802	shower	11	11	80042	-1.38	-1.03	7.3	0.781	5.23	0.900	0.000	58.5	125.3	82.8	0	0
mcp1k	386948	receiver_type	16008-80042	5	11	11	16008	-4.25	-7.39	5.6	1.212	4.52	0.802	shower	11	11	80042	-1.03	-1.38	7.3	0.781	5.23	0.900	0.000	60.3	122.7	104.7	0	0
mcp1k	386948	receiver_type	16008-80043	5	11	11	16008	-4.25	-7.39	5.6	1.212	4.52	0.802	shower	11	11	80043	-1.03	-1.43	8.6	1.221	3.89	0.872	0.000	60.3	122.7	101.6	0	0
mcp1k	386948	receiver_type	16008-80043	5	11	11	16008	-4.25	-7.39	5.6	1.212	4.52	0.802	shower	11	11	80043	-1.43	-1.03	8.6	1.221	3.89	0.872	0.000	65.1	120.9	87.5	0	0
mcp1k	386948	receiver_type	16008-80044	5	11	11	16008	-4.25	-7.39	5.6	1.212	4.52	0.802	shower	11	11	80044	-1.03	-3.70	7.8	0.912	4.31	0.604	0.000	60.3	122.7	160.2	0	0
mcp1k	386948	receiver_type	16008-80044	5	11	11	16008	-4.25	-7.39	5.6	1.212	4.52	0.802	shower	11	11	80044	-3.70	-1.03	7.8	0.912	4.31	0.604	0.000	63.7	124.4	63.2	0	0
mcp1k	386948	receiver_type	16008-93073	5	11	11	16008	-4.25	-7.39	5.6	1.212	4.52	0.802	shower	11	11	93073	-4.37	-0.49	5.7	0.873	3.59	0.720	0.100	52.2	131.8	65.1	0	0
mcp1k	386948	receiver_type	16008-93073	5	11	11	16008	-4.25	-7.39	5.6	1.212	4.52	0.802	shower	11	11	93073	-0.49	-4.37	5.7	0.873	3.59	0.720	0.100	53.5	127.8	119.1	0	0
mcp1k	386948	receiver_type	16008-79039	6	11	11	79039	-0.84	-4.96	11.9	1.250	2.33	0.913	shower	11	11	16008	-4.25	-7.39	5.6	1.212	4.52	0.802	0.000	78.7	45.4	100.0	0	0
mcp1k	386948	receiver_type	79039-80042	6	11	11	79039	-0.84	-4.96	11.9	1.250	2.33	0.913	shower	11	11	80042	-1.38	-1.03	7.3	0.781	5.23	0.900	0.000	36.7	17.4	162.5	0	0
mcp1k	386948	receiver_type	79039-80042	6	11	11	79039	-0.84	-4.96	11.9	1.250	2.33	0.913	shower	11	11	80042	-1.03	-1.38	7.3	0.781	5.23	0.900	0.000	30.2	16.7	26.1	0	0
mcp1k	386948	receiver_type	79039-80043	6	11	11	79039	-0.84	-4.96	11.9	1.250	2.33	0.913	shower	11	11	80043	-1.03	-1.43	8.6	1.221	3.89	0.872	0.000	30.2	16.7	161.6	0	0
mcp1k	386948	receiver_type	79039-80043	6	11	11	79039	-0.84	-4.96	11.9	1.250	2.33	0.913	shower	11	11	80043	-1.43	-1.03	8.6	1.221	3.89	0.872	0.000	22.8	18.3	15.8	0	0
mcp1k	386948	receiver_type	79039-80044	6	11	11	79039	-0.84	-4.96	11.9	1.250	2.33	0.913	shower	11	11	80044	-1.03	-3.70	7.8	0.912	4.31	0.604	0.000	30.2	16.7	119.7	0	0
mcp1k	386948	receiver_type	79039-80044	6	11	11	79039	-0.84	-4.96	11.9	1.250	2.33	0.913	shower	11	11	80044	-3.70	-1.03	7.8	0.912	4.31	0.604	0.000	27.4	23.1	21.8	0	0
mcp1k	386948	receiver_type	79039-93073	6	11	11	79039	-0.84	-4.96	11.9	1.250	2.33	0.913	shower	11	11	93073	-4.37	-0.49	5.7	0.873	3.59	0.720	0.100	51.0	20.3	87.6	0	0
mcp1k	386948	receiver_type	79039-93073	6	11	11	79039	-0.84	-4.96	11.9	1.250	2.33	0.913	shower	11	11	93073	-0.49	-4.37	5.7	0.873	3.59	0.720	0.100	51.4	15.9	128.3	0	0
mcp1k	386948	receiver_type	16008-79039	6	11	11	79039	-4.96	-0.84	11.9	1.250	2.33	0.913	shower	11	11	16008	-4.25	-7.39	5.6	1.212	4.52	0.802	0.000	86.1	130.2	75.2	0	0
mcp1k	386948	receiver_type	79039-80042	6	11	11	79039	-4.96	-0.84	11.9	1.250	2.33	0.913	shower	11	11	80042	-1.38	-1.03	7.3	0.781	5.23	0.900	0.000	46.8	155.9	26.9	0	0
mcp1k	386948	receiver_type	79039-80042	6	11	11	79039	-4.96	-0.84	11.9	1.250	2.33	0.913	shower	11	11	80042	-1.03	-1.38	7.3	0.781	5.23	0.900	0.000	40.4	156.9	143.8	0	0
mcp1k	386948	receiver_type	79039-80043	6	11	11	79039	-4.96	-0.84	11.9	1.250	2.33	0.913	shower	11	11	80043	-1.03	-1.43	8.6	1.221	3.89	0.872	0.000	40.4	156.9	30.6	0	0
mcp1k	386948	receiver_type	79039-80043	6	11	11	79039	-4.96	-0.84	11.9	1.250	2.33	0.913	shower	11	11	80043	-1.43	-1.03	8.6	1.221	3.89	0.872	0.000	33.1	157.7	151.0	0	0
mcp1k	386948	receiver_type	79039-80044	6	11	11	79039	-4.96	-0.84	11.9	1.250	2.33	0.913	shower	11	11	80044	-1.03	-3.70	7.8	0.912	4.31	0.604	0.000	40.4	156.9	55.6	0	0
mcp1k	386948	receiver_type	79039-80044	6	11	11	79039	-4.96	-0.84	11.9	1.250	2.33	0.913	shower	11	11	80044	-3.70	-1.03	7.8	0.912	4.31	0.604	0.000	37.3	153.6	151.8	0	0
mcp1k	386948	receiver_type	79039-93073	6	11	11	79039	-4.96	-0.84	11.9	1.250	2.33	0.913	shower	11	11	93073	-4.37	-0.49	5.7	0.873	3.59	0.720	0.100	60.9	151.6	105.6	0	0
mcp1k	386948	receiver_type	79039-93073	6	11	11	79039	-4.96	-0.84	11.9	1.250	2.33	0.913	shower	11	11	93073	-0.49	-4.37	5.7	0.873	3.59	0.720	0.100	61.6	155.4	38.6	0	0
mcp1k	386948	receiver_type	16008-80042	18	11	11	80042	-1.38	-1.03	7.3	0.781	5.23	0.900	shower	11	11	16008	-4.25	-7.39	5.6	1.212	4.52	0.802	0.000	58.5	77.5	82.8	0	0
mcp1k	386948	receiver_type	79039-80042	18	11	11	80042	-1.38	-1.03	7.3	0.781	5.23	0.900	shower	11	11	79039	-0.84	-4.96	11.9	1.250	2.33	0.913	0.000	36.7	172.7	162.5	0	0
mcp1k	386948	receiver_type	79039-80042	18	11	11	80042	-1.38	-1.03	7.3	0.781	5.23	0.900	shower	11	11	79039	-4.96	-0.84	11.9	1.250	2.33	0.913	0.000	46.8	172.6	26.9	0	0
mcp1k	386948	receiver_type	16008-80042	18	11	11	80042	-1.03	-1.38	7.3	0.781	5.23	0.900	shower	11	11	16008	-4.25	-7.39	5.6	1.212	4.52	0.802	0.000	60.3	107.9	104.7	0	0
mcp1k	386948	receiver_type	79039-80042	18	11	11	80042	-1.03	-1.38	7.3	0.781	5.23	0.900	shower	11	11	79039	-0.84	-4.96	11.9	1.250	2.33	0.913	0.000	30.2	11.9	26.1	0	0
mcp1k	386948	receiver_type	79039-80042	18	11	11	80042	-1.03	-1.38	7.3	0.781	5.23	0.900	shower	11	11	79039	-4.96	-0.84	11.9	1.250	2.33	0.913	0.000	40.4	16.0	143.8	0	0
mcp1k	386948	receiver_type	16008-80043	18	11	11	80043	-1.03	-1.43	8.6	1.221	3.89	0.872	shower	11	11	16008	-4.25	-7.39	5.6	1.212	4.52	0.802	0.000	60.3	47.6	101.6	0	0
mcp1k	386948	receiver_type	79039-80043	18	11	11	80043	-1.03	-1.43	8.6	1.221	3.89	0.872	shower	11	11	79039	-0.84	-4.96	11.9	1.250	2.33	0.913	0.000	30.2	163.3	161.6	0	0
mcp1k	386948	receiver_type	79039-80043	18	11	11	80043	-1.03	-1.43	8.6	1.221	3.89	0.872	shower	11	11	79039	-4.96	-0.84	11.9	1.250	2.33	0.913	0.000	40.4	163.8	30.6	0	0
mcp1k	386948	receiver_type	16008-80043	18	11	11	80043	-1.43	-1.03	8.6	1.221	3.89	0.872	shower	11	11	16008	-4.25	-7.39	5.6	1.212	4.52	0.802	0.000	65.1	128.4	87.5	0	0
mcp1k	386948	receiver_type	79039-80043	18	11	11	80043	-1.43	-1.03	8.6	1.221	3.89	0.872	shower	11	11	79039	-0.84	-4.96	11.9	1.250	2.33	0.913	0.000	22.8	10.1	15.8	0	0
mcp1k	386948	receiver_type	79039-80043	18	11	11	80043	-1.43	-1.03	8.6	1.221	3.89	0.872	shower	11	11	79039	-4.96	-0.84	11.9	1.250	2.33	0.913	0.000	33.1	10.3	151.0	0	0
mcp1k	386948	receiver_type	16008-80044	18	11	11	80044	-1.03	-3.70	7.8	0.912	4.31	0.604	shower	11	11	16008	-4.25	-7.39	5.6	1.212	4.52	0.802	0.000	60.3	52.7	160.2	0	0
mcp1k	386948	receiver_type	79039-80044	18	11	11	80044	-1.03	-3.70	7.8	0.912	4.31	0.604	shower	11	11	79039	-0.84	-4.96	11.9	1.250	2.33	0.913	0.000	30.2	106.2	119.7	0	0
mcp1k	386948	receiver_type	79039-80044	18	11	11	80044	-1.03	-3.70	7.8	0.912	4.31	0.604	shower	11	11	79039	-4.96	-0.84	11.9	1.250	2.33	0.913	0.000	40.4	110.6	55.6	0	0
mcp1k	386948	receiver_type	16008-80044	18	11	11	80044	-3.70	-1.03	7.8	0.912	4.31	0.604	shower	11	11	16008	-4.25	-7.39	5.6	1.212	4.52	0.802	0.000	63.7	138.6	63.2	0	0
mcp1k	386948	receiver_type	79039-80044	18	11	11	80044	-3.70	-1.03	7.8	0.912	4.31	0.604	shower	11	11	79039	-0.84	-4.96	11.9	1.250	2.33	0.913	0.000	27.4	37.6	21.8	0	0
mcp1k	386948	receiver_type	79039-80044	18	11	11	80044	-3.70	-1.03	7.8	0.912	4.31	0.604	shower	11	11	79039	-4.96	-0.84	11.9	1.250	2.33	0.913	0.000	37.3	32.1	151.8	0	0
mcp1k	386948	receiver_type	16008-93073	18	11	11	93073	-4.37	-0.49	5.7	0.873	3.59	0.720	shower	11	11	16008	-4.25	-7.39	5.6	1.212	4.52	0.802	0.000	52.2	66.6	65.1	0	0
mcp1k	386948	receiver_type	79039-93073	18	11	11	93073	-4.37	-0.49	5.7	0.873	3.59	0.720	shower	11	11	79039	-0.84	-4.96	11.9	1.250	2.33	0.913	0.000	51.0	106.8	87.6	0	0
mcp1k	386948	receiver_type	79039-93073	18	11	11	93073	-4.37	-0.49	5.7	0.873	3.59	0.720	shower	11	11	79039	-4.96	-0.84	11.9	1.250	2.33	0.913	0.000	60.9	102.4	105.6	0	0
mcp1k	386948	receiver_type	16008-93073	18	11	11	93073	-0.49	-4.37	5.7	0.873	3.59	0.720	shower	11	11	16008	-4.25	-7.39	5.6	1.212	4.52	0.802	0.000	53.5	103.9	119.1	0	0
mcp1k	386948	receiver_type	79039-93073	18	11	11	93073	-0.49	-4.37	5.7	0.873	3.59	0.720	shower	11	11	79039	-0.84	-4.96	11.9	1.250	2.33	0.913	0.000	51.4	113.1	128.3	0	0
mcp1k	386948	receiver_type	79039-93073	18	11	11	93073	-0.49	-4.37	5.7	0.873	3.59	0.720	shower	11	11	79039	-4.96	-0.84	11.9	1.250	2.33	0.913	0.000	61.6	116.9	38.6	0	0
mcp1k	394796	receiver_type	15001-46013	0	11	11	46013	3.35	1.68	6.4	1.472	1.65	0.978	bare	-1	13	15001	4.48	36.91	147.3	1.156	1.49	0.953	0.000	6.3	14.7	7.1	1	0
mcp1k	394796	receiver_type	15001-46013	0	11	11	46013	1.68	3.35	6.4	1.472	1.65	0.978	bare	-1	13	15001	4.48	36.91	147.3	1.156	1.49	0.953	0.000	12.4	171.8	172.8	0	0
mcp1k	399118	receiver_type	60031-9000	0	11	11	60031	5.36	6.99	6.1	1.157	4.10	0.959	bare	-1	13	9000	-0.70	-45.55	153.7	1.218	1.54	0.959	0.000	14.9	11.1	46.5	0	0
mcp1k	399118	receiver_type	16017-60031	0	11	11	60031	5.36	6.99	6.1	1.157	4.10	0.959	bare	-1	2212	16017	5.46	-9.18	108.8	1.956	2.50	0.909	0.000	11.2	43.7	43.6	0	0
mcp1k	399118	receiver_type	60032-9000	0	11	11	60032	5.36	8.89	7.4	1.090	4.18	0.693	bare	-1	13	9000	-0.70	-45.55	153.7	1.218	1.54	0.959	0.000	14.9	36.4	78.7	0	0
mcp1k	399118	receiver_type	16017-60032	0	11	11	60032	5.36	8.89	7.4	1.090	4.18	0.693	bare	-1	2212	16017	5.46	-9.18	108.8	1.956	2.50	0.909	0.000	11.2	27.3	81.1	0	0
mcp1k	409634	receiver_type	21002-69032	0	11	11	21002	-0.85	-1.13	10.7	1.752	4.25	0.933	shower	11	11	69032	5.24	2.95	6.2	1.804	1.74	0.940	0.000	28.4	164.3	30.7	0	0
mcp1k	409634	receiver_type	21002-69032	0	11	11	21002	-0.85	-1.13	10.7	1.752	4.25	0.933	shower	11	11	69032	2.95	5.24	6.2	1.804	1.74	0.940	0.000	22.9	167.2	148.0	0	0
mcp1k	409634	receiver_type	21002-69032	0	11	11	21002	-1.13	-0.85	10.7	1.752	4.25	0.933	shower	11	11	69032	5.24	2.95	6.2	1.804	1.74	0.940	0.000	18.9	21.2	157.5	0	0
mcp1k	409634	receiver_type	21002-69032	0	11	11	21002	-1.13	-0.85	10.7	1.752	4.25	0.933	shower	11	11	69032	2.95	5.24	6.2	1.804	1.74	0.940	0.000	13.3	22.6	27.9	0	0
mcp1k	409634	receiver_type	21003-69032	0	11	11	21003	-0.85	-3.03	6.3	1.009	4.11	0.888	shower	11	11	69032	5.24	2.95	6.2	1.804	1.74	0.940	0.000	28.4	154.1	41.4	0	0
mcp1k	409634	receiver_type	21003-69032	0	11	11	21003	-0.85	-3.03	6.3	1.009	4.11	0.888	shower	11	11	69032	2.95	5.24	6.2	1.804	1.74	0.940	0.000	22.9	157.7	137.6	0	0
mcp1k	409634	receiver_type	21003-69032	0	11	11	21003	-3.03	-0.85	6.3	1.009	4.11	0.888	shower	11	11	69032	5.24	2.95	6.2	1.804	1.74	0.940	0.000	24.1	53.9	129.8	0	0
mcp1k	409634	receiver_type	21003-69032	0	11	11	21003	-3.03	-0.85	6.3	1.009	4.11	0.888	shower	11	11	69032	2.95	5.24	6.2	1.804	1.74	0.940	0.000	18.4	54.0	60.4	0	0
mcp1k	409634	receiver_type	21004-69032	0	11	11	21004	4.29	1.64	14.9	1.020	3.39	0.743	shower	11	11	69032	5.24	2.95	6.2	1.804	1.74	0.940	0.000	37.0	161.7	37.7	0	0
mcp1k	409634	receiver_type	21004-69032	0	11	11	21004	4.29	1.64	14.9	1.020	3.39	0.743	shower	11	11	69032	2.95	5.24	6.2	1.804	1.74	0.940	0.000	31.8	164.8	135.7	0	0
mcp1k	409634	receiver_type	21004-69032	0	11	11	21004	1.64	4.29	14.9	1.020	3.39	0.743	shower	11	11	69032	5.24	2.95	6.2	1.804	1.74	0.940	0.000	26.6	24.1	150.6	0	0
mcp1k	409634	receiver_type	21004-69032	0	11	11	21004	1.64	4.29	14.9	1.020	3.39	0.743	shower	11	11	69032	2.95	5.24	6.2	1.804	1.74	0.940	0.000	21.3	24.2	39.1	0	0
mcp1k	409634	receiver_type	21005-69032	0	11	11	21005	-0.85	1.64	6.7	1.009	4.87	0.468	shower	11	11	69032	5.24	2.95	6.2	1.804	1.74	0.940	0.000	28.4	119.2	40.2	0	0
mcp1k	409634	receiver_type	21005-69032	0	11	11	21005	-0.85	1.64	6.7	1.009	4.87	0.468	shower	11	11	69032	2.95	5.24	6.2	1.804	1.74	0.940	0.000	22.9	115.4	127.8	0	0
mcp1k	409634	receiver_type	21005-69032	0	11	11	21005	1.64	-0.85	6.7	1.009	4.87	0.468	shower	11	11	69032	5.24	2.95	6.2	1.804	1.74	0.940	0.000	26.6	62.9	120.2	0	0
mcp1k	409634	receiver_type	21005-69032	0	11	11	21005	1.64	-0.85	6.7	1.009	4.87	0.468	shower	11	11	69032	2.95	5.24	6.2	1.804	1.74	0.940	0.000	21.3	66.3	45.7	0	0
mcp1k	409634	receiver_type	68026-69032	0	11	11	68026	5.53	6.92	5.5	1.301	1.59	0.924	shower	11	11	69032	5.24	2.95	6.2	1.804	1.74	0.940	0.000	38.9	18.8	143.8	0	0
mcp1k	409634	receiver_type	68026-69032	0	11	11	68026	5.53	6.92	5.5	1.301	1.59	0.924	shower	11	11	69032	2.95	5.24	6.2	1.804	1.74	0.940	0.000	33.7	16.5	45.0	0	0
mcp1k	409634	receiver_type	21002-69032	2	11	11	69032	5.24	2.95	6.2	1.804	1.74	0.940	shower	11	11	21002	-0.85	-1.13	10.7	1.752	4.25	0.933	0.105	28.4	159.4	30.7	0	0
mcp1k	409634	receiver_type	21002-69032	2	11	11	69032	5.24	2.95	6.2	1.804	1.74	0.940	shower	11	11	21002	-1.13	-0.85	10.7	1.752	4.25	0.933	0.105	18.9	159.2	157.5	0	0
mcp1k	409634	receiver_type	21003-69032	2	11	11	69032	5.24	2.95	6.2	1.804	1.74	0.940	shower	11	11	21003	-0.85	-3.03	6.3	1.009	4.11	0.888	0.000	28.4	159.4	41.4	0	0
mcp1k	409634	receiver_type	21003-69032	2	11	11	69032	5.24	2.95	6.2	1.804	1.74	0.940	shower	11	11	21003	-3.03	-0.85	6.3	1.009	4.11	0.888	0.000	24.1	159.9	129.8	0	0
mcp1k	409634	receiver_type	21004-69032	2	11	11	69032	5.24	2.95	6.2	1.804	1.74	0.940	shower	11	11	21004	4.29	1.64	14.9	1.020	3.39	0.743	0.000	37.0	154.5	37.7	0	0
mcp1k	409634	receiver_type	21004-69032	2	11	11	69032	5.24	2.95	6.2	1.804	1.74	0.940	shower	11	11	21004	1.64	4.29	14.9	1.020	3.39	0.743	0.000	26.6	155.3	150.6	0	0
mcp1k	409634	receiver_type	21005-69032	2	11	11	69032	5.24	2.95	6.2	1.804	1.74	0.940	shower	11	11	21005	-0.85	1.64	6.7	1.009	4.87	0.468	0.000	28.4	159.4	40.2	0	0
mcp1k	409634	receiver_type	21005-69032	2	11	11	69032	5.24	2.95	6.2	1.804	1.74	0.940	shower	11	11	21005	1.64	-0.85	6.7	1.009	4.87	0.468	0.000	26.6	155.3	120.2	0	0
mcp1k	409634	receiver_type	68026-69032	2	11	11	69032	5.24	2.95	6.2	1.804	1.74	0.940	shower	11	11	68026	5.53	6.92	5.5	1.301	1.59	0.924	0.000	38.9	153.8	143.8	0	0
mcp1k	409634	receiver_type	21002-69032	2	11	11	69032	2.95	5.24	6.2	1.804	1.74	0.940	shower	11	11	21002	-0.85	-1.13	10.7	1.752	4.25	0.933	0.105	22.9	20.2	148.0	0	0
mcp1k	409634	receiver_type	21002-69032	2	11	11	69032	2.95	5.24	6.2	1.804	1.74	0.940	shower	11	11	21002	-1.13	-0.85	10.7	1.752	4.25	0.933	0.105	13.3	15.9	27.9	0	0
mcp1k	409634	receiver_type	21003-69032	2	11	11	69032	2.95	5.24	6.2	1.804	1.74	0.940	shower	11	11	21003	-0.85	-3.03	6.3	1.009	4.11	0.888	0.000	22.9	20.2	137.6	0	0
mcp1k	409634	receiver_type	21003-69032	2	11	11	69032	2.95	5.24	6.2	1.804	1.74	0.940	shower	11	11	21003	-3.03	-0.85	6.3	1.009	4.11	0.888	0.000	18.4	13.3	60.4	0	0
mcp1k	409634	receiver_type	21004-69032	2	11	11	69032	2.95	5.24	6.2	1.804	1.74	0.940	shower	11	11	21004	4.29	1.64	14.9	1.020	3.39	0.743	0.000	31.8	31.1	135.7	0	0
mcp1k	409634	receiver_type	21004-69032	2	11	11	69032	2.95	5.24	6.2	1.804	1.74	0.940	shower	11	11	21004	1.64	4.29	14.9	1.020	3.39	0.743	0.000	21.3	27.1	39.1	0	0
mcp1k	409634	receiver_type	21005-69032	2	11	11	69032	2.95	5.24	6.2	1.804	1.74	0.940	shower	11	11	21005	-0.85	1.64	6.7	1.009	4.87	0.468	0.000	22.9	20.2	127.8	0	0
mcp1k	409634	receiver_type	21005-69032	2	11	11	69032	2.95	5.24	6.2	1.804	1.74	0.940	shower	11	11	21005	1.64	-0.85	6.7	1.009	4.87	0.468	0.000	21.3	27.1	45.7	0	0
mcp1k	409634	receiver_type	68026-69032	2	11	11	69032	2.95	5.24	6.2	1.804	1.74	0.940	shower	11	11	68026	5.53	6.92	5.5	1.301	1.59	0.924	0.000	33.7	32.9	45.0	0	0
mcp1k	410008	receiver_type	20001-98034	19	11	11	20001	-2.44	-7.41	17.6	1.293	2.77	0.961	shower	11	11	98034	-4.27	-3.43	5.8	1.596	4.04	0.805	0.000	5.4	35.1	26.4	0	0
mcp1k	410008	receiver_type	20001-98034	19	11	11	20001	-2.44	-7.41	17.6	1.293	2.77	0.961	shower	11	11	98034	-3.43	-4.27	5.8	1.596	4.04	0.805	0.000	9.6	24.1	154.9	0	0
mcp1k	410008	receiver_type	20001-98035	19	11	11	20001	-2.44	-7.41	17.6	1.293	2.77	0.961	shower	11	11	98035	-4.27	-6.64	7.8	0.684	4.23	0.673	0.071	5.4	35.1	131.3	0	0
mcp1k	410008	receiver_type	20001-98037	19	11	11	20001	-2.44	-7.41	17.6	1.293	2.77	0.961	shower	11	11	98037	-5.38	-6.23	14.2	0.995	4.14	0.867	0.080	12.2	55.1	128.5	0	0
mcp1k	410008	receiver_type	20001-98038	19	11	11	20001	-2.44	-7.41	17.6	1.293	2.77	0.961	shower	11	11	98038	-4.27	-6.23	6.6	1.251	4.07	0.885	0.000	5.4	35.1	173.6	0	0
mcp1k	410008	receiver_type	20001-98034	2	11	11	98034	-4.27	-3.43	5.8	1.596	4.04	0.805	shower	11	11	20001	-2.44	-7.41	17.6	1.293	2.77	0.961	0.000	5.4	22.6	26.4	0	0
mcp1k	410008	receiver_type	20001-98034	2	11	11	98034	-3.43	-4.27	5.8	1.596	4.04	0.805	shower	11	11	20001	-2.44	-7.41	17.6	1.293	2.77	0.961	0.000	9.6	144.7	154.9	0	0
mcp1k	410008	receiver_type	20001-98035	2	11	11	98035	-4.27	-6.64	7.8	0.684	4.23	0.673	shower	11	11	20001	-2.44	-7.41	17.6	1.293	2.77	0.961	0.000	5.4	111.5	131.3	0	0
mcp1k	410008	receiver_type	20001-98037	2	11	11	98037	-5.38	-6.23	14.2	0.995	4.14	0.867	shower	11	11	20001	-2.44	-7.41	17.6	1.293	2.77	0.961	0.000	12.2	160.3	128.5	0	0
mcp1k	410008	receiver_type	20001-98038	2	11	11	98038	-4.27	-6.23	6.6	1.251	4.07	0.885	shower	11	11	20001	-2.44	-7.41	17.6	1.293	2.77	0.961	0.000	5.4	141.4	173.6	0	0
mcp1k	492913	receiver_type	15000-32002	0	11	11	32002	3.47	2.75	5.2	1.357	1.79	0.979	bare	-1	13	15000	2.91	-4.22	50.1	1.151	1.87	0.936	0.000	8.8	26.3	11.5	0	0
mcp1k	492913	receiver_type	15000-32002	0	11	11	32002	3.47	2.75	5.2	1.357	1.79	0.979	bare	-1	13	15000	-4.22	2.91	50.1	1.151	1.87	0.936	0.000	55.2	15.0	165.3	0	0
mcp1k	492913	receiver_type	15000-32002	0	11	11	32002	2.75	3.47	5.2	1.357	1.79	0.979	bare	-1	13	15000	2.91	-4.22	50.1	1.151	1.87	0.936	0.000	13.5	160.2	159.3	0	0
mcp1k	492913	receiver_type	15000-32002	0	11	11	32002	2.75	3.47	5.2	1.357	1.79	0.979	bare	-1	13	15000	-4.22	2.91	50.1	1.151	1.87	0.936	0.000	60.1	158.7	22.8	0	0
mcp1k	57661	receiver_type	23014-25016	1	11	11	23014	-4.70	-4.61	7.9	0.733	2.78	0.983	shower	11	11	25016	-4.30	-4.94	20.1	1.397	4.62	0.868	0.000	17.0	145.9	7.8	0	0
mcp1k	57661	receiver_type	23014-25016	1	11	11	23014	-4.70	-4.61	7.9	0.733	2.78	0.983	shower	11	11	25016	-4.94	-4.30	20.1	1.397	4.62	0.868	0.000	8.5	67.5	175.2	0	0
mcp1k	57661	receiver_type	23014-25017	1	11	11	23014	-4.70	-4.61	7.9	0.733	2.78	0.983	shower	11	11	25017	-4.94	-0.66	11.3	0.565	4.51	0.836	0.550	8.5	67.5	144.5	0	0
mcp1k	57661	receiver_type	23014-25017	1	11	11	23014	-4.70	-4.61	7.9	0.733	2.78	0.983	shower	11	11	25017	-0.66	-4.94	11.3	0.565	4.51	0.836	0.550	12.7	111.1	33.2	0	0
mcp1k	57661	receiver_type	23014-26018	1	11	11	23014	-4.70	-4.61	7.9	0.733	2.78	0.983	shower	11	11	26018	-3.92	-3.76	8.4	0.714	6.97	0.948	0.067	249.7	82.7	2.5	0	0
mcp1k	57661	receiver_type	23014-26018	1	11	11	23014	-4.70	-4.61	7.9	0.733	2.78	0.983	shower	11	11	26018	-3.76	-3.92	8.4	0.714	6.97	0.948	0.067	250.6	80.9	178.3	0	0
mcp1k	57661	receiver_type	23014-25016	1	11	11	23014	-4.61	-4.70	7.9	0.733	2.78	0.983	shower	11	11	25016	-4.30	-4.94	20.1	1.397	4.62	0.868	0.000	11.4	55.9	172.7	0	0
mcp1k	57661	receiver_type	23014-25016	1	11	11	23014	-4.61	-4.70	7.9	0.733	2.78	0.983	shower	11	11	25016	-4.94	-4.30	20.1	1.397	4.62	0.868	0.000	13.5	144.2	4.1	0	0
mcp1k	57661	receiver_type	23014-25017	1	11	11	23014	-4.61	-4.70	7.9	0.733	2.78	0.983	shower	11	11	25017	-4.94	-0.66	11.3	0.565	4.51	0.836	0.550	13.5	144.2	34.7	0	0
mcp1k	57661	receiver_type	23014-25017	1	11	11	23014	-4.61	-4.70	7.9	0.733	2.78	0.983	shower	11	11	25017	-0.66	-4.94	11.3	0.565	4.51	0.836	0.550	12.2	104.6	147.6	0	0
mcp1k	57661	receiver_type	23014-26018	1	11	11	23014	-4.61	-4.70	7.9	0.733	2.78	0.983	shower	11	11	26018	-3.92	-3.76	8.4	0.714	6.97	0.948	0.067	250.8	99.5	176.8	0	0
mcp1k	57661	receiver_type	23014-26018	1	11	11	23014	-4.61	-4.70	7.9	0.733	2.78	0.983	shower	11	11	26018	-3.76	-3.92	8.4	0.714	6.97	0.948	0.067	252.0	101.2	2.5	0	0
mcp1k	57661	receiver_type	23014-25016	2	11	11	25016	-4.30	-4.94	20.1	1.397	4.62	0.868	shower	11	11	23014	-4.70	-4.61	7.9	0.733	2.78	0.983	0.357	17.0	153.6	7.8	0	0
mcp1k	57661	receiver_type	23014-25016	2	11	11	25016	-4.30	-4.94	20.1	1.397	4.62	0.868	shower	11	11	23014	-4.61	-4.70	7.9	0.733	2.78	0.983	0.357	11.4	131.3	172.7	0	0
mcp1k	57661	receiver_type	25016-26018	2	11	11	25016	-4.30	-4.94	20.1	1.397	4.62	0.868	shower	11	11	26018	-3.92	-3.76	8.4	0.714	6.97	0.948	0.067	261.2	107.7	169.8	0	0
mcp1k	57661	receiver_type	25016-26018	2	11	11	25016	-4.30	-4.94	20.1	1.397	4.62	0.868	shower	11	11	26018	-3.76	-3.92	8.4	0.714	6.97	0.948	0.067	262.6	109.4	8.7	0	0
mcp1k	57661	receiver_type	23014-25016	2	11	11	25016	-4.94	-4.30	20.1	1.397	4.62	0.868	shower	11	11	23014	-4.70	-4.61	7.9	0.733	2.78	0.983	0.357	8.5	108.4	175.2	0	0
mcp1k	57661	receiver_type	23014-25016	2	11	11	25016	-4.94	-4.30	20.1	1.397	4.62	0.868	shower	11	11	23014	-4.61	-4.70	7.9	0.733	2.78	0.983	0.357	13.5	140.4	4.1	0	0
mcp1k	57661	receiver_type	25016-26018	2	11	11	25016	-4.94	-4.30	20.1	1.397	4.62	0.868	shower	11	11	26018	-3.92	-3.76	8.4	0.714	6.97	0.948	0.067	257.1	79.5	7.3	0	0
mcp1k	57661	receiver_type	25016-26018	2	11	11	25016	-4.94	-4.30	20.1	1.397	4.62	0.868	shower	11	11	26018	-3.76	-3.92	8.4	0.714	6.97	0.948	0.067	257.9	77.8	173.8	0	0
mcp1k	57661	receiver_type	23014-25017	2	11	11	25017	-4.94	-0.66	11.3	0.565	4.51	0.836	shower	11	11	23014	-4.70	-4.61	7.9	0.733	2.78	0.983	0.357	8.5	88.3	144.5	0	0
mcp1k	57661	receiver_type	23014-25017	2	11	11	25017	-4.94	-0.66	11.3	0.565	4.51	0.836	shower	11	11	23014	-4.61	-4.70	7.9	0.733	2.78	0.983	0.357	13.5	116.8	34.7	0	0
mcp1k	57661	receiver_type	25017-26018	2	11	11	25017	-4.94	-0.66	11.3	0.565	4.51	0.836	shower	11	11	26018	-3.92	-3.76	8.4	0.714	6.97	0.948	0.067	257.1	62.1	37.9	0	0
mcp1k	57661	receiver_type	25017-26018	2	11	11	25017	-4.94	-0.66	11.3	0.565	4.51	0.836	shower	11	11	26018	-3.76	-3.92	8.4	0.714	6.97	0.948	0.067	257.9	60.6	142.9	0	0
mcp1k	57661	receiver_type	23014-25017	2	11	11	25017	-0.66	-4.94	11.3	0.565	4.51	0.836	shower	11	11	23014	-4.70	-4.61	7.9	0.733	2.78	0.983	0.357	12.7	135.4	33.2	0	0
mcp1k	57661	receiver_type	23014-25017	2	11	11	25017	-0.66	-4.94	11.3	0.565	4.51	0.836	shower	11	11	23014	-4.61	-4.70	7.9	0.733	2.78	0.983	0.357	12.2	101.7	147.6	0	0
mcp1k	57661	receiver_type	25017-26018	2	11	11	25017	-0.66	-4.94	11.3	0.565	4.51	0.836	shower	11	11	26018	-3.92	-3.76	8.4	0.714	6.97	0.948	0.067	261.3	114.9	144.6	0	0
mcp1k	57661	receiver_type	25017-26018	2	11	11	25017	-0.66	-4.94	11.3	0.565	4.51	0.836	shower	11	11	26018	-3.76	-3.92	8.4	0.714	6.97	0.948	0.067	262.4	116.3	34.9	0	0
mcp1k	57661	receiver_type	23014-26018	4	11	11	26018	-3.92	-3.76	8.4	0.714	6.97	0.948	shower	11	11	23014	-4.70	-4.61	7.9	0.733	2.78	0.983	0.357	249.7	84.9	2.5	0	0
mcp1k	57661	receiver_type	23014-26018	4	11	11	26018	-3.92	-3.76	8.4	0.714	6.97	0.948	shower	11	11	23014	-4.61	-4.70	7.9	0.733	2.78	0.983	0.357	250.8	83.2	176.8	0	0
mcp1k	57661	receiver_type	25016-26018	4	11	11	26018	-3.92	-3.76	8.4	0.714	6.97	0.948	shower	11	11	25016	-4.30	-4.94	20.1	1.397	4.62	0.868	0.000	261.2	82.2	169.8	0	0
mcp1k	57661	receiver_type	25016-26018	4	11	11	26018	-3.92	-3.76	8.4	0.714	6.97	0.948	shower	11	11	25016	-4.94	-4.30	20.1	1.397	4.62	0.868	0.000	257.1	85.9	7.3	0	0
mcp1k	57661	receiver_type	25017-26018	4	11	11	26018	-3.92	-3.76	8.4	0.714	6.97	0.948	shower	11	11	25017	-4.94	-0.66	11.3	0.565	4.51	0.836	0.550	257.1	85.9	37.9	0	0
mcp1k	57661	receiver_type	25017-26018	4	11	11	26018	-3.92	-3.76	8.4	0.714	6.97	0.948	shower	11	11	25017	-0.66	-4.94	11.3	0.565	4.51	0.836	0.550	261.3	84.3	144.6	0	0
mcp1k	57661	receiver_type	23014-26018	4	11	11	26018	-3.76	-3.92	8.4	0.714	6.97	0.948	shower	11	11	23014	-4.70	-4.61	7.9	0.733	2.78	0.983	0.357	250.6	98.6	178.3	0	0
mcp1k	57661	receiver_type	23014-26018	4	11	11	26018	-3.76	-3.92	8.4	0.714	6.97	0.948	shower	11	11	23014	-4.61	-4.70	7.9	0.733	2.78	0.983	0.357	252.0	100.4	2.5	0	0
mcp1k	57661	receiver_type	25016-26018	4	11	11	26018	-3.76	-3.92	8.4	0.714	6.97	0.948	shower	11	11	25016	-4.30	-4.94	20.1	1.397	4.62	0.868	0.000	262.6	101.3	8.7	0	0
mcp1k	57661	receiver_type	25016-26018	4	11	11	26018	-3.76	-3.92	8.4	0.714	6.97	0.948	shower	11	11	25016	-4.94	-4.30	20.1	1.397	4.62	0.868	0.000	257.9	97.6	173.8	0	0
mcp1k	57661	receiver_type	25017-26018	4	11	11	26018	-3.76	-3.92	8.4	0.714	6.97	0.948	shower	11	11	25017	-4.94	-0.66	11.3	0.565	4.51	0.836	0.550	257.9	97.6	142.9	0	0
mcp1k	57661	receiver_type	25017-26018	4	11	11	26018	-3.76	-3.92	8.4	0.714	6.97	0.948	shower	11	11	25017	-0.66	-4.94	11.3	0.565	4.51	0.836	0.550	262.4	99.2	34.9	0	0
mcp2k	100222	receiver_type	106073-108098	5	11	11	106073	-5.71	-5.69	7.9	0.751	9.49	0.974	shower	11	11	108098	5.70	10.50	11.5	1.275	3.86	0.701	0.000	19.8	50.7	53.7	0	0
mcp2k	100222	receiver_type	106073-108132	5	11	11	106073	-5.71	-5.69	7.9	0.751	9.49	0.974	shower	11	11	108132	2.33	-8.89	19.6	0.811	4.27	0.869	0.000	15.5	51.9	133.5	0	0
mcp2k	100222	receiver_type	106073-108133	5	11	11	106073	-5.71	-5.69	7.9	0.751	9.49	0.974	shower	11	11	108133	2.33	5.70	8.2	0.663	4.93	0.583	0.000	15.5	51.9	45.8	0	0
mcp2k	100222	receiver_type	106073-108133	5	11	11	106073	-5.71	-5.69	7.9	0.751	9.49	0.974	shower	11	11	108133	5.70	2.33	8.2	0.663	4.93	0.583	0.000	19.8	50.7	125.9	0	0
mcp2k	100222	receiver_type	106073-108145	5	11	11	106073	-5.71	-5.69	7.9	0.751	9.49	0.974	shower	11	11	108145	2.71	11.20	13.0	1.015	2.96	0.887	0.000	23.0	50.6	58.1	0	0
mcp2k	100222	receiver_type	106073-108156	5	11	11	106073	-5.71	-5.69	7.9	0.751	9.49	0.974	shower	11	11	108156	4.35	8.66	10.0	0.758	3.61	0.779	0.000	13.0	55.7	50.0	0	0
mcp2k	100222	receiver_type	106073-108162	5	11	11	106073	-5.71	-5.69	7.9	0.751	9.49	0.974	shower	11	11	108162	3.84	9.21	13.4	0.732	3.47	0.856	0.087	19.6	67.0	33.3	0	0
mcp2k	100222	receiver_type	106073-108165	5	11	11	106073	-5.71	-5.69	7.9	0.751	9.49	0.974	shower	11	11	108165	5.70	13.54	16.2	0.847	4.07	0.804	0.000	19.8	50.7	42.6	0	0
mcp2k	100222	receiver_type	106073-108098	5	11	11	106073	-5.69	-5.71	7.9	0.751	9.49	0.974	shower	11	11	108098	5.70	10.50	11.5	1.275	3.86	0.701	0.000	25.8	149.6	134.0	0	0
mcp2k	100222	receiver_type	106073-108132	5	11	11	106073	-5.69	-5.71	7.9	0.751	9.49	0.974	shower	11	11	108132	2.33	-8.89	19.6	0.811	4.27	0.869	0.000	21.4	150.6	37.8	0	0
mcp2k	100222	receiver_type	106073-108133	5	11	11	106073	-5.69	-5.71	7.9	0.751	9.49	0.974	shower	11	11	108133	2.33	5.70	8.2	0.663	4.93	0.583	0.000	21.4	150.6	143.3	0	0
mcp2k	100222	receiver_type	106073-108133	5	11	11	106073	-5.69	-5.71	7.9	0.751	9.49	0.974	shower	11	11	108133	5.70	2.33	8.2	0.663	4.93	0.583	0.000	25.8	149.6	44.8	0	0
mcp2k	100222	receiver_type	106073-108145	5	11	11	106073	-5.69	-5.71	7.9	0.751	9.49	0.974	shower	11	11	108145	2.71	11.20	13.0	1.015	2.96	0.887	0.000	28.8	146.0	129.7	0	0
mcp2k	100222	receiver_type	106073-108156	5	11	11	106073	-5.69	-5.71	7.9	0.751	9.49	0.974	shower	11	11	108156	4.35	8.66	10.0	0.758	3.61	0.779	0.000	18.8	152.1	138.2	0	0
mcp2k	100222	receiver_type	106073-108162	5	11	11	106073	-5.69	-5.71	7.9	0.751	9.49	0.974	shower	11	11	108162	3.84	9.21	13.4	0.732	3.47	0.856	0.087	24.0	135.4	152.2	0	0
mcp2k	100222	receiver_type	106073-108165	5	11	11	106073	-5.69	-5.71	7.9	0.751	9.49	0.974	shower	11	11	108165	5.70	13.54	16.2	0.847	4.07	0.804	0.000	25.8	149.6	145.4	0	0
mcp2k	100222	receiver_type	106073-108098	0	11	11	108098	5.70	10.50	11.5	1.275	3.86	0.701	shower	11	11	106073	-5.71	-5.69	7.9	0.751	9.49	0.974	0.000	19.8	48.7	53.7	0	0
mcp2k	100222	receiver_type	106073-108098	0	11	11	108098	5.70	10.50	11.5	1.275	3.86	0.701	shower	11	11	106073	-5.69	-5.71	7.9	0.751	9.49	0.974	0.000	25.8	45.4	134.0	0	0
mcp2k	100222	receiver_type	106073-108132	0	11	11	108132	2.33	-8.89	19.6	0.811	4.27	0.869	shower	11	11	106073	-5.71	-5.69	7.9	0.751	9.49	0.974	0.000	15.5	137.0	133.5	0	0
mcp2k	100222	receiver_type	106073-108132	0	11	11	108132	2.33	-8.89	19.6	0.811	4.27	0.869	shower	11	11	106073	-5.69	-5.71	7.9	0.751	9.49	0.974	0.000	21.4	142.8	37.8	0	0
mcp2k	100222	receiver_type	106073-108133	0	11	11	108133	2.33	5.70	8.2	0.663	4.93	0.583	shower	11	11	106073	-5.71	-5.69	7.9	0.751	9.49	0.974	0.000	15.5	23.7	45.8	0	0
mcp2k	100222	receiver_type	106073-108133	0	11	11	108133	2.33	5.70	8.2	0.663	4.93	0.583	shower	11	11	106073	-5.69	-5.71	7.9	0.751	9.49	0.974	0.000	21.4	21.0	143.3	0	0
mcp2k	100222	receiver_type	106073-108133	0	11	11	108133	5.70	2.33	8.2	0.663	4.93	0.583	shower	11	11	106073	-5.71	-5.69	7.9	0.751	9.49	0.974	0.000	19.8	156.7	125.9	0	0
mcp2k	100222	receiver_type	106073-108133	0	11	11	108133	5.70	2.33	8.2	0.663	4.93	0.583	shower	11	11	106073	-5.69	-5.71	7.9	0.751	9.49	0.974	0.000	25.8	154.5	44.8	0	0
mcp2k	100222	receiver_type	106073-108145	0	11	11	108145	2.71	11.20	13.0	1.015	2.96	0.887	shower	11	11	106073	-5.71	-5.69	7.9	0.751	9.49	0.974	0.000	23.0	65.7	58.1	0	0
mcp2k	100222	receiver_type	106073-108145	0	11	11	108145	2.71	11.20	13.0	1.015	2.96	0.887	shower	11	11	106073	-5.69	-5.71	7.9	0.751	9.49	0.974	0.000	28.8	60.9	129.7	0	0
mcp2k	100222	receiver_type	106073-108156	0	11	11	108156	4.35	8.66	10.0	0.758	3.61	0.779	shower	11	11	106073	-5.71	-5.69	7.9	0.751	9.49	0.974	0.000	13.0	22.7	50.0	0	0
mcp2k	100222	receiver_type	106073-108156	0	11	11	108156	4.35	8.66	10.0	0.758	3.61	0.779	shower	11	11	106073	-5.69	-5.71	7.9	0.751	9.49	0.974	0.000	18.8	22.7	138.2	0	0
mcp2k	100222	receiver_type	106073-108162	0	11	11	108162	3.84	9.21	13.4	0.732	3.47	0.856	shower	11	11	106073	-5.71	-5.69	7.9	0.751	9.49	0.974	0.000	19.6	75.4	33.3	0	0
mcp2k	100222	receiver_type	106073-108162	0	11	11	108162	3.84	9.21	13.4	0.732	3.47	0.856	shower	11	11	106073	-5.69	-5.71	7.9	0.751	9.49	0.974	0.000	24.0	61.0	152.2	0	0
mcp2k	100222	receiver_type	106073-108165	0	11	11	108165	5.70	13.54	16.2	0.847	4.07	0.804	shower	11	11	106073	-5.71	-5.69	7.9	0.751	9.49	0.974	0.000	19.8	42.5	42.6	0	0
mcp2k	100222	receiver_type	106073-108165	0	11	11	108165	5.70	13.54	16.2	0.847	4.07	0.804	shower	11	11	106073	-5.69	-5.71	7.9	0.751	9.49	0.974	0.000	25.8	36.6	145.4	0	0
mcp2k	171729	receiver_type	24018-9005	0	11	11	9005	-3.14	-9.10	15.4	1.246	3.91	0.865	shower	11	11	24018	-4.82	-5.37	11.2	0.641	3.46	0.910	0.150	44.7	147.4	43.1	0	0
mcp2k	171729	receiver_type	24018-9005	0	11	11	9005	-3.14	-9.10	15.4	1.246	3.91	0.865	shower	11	11	24018	-5.37	-4.82	11.2	0.641	3.46	0.910	0.150	34.5	149.2	145.3	0	0
mcp2k	171729	receiver_type	24019-9005	0	11	11	9005	-3.14	-9.10	15.4	1.246	3.91	0.865	shower	11	11	24019	-4.82	-6.51	11.3	1.315	4.17	0.853	0.050	44.7	147.4	59.3	0	0
mcp2k	171729	receiver_type	24018-9005	1	11	11	24018	-4.82	-5.37	11.2	0.641	3.46	0.910	shower	11	11	9005	-3.14	-9.10	15.4	1.246	3.91	0.865	0.037	44.7	169.4	43.1	0	0
mcp2k	171729	receiver_type	24018-9005	1	11	11	24018	-5.37	-4.82	11.2	0.641	3.46	0.910	shower	11	11	9005	-3.14	-9.10	15.4	1.246	3.91	0.865	0.037	34.5	4.5	145.3	0	0
mcp2k	171729	receiver_type	24019-9005	1	11	11	24019	-4.82	-6.51	11.3	1.315	4.17	0.853	shower	11	11	9005	-3.14	-9.10	15.4	1.246	3.91	0.865	0.037	44.7	149.0	59.3	0	0
mcp2k	173450	receiver_type	13001-13002	0	11	11	13001	-3.99	1.95	11.3	1.325	3.81	0.867	bare	-1	13	13002	1.95	83.80	280.0	1.208	1.57	0.962	0.000	9.8	169.5	147.0	0	1
mcp2k	173450	receiver_type	13001-13002	0	11	11	13001	1.95	-3.99	11.3	1.325	3.81	0.867	bare	-1	13	13002	1.95	83.80	280.0	1.208	1.57	0.962	0.000	0.0	181.0	25.5	0	1
mcp2k	173495	receiver_type	22001-99016	1	11	11	99016	2.48	7.33	8.5	1.482	1.30	0.993	bare	-1	13	22001	-1.12	-14.95	28.5	1.672	1.04	0.984	0.000	6.8	86.5	5.1	0	0
mcp2k	174164	receiver_type	16022-37034	0	11	11	16022	4.79	12.18	10.9	1.243	2.83	0.921	shower	11	11	37034	5.33	2.90	8.6	0.428	2.87	0.668	0.000	33.8	114.6	60.3	0	0
mcp2k	174164	receiver_type	16022-37034	0	11	11	16022	4.79	12.18	10.9	1.243	2.83	0.921	shower	11	11	37034	2.90	5.33	8.6	0.428	2.87	0.668	0.000	31.3	116.0	67.4	0	0
mcp2k	174164	receiver_type	16022-37035	0	11	11	16022	4.79	12.18	10.9	1.243	2.83	0.921	shower	11	11	37035	2.63	2.90	6.0	0.397	3.14	0.786	0.182	29.7	110.5	123.1	0	0
mcp2k	174164	receiver_type	16022-37035	0	11	11	16022	4.79	12.18	10.9	1.243	2.83	0.921	shower	11	11	37035	2.90	2.63	6.0	0.397	3.14	0.786	0.182	31.3	116.0	35.6	0	0
mcp2k	174164	receiver_type	16022-37034	3	11	11	37034	5.33	2.90	8.6	0.428	2.87	0.668	shower	11	11	16022	4.79	12.18	10.9	1.243	2.83	0.921	0.000	33.8	126.2	60.3	0	0
mcp2k	174164	receiver_type	16022-37034	3	11	11	37034	2.90	5.33	8.6	0.428	2.87	0.668	shower	11	11	16022	4.79	12.18	10.9	1.243	2.83	0.921	0.000	31.3	79.2	67.4	0	0
mcp2k	174164	receiver_type	16022-37035	3	11	11	37035	2.63	2.90	6.0	0.397	3.14	0.786	shower	11	11	16022	4.79	12.18	10.9	1.243	2.83	0.921	0.000	29.7	81.0	123.1	0	0
mcp2k	174164	receiver_type	16022-37035	3	11	11	37035	2.90	2.63	6.0	0.397	3.14	0.786	shower	11	11	16022	4.79	12.18	10.9	1.243	2.83	0.921	0.000	31.3	118.3	35.6	0	0
mcp2k	179369	receiver_type	17002-24006	3	11	11	17002	0.57	6.12	11.3	1.627	1.62	0.976	shower	11	11	24006	1.50	6.11	26.7	1.325	3.33	0.895	0.000	151.2	121.6	70.2	0	0
mcp2k	179369	receiver_type	104038-17002	3	11	11	17002	0.57	6.12	11.3	1.627	1.62	0.976	shower	11	11	104038	5.55	7.45	6.0	1.086	3.69	0.830	0.000	112.4	129.3	96.5	0	0
mcp2k	179369	receiver_type	110046-17002	3	11	11	17002	0.57	6.12	11.3	1.627	1.62	0.976	shower	11	11	110046	3.51	2.20	5.7	1.077	4.76	0.895	0.000	110.4	119.9	73.3	0	0
mcp2k	179369	receiver_type	110046-17002	3	11	11	17002	0.57	6.12	11.3	1.627	1.62	0.976	shower	11	11	110046	2.20	3.51	5.7	1.077	4.76	0.895	0.000	113.5	117.9	114.9	0	0
mcp2k	179369	receiver_type	111047-17002	3	11	11	17002	0.57	6.12	11.3	1.627	1.62	0.976	shower	11	11	111047	2.64	3.74	7.6	1.759	3.49	0.941	0.000	111.7	121.7	142.6	0	0
mcp2k	179369	receiver_type	111047-17002	3	11	11	17002	0.57	6.12	11.3	1.627	1.62	0.976	shower	11	11	111047	3.74	2.64	7.6	1.759	3.49	0.941	0.000	118.4	122.9	42.4	0	0
mcp2k	179369	receiver_type	17002-24006	30	11	11	24006	1.50	6.11	26.7	1.325	3.33	0.895	shower	11	11	17002	0.57	6.12	11.3	1.627	1.62	0.976	0.050	151.2	167.7	70.2	0	0
mcp2k	179369	receiver_type	110046-24006	30	11	11	24006	1.50	6.11	26.7	1.325	3.33	0.895	shower	11	11	110046	3.51	2.20	5.7	1.077	4.76	0.895	0.000	41.5	160.3	36.6	0	0
mcp2k	179369	receiver_type	110046-24006	30	11	11	24006	1.50	6.11	26.7	1.325	3.33	0.895	shower	11	11	110046	2.20	3.51	5.7	1.077	4.76	0.895	0.000	39.4	153.8	129.6	0	0
mcp2k	179369	receiver_type	111047-24006	30	11	11	24006	1.50	6.11	26.7	1.325	3.33	0.895	shower	11	11	111047	2.64	3.74	7.6	1.759	3.49	0.941	0.000	39.6	167.2	35.4	0	0
mcp2k	179369	receiver_type	111047-24006	30	11	11	24006	1.50	6.11	26.7	1.325	3.33	0.895	shower	11	11	111047	3.74	2.64	7.6	1.759	3.49	0.941	0.000	32.9	170.8	152.1	0	0
mcp2k	179369	receiver_type	104038-17002	30	11	11	104038	5.55	7.45	6.0	1.086	3.69	0.830	shower	11	11	17002	0.57	6.12	11.3	1.627	1.62	0.976	0.050	112.4	56.4	96.5	0	0
mcp2k	179369	receiver_type	104038-110046	30	11	11	104038	5.55	7.45	6.0	1.086	3.69	0.830	shower	11	11	110046	3.51	2.20	5.7	1.077	4.76	0.895	0.000	21.9	125.2	132.7	0	0
mcp2k	179369	receiver_type	104038-110046	30	11	11	104038	5.55	7.45	6.0	1.086	3.69	0.830	shower	11	11	110046	2.20	3.51	5.7	1.077	4.76	0.895	0.000	26.1	129.3	36.4	0	0
mcp2k	179369	receiver_type	104038-111047	30	11	11	104038	5.55	7.45	6.0	1.086	3.69	0.830	shower	11	11	111047	2.64	3.74	7.6	1.759	3.49	0.941	0.000	16.9	125.7	113.0	0	0
mcp2k	179369	receiver_type	104038-111047	30	11	11	104038	5.55	7.45	6.0	1.086	3.69	0.830	shower	11	11	111047	3.74	2.64	7.6	1.759	3.49	0.941	0.000	16.4	144.2	56.4	0	0
mcp2k	179369	receiver_type	110046-17002	4	11	11	110046	3.51	2.20	5.7	1.077	4.76	0.895	shower	11	11	17002	0.57	6.12	11.3	1.627	1.62	0.976	0.050	110.4	46.7	73.3	0	0
mcp2k	179369	receiver_type	110046-24006	4	11	11	110046	3.51	2.20	5.7	1.077	4.76	0.895	shower	11	11	24006	1.50	6.11	26.7	1.325	3.33	0.895	0.000	41.5	125.7	36.6	0	0
mcp2k	179369	receiver_type	104038-110046	4	11	11	110046	3.51	2.20	5.7	1.077	4.76	0.895	shower	11	11	104038	5.55	7.45	6.0	1.086	3.69	0.830	0.000	21.9	49.9	132.7	0	0
mcp2k	179369	receiver_type	110046-111047	4	11	11	110046	3.51	2.20	5.7	1.077	4.76	0.895	shower	11	11	111047	2.64	3.74	7.6	1.759	3.49	0.941	0.000	5.4	68.4	108.9	0	0
mcp2k	179369	receiver_type	110046-111047	4	11	11	110046	3.51	2.20	5.7	1.077	4.76	0.895	shower	11	11	111047	3.74	2.64	7.6	1.759	3.49	0.941	0.000	11.0	93.7	64.5	0	0
mcp2k	179369	receiver_type	110046-17002	4	11	11	110046	2.20	3.51	5.7	1.077	4.76	0.895	shower	11	11	17002	0.57	6.12	11.3	1.627	1.62	0.976	0.050	113.5	122.3	114.9	0	0
mcp2k	179369	receiver_type	110046-24006	4	11	11	110046	2.20	3.51	5.7	1.077	4.76	0.895	shower	11	11	24006	1.50	6.11	26.7	1.325	3.33	0.895	0.000	39.4	76.5	129.6	0	0
mcp2k	179369	receiver_type	104038-110046	4	11	11	110046	2.20	3.51	5.7	1.077	4.76	0.895	shower	11	11	104038	5.55	7.45	6.0	1.086	3.69	0.830	0.000	26.1	156.5	36.4	0	0
mcp2k	179369	receiver_type	110046-111047	4	11	11	110046	2.20	3.51	5.7	1.077	4.76	0.895	shower	11	11	111047	2.64	3.74	7.6	1.759	3.49	0.941	0.000	9.2	160.4	85.3	0	0
mcp2k	179369	receiver_type	110046-111047	4	11	11	110046	2.20	3.51	5.7	1.077	4.76	0.895	shower	11	11	111047	3.74	2.64	7.6	1.759	3.49	0.941	0.000	12.5	127.2	103.7	0	0
mcp2k	179369	receiver_type	111047-17002	5	11	11	111047	2.64	3.74	7.6	1.759	3.49	0.941	shower	11	11	17002	0.57	6.12	11.3	1.627	1.62	0.976	0.050	111.7	23.2	142.6	0	0
mcp2k	179369	receiver_type	111047-24006	5	11	11	111047	2.64	3.74	7.6	1.759	3.49	0.941	shower	11	11	24006	1.50	6.11	26.7	1.325	3.33	0.895	0.000	39.6	157.2	35.4	0	0
mcp2k	179369	receiver_type	104038-111047	5	11	11	111047	2.64	3.74	7.6	1.759	3.49	0.941	shower	11	11	104038	5.55	7.45	6.0	1.086	3.69	0.830	0.000	16.9	111.5	113.0	0	0
mcp2k	179369	receiver_type	110046-111047	5	11	11	111047	2.64	3.74	7.6	1.759	3.49	0.941	shower	11	11	110046	3.51	2.20	5.7	1.077	4.76	0.895	0.000	5.4	54.1	108.9	0	0
mcp2k	179369	receiver_type	110046-111047	5	11	11	111047	2.64	3.74	7.6	1.759	3.49	0.941	shower	11	11	110046	2.20	3.51	5.7	1.077	4.76	0.895	0.000	9.2	76.5	85.3	0	0
mcp2k	179369	receiver_type	111047-17002	5	11	11	111047	3.74	2.64	7.6	1.759	3.49	0.941	shower	11	11	17002	0.57	6.12	11.3	1.627	1.62	0.976	0.050	118.4	165.2	42.4	0	0
mcp2k	179369	receiver_type	111047-24006	5	11	11	111047	3.74	2.64	7.6	1.759	3.49	0.941	shower	11	11	24006	1.50	6.11	26.7	1.325	3.33	0.895	0.000	32.9	20.8	152.1	0	0
mcp2k	179369	receiver_type	104038-111047	5	11	11	111047	3.74	2.64	7.6	1.759	3.49	0.941	shower	11	11	104038	5.55	7.45	6.0	1.086	3.69	0.830	0.000	16.4	102.4	56.4	0	0
mcp2k	179369	receiver_type	110046-111047	5	11	11	111047	3.74	2.64	7.6	1.759	3.49	0.941	shower	11	11	110046	3.51	2.20	5.7	1.077	4.76	0.895	0.000	11.0	149.5	64.5	0	0
mcp2k	179369	receiver_type	110046-111047	5	11	11	111047	3.74	2.64	7.6	1.759	3.49	0.941	shower	11	11	110046	2.20	3.51	5.7	1.077	4.76	0.895	0.000	12.5	128.2	103.7	0	0
mcp2k	392009	receiver_type	58014-58015	0	211	211	58014	2.41	16.38	23.5	1.121	1.17	0.991	bare	-1	13	58015	2.41	-71.97	113.9	1.256	1.05	0.978	0.000	0.0	181.0	16.7	0	1
mcp2k	397476	receiver_type	23006-25007	1	11	11	25007	1.69	3.46	9.7	2.373	3.69	0.880	bare	-1	13	23006	-1.57	-35.40	210.0	1.201	1.63	0.952	0.000	3.8	71.5	25.8	0	0
mcp2k	397476	receiver_type	23006-25007	1	11	11	25007	3.46	1.69	9.7	2.373	3.69	0.880	bare	-1	13	23006	-1.57	-35.40	210.0	1.201	1.63	0.952	0.000	10.2	153.0	137.4	0	0
mcp2k	407798	angle_gap	28020-28021	0	13	13	28020	-3.94	62.29	115.0	1.224	1.19	0.974	bare	-1	211	28021	-3.94	-18.41	38.8	1.414	1.46	0.966	0.000	0.0	181.0	27.1	0	1
mcp2k	493659	receiver_type	20000-29001	0	11	11	29001	1.81	14.31	35.8	1.445	1.52	0.986	bare	-1	211	20000	-1.11	-68.12	71.7	1.194	0.86	0.978	0.000	4.1	26.1	51.8	0	0
mcp2k	70766	receiver_type	21000-21001	0	11	11	21001	-3.12	-3.72	8.5	1.422	2.36	0.883	bare	-1	13	21000	-3.12	90.57	226.5	1.237	1.33	0.969	0.003	0.0	181.0	121.0	0	1
mcp2k	70766	receiver_type	21000-21001	0	11	11	21001	-3.72	-3.12	8.5	1.422	2.36	0.883	bare	-1	13	21000	-3.12	90.57	226.5	1.237	1.33	0.969	0.003	7.5	165.8	41.5	0	1
mcp2k	71642	receiver_type	62049-75062	28	11	11	62049	-1.45	-2.13	8.4	1.036	3.01	0.904	shower	11	11	75062	4.31	1.34	8.2	1.430	3.69	0.831	0.000	14.7	123.1	155.2	0	0
mcp2k	71642	receiver_type	62049-75062	28	11	11	62049	-1.45	-2.13	8.4	1.036	3.01	0.904	shower	11	11	75062	1.34	4.31	8.2	1.430	3.69	0.831	0.000	17.6	144.8	22.9	0	0
mcp2k	71642	receiver_type	62049-78077	28	11	11	62049	-1.45	-2.13	8.4	1.036	3.01	0.904	shower	11	11	78077	-1.21	-7.13	9.5	1.242	3.20	0.677	0.000	16.1	29.2	97.7	0	0
mcp2k	71642	receiver_type	62049-75062	28	11	11	62049	-2.13	-1.45	8.4	1.036	3.01	0.904	shower	11	11	75062	4.31	1.34	8.2	1.430	3.69	0.831	0.000	12.5	89.3	25.9	0	0
mcp2k	71642	receiver_type	62049-75062	28	11	11	62049	-2.13	-1.45	8.4	1.036	3.01	0.904	shower	11	11	75062	1.34	4.31	8.2	1.430	3.69	0.831	0.000	12.3	58.4	158.0	0	0
mcp2k	71642	receiver_type	62049-78077	28	11	11	62049	-2.13	-1.45	8.4	1.036	3.01	0.904	shower	11	11	78077	-1.21	-7.13	9.5	1.242	3.20	0.677	0.000	23.0	157.8	81.8	0	0
mcp2k	71642	receiver_type	62049-75062	3	11	11	75062	4.31	1.34	8.2	1.430	3.69	0.831	shower	11	11	62049	-1.45	-2.13	8.4	1.036	3.01	0.904	0.000	14.7	75.7	155.2	0	0
mcp2k	71642	receiver_type	62049-75062	3	11	11	75062	4.31	1.34	8.2	1.430	3.69	0.831	shower	11	11	62049	-2.13	-1.45	8.4	1.036	3.01	0.904	0.000	12.5	104.8	25.9	0	0
mcp2k	71642	receiver_type	75062-78077	3	11	11	75062	4.31	1.34	8.2	1.430	3.69	0.831	shower	11	11	78077	-1.21	-7.13	9.5	1.242	3.20	0.677	0.000	29.7	59.1	119.7	0	0
mcp2k	71642	receiver_type	62049-75062	3	11	11	75062	1.34	4.31	8.2	1.430	3.69	0.831	shower	11	11	62049	-1.45	-2.13	8.4	1.036	3.01	0.904	0.000	17.6	122.6	22.9	0	0
mcp2k	71642	receiver_type	62049-75062	3	11	11	75062	1.34	4.31	8.2	1.430	3.69	0.831	shower	11	11	62049	-2.13	-1.45	8.4	1.036	3.01	0.904	0.000	12.3	101.6	158.0	0	0
mcp2k	71642	receiver_type	75062-78077	3	11	11	75062	1.34	4.31	8.2	1.430	3.69	0.831	shower	11	11	78077	-1.21	-7.13	9.5	1.242	3.20	0.677	0.000	33.6	126.3	59.8	0	0
mcp2k	71642	receiver_type	62049-78077	2	11	11	78077	-1.21	-7.13	9.5	1.242	3.20	0.677	shower	11	11	62049	-1.45	-2.13	8.4	1.036	3.01	0.904	0.000	16.1	76.3	97.7	0	0
mcp2k	71642	receiver_type	62049-78077	2	11	11	78077	-1.21	-7.13	9.5	1.242	3.20	0.677	shower	11	11	62049	-2.13	-1.45	8.4	1.036	3.01	0.904	0.000	23.0	83.0	81.8	0	0
mcp2k	71642	receiver_type	75062-78077	2	11	11	78077	-1.21	-7.13	9.5	1.242	3.20	0.677	shower	11	11	75062	4.31	1.34	8.2	1.430	3.69	0.831	0.000	29.7	61.2	119.7	0	0
mcp2k	71642	receiver_type	75062-78077	2	11	11	78077	-1.21	-7.13	9.5	1.242	3.20	0.677	shower	11	11	75062	1.34	4.31	8.2	1.430	3.69	0.831	0.000	33.6	71.1	59.8	0	0
mcp2k	75040	receiver_type	17013-17014	0	11	11	17013	-5.88	-12.77	8.0	1.098	1.29	0.916	bare	-1	13	17014	-5.88	-75.32	156.9	1.249	1.48	0.968	0.000	0.0	181.0	102.6	0	1
mcp2k	94224	receiver_type	17008-17013	8	11	11	17013	-3.36	-10.26	32.5	1.019	1.88	0.967	bare	-1	2212	17008	-5.19	-10.26	13.7	4.016	1.86	0.980	0.000	25.2	155.2	130.6	0	1
mcp2k	94224	receiver_type	17008-17015	8	11	13	17015	-3.36	-0.74	9.2	1.198	2.50	0.956	bare	-1	2212	17008	-5.19	-10.26	13.7	4.016	1.86	0.980	0.000	25.2	29.0	46.0	0	1
mcp2k	94224	receiver_type	17008-17015	8	11	13	17015	-0.74	-3.36	9.2	1.198	2.50	0.956	bare	-1	2212	17008	-5.19	-10.26	13.7	4.016	1.86	0.980	0.000	33.2	161.2	131.3	0	1
mcp2k	94224	receiver_type	17008-24019	8	11	11	24019	2.69	16.74	30.7	1.165	1.61	0.928	bare	-1	2212	17008	-5.19	-10.26	13.7	4.016	1.86	0.980	0.000	33.0	24.9	41.2	0	0
