tag	event	mode	stmfit	wall_s	node_core_s	vmhwm_gb	peak_gb	hwm_gap	nclus	nstm	nstm1	nfit	nseg	sum_npts	max_npts	load_gb	steiner_gb	stm_gb	ms_load	ms_scope	ms_flag	ms_unmerge	ms_steiner	ms_fv	ms_tgm	ms_stm	ms_fc	ms_protect	ms_refresh	ms_michel	ms_nu	ms_w_pr	ms_w_disp	ms_w_stm	ms_done	d_load	d_scope	d_flag	d_unmerge	d_steiner	d_fv	d_tgm	d_stm	d_fc	d_protect	d_refresh	d_michel	d_nu	d_w_pr	d_w_disp	d_w_stm	d_done
d30r3off	028084_18	stm	1	86	84.835	4.58	4.583320617675781	0.003320617675781179	98	65	6	26	26	10599	1088	0.7460212707519531	1.1372852325439453	2.053680419921875	717.3	154.1	122.3	0.0	38300.9	0.2	6211.0	33994.2	224.0	30.5	141.8	0.0	0.0	0.0	0.1	2014.2	1303.3	0.746	0.000	0.000	0.000	1.137	0.000	0.000	2.054	0.001	0.000	0.000	0.000	0.000	0.000	0.000	0.265	0.153
d30r3off	028084_2	stm	1	70	68.128	5.0	5.0	0.0	99	63	5	36	36	14931	1153	0.5967369079589844	0.3855857849121094	3.3460044860839844	535.4	108.5	83.2	0.0	14850.0	0.2	2364.9	45163.1	181.6	0.8	4.9	0.0	0.0	0.0	0.0	2515.5	1143.8	0.597	0.000	0.000	0.000	0.386	0.000	0.098	3.346	0.000	0.000	0.000	0.000	0.000	0.000	0.000	0.202	0.154
d30r3off	029107_12	stm	1	52	50.228	3.17	3.17	0.0	92	69	8	27	27	10819	1181	0.467498779296875	0.3463020324707031	1.7629623413085938	441.9	91.8	71.9	0.0	15399.2	0.2	3077.7	26286.4	158.4	345.3	977.6	0.0	0.0	0.0	0.2	1491.3	861.6	0.467	0.000	0.000	0.000	0.346	0.000	0.055	1.763	0.000	0.001	0.000	0.000	0.000	0.000	0.000	0.241	0.108
d30r3off	029107_15	stm	1	49	47.215	3.51	3.51	0.0	102	62	2	29	29	10719	989	0.55059814453125	0.3670082092285156	1.9048881530761719	527.5	107.0	83.4	0.0	18313.0	0.2	3206.7	21497.3	185.5	0.9	17.1	0.0	0.0	0.0	0.1	1425.7	934.9	0.551	0.000	0.001	0.000	0.367	0.000	0.114	1.905	0.000	0.000	0.000	0.000	0.000	0.000	0.000	0.219	0.151
d30r3off	029107_18	stm	1	68	65.727	4.31	4.31	0.0	105	70	7	34	34	16249	1068	0.5692138671875	0.4425544738769531	2.588653564453125	507.9	105.3	80.0	0.0	18014.0	0.2	4304.2	38260.8	197.5	4.0	41.6	0.0	0.0	0.0	0.1	1910.9	1042.5	0.569	0.000	0.000	0.000	0.443	0.000	0.123	2.589	0.000	0.000	0.000	0.000	0.000	0.000	0.000	0.203	0.169
d30r3off	029107_9	stm	1	14	13.302	1.39	1.39	0.0	106	71	4	15	15	4987	984	0.19082260131835938	0.22240066528320312	0.4259452819824219	186.3	42.1	29.9	0.0	5026.8	0.1	1270.7	5188.6	101.4	0.9	12.7	0.0	0.0	0.0	0.1	392.8	349.3	0.191	0.000	0.000	0.000	0.222	0.000	0.054	0.426	0.000	0.000	0.000	0.000	0.000	0.000	0.000	0.180	0.123
d30r3p3	028084_18	stm	1	64	63.023	2.41	2.41	0.0	98	65	6	26	26	10599	1088	0.7460861206054688	1.1376667022705078	0.028041839599609375	747.0	165.3	126.1	0.0	36951.7	0.2	6172.5	15516.5	231.4	32.6	143.9	0.0	0.0	0.0	0.1	269.5	1043.7	0.746	0.000	0.000	0.000	1.138	0.000	-0.000	0.028	0.000	0.000	0.000	0.000	0.000	0.000	0.000	0.153	0.117
d30r3p3	028084_2	stm	1	44	42.85	1.94	2.191791534423828	0.2517915344238282	99	63	5	36	36	14931	1153	0.5965499877929688	0.3813209533691406	0.5037956237792969	557.4	107.9	81.6	0.0	15419.1	0.2	2529.3	21694.8	185.5	1.4	4.9	0.0	0.0	0.0	0.0	303.6	795.8	0.597	0.000	0.000	0.000	0.381	0.000	0.101	0.504	0.000	0.000	0.000	0.000	0.000	0.000	0.000	0.152	0.238
d30r3p3	029107_12	stm	1	37	34.977	1.73	1.7337703704833984	0.0037703704833984553	92	69	8	27	27	10819	1181	0.467437744140625	0.3467521667480469	0.3205108642578125	464.3	95.8	73.9	0.0	15535.6	0.2	2867.0	12510.8	163.6	337.4	925.9	0.0	0.0	0.0	0.1	248.3	700.4	0.467	0.000	0.001	0.000	0.347	0.000	0.053	0.321	0.000	0.000	0.000	0.000	0.000	0.000	0.000	0.155	0.204
d30r3p3	029107_15	stm	1	35	34.247	1.79	1.9447517395019531	0.1547517395019531	102	62	2	29	29	10719	989	0.5523567199707031	0.36481475830078125	0.319427490234375	530.0	109.2	82.2	0.0	17849.0	0.2	3204.5	10288.5	186.7	0.9	18.0	0.0	0.0	0.0	0.1	230.2	779.8	0.552	0.000	0.000	0.000	0.365	0.000	0.115	0.319	0.000	0.000	0.000	0.000	0.000	0.000	0.000	0.153	0.244
d30r3p3	029107_18	stm	1	49	47.017	2.18	2.1823978424072266	0.0023978424072264026	105	70	7	34	34	16249	1068	0.5692863464355469	0.44351959228515625	0.45993804931640625	548.2	103.8	80.7	0.0	18689.5	0.2	4460.4	20349.9	221.1	4.8	51.4	0.0	0.0	0.0	0.2	332.7	846.0	0.569	0.000	0.000	0.000	0.444	0.000	0.126	0.460	0.000	0.000	0.000	0.000	0.000	0.000	0.000	0.153	0.217
d30r3p3	029107_9	stm	1	13	12.502	0.78	1.1003494262695312	0.3203494262695312	106	71	4	15	15	4987	984	0.18974685668945312	0.22535324096679688	0.13857269287109375	223.8	46.4	37.1	0.0	5701.3	0.2	1431.5	3669.7	105.7	0.9	12.6	0.0	0.0	0.0	0.1	205.1	341.9	0.190	0.000	0.000	0.000	0.225	0.000	0.052	0.139	0.000	0.000	0.000	0.000	0.000	0.000	0.000	0.174	0.130
