sample	run	subrun	event	classes	enu_a	enu_b	denu	numu_a	numu_b	nue_a	nue_b	vtx_move_cm	label_a	label_b	eval_a	eval_b	rc_a	rc_b	nuefill_a	nuefill_b
mcp1k	18255	1	54175	enu,nue_fill,numu	688.4645	827.1335	138.669	4.6130776	5.191546										filled	unfilled
mcp1k	18255	1	277298	enu,nue_fill,numu,vtx_cm	551.0442	446.2444	-104.800	-0.17831585	1.4147395			4.851							filled	unfilled
mcp1k	18255	1	282979	enu,nue_fill,numu,vtx_cm	248.93471	616.81866	367.884	-1.5176954	0.18081474			14.897							filled	unfilled
mcp1k	18255	1	293149	nue_fill,numu				-1.0700953	-0.46380055										filled	unfilled
mcp1k	18255	1	313781	enu,nue_fill,numu	110.85145	221.4419	110.590	-3.2222755	-3.170491										filled	unfilled
mcp1k	18255	1	386442	enu,nue_fill,numu,vtx_cm	248.77362	531.31915	282.546	-1.4281203	-0.40666375			4.893							filled	unfilled
mcp1k	18255	1	399052	enu,nue_fill,numu,vtx_cm	847.8719	585.00665	-262.865	0.46742564	0.06641914			21.866							unfilled	filled
mcp1k	18255	1	406752	enu,nue_fill,numu,vtx_cm	376.30414	125.672935	-250.631	0.23256148	-0.4952702			24.989							unfilled	filled
mcp1k	18255	1	489503	enu,nue_fill,numu	683.3699	583.24335	-100.127	0.046540633	1.296605										unfilled	filled
mcp1k	18259	1	67394	enu,nue_fill,numu	1193.7207	855.6025	-338.118	1.3813907	0.74240637										unfilled	filled
mcp1k	18259	1	73004	enu,nue_fill,numu	933.2572	705.6076	-227.650	2.9883897	3.4918694										unfilled	filled
mcp1k	18259	1	168526	enu,nue_fill,numu	2406.4536	2047.7715	-358.682	3.7231152	4.221229										unfilled	filled
mcp1k	18259	1	175896	enu,nue_fill,numu,vtx_cm	325.9428	386.3709	60.428	-1.5373074	-0.6323526			11.723							filled	unfilled
mcp2k	18255	1	51219	enu,nue_fill,numu	1056.5739	870.3589	-186.215	3.2436996	3.6453238										unfilled	filled
mcp2k	18255	1	52044	enu,nue_fill	571.90826	759.9492	188.041												filled	unfilled
mcp2k	18255	1	52605	enu,nue_fill,numu,vtx_cm	444.69882	287.55685	-157.142	-1.1008172	-2.443838			3.028							filled	unfilled
mcp2k	18255	1	69006	enu,nue_fill,numu	1140.6729	1012.3662	-128.307	3.6009014	3.6584117										unfilled	filled
mcp2k	18255	1	73336	enu,nue_fill,numu	595.31055	648.63715	53.327	-0.09960865	0.39760643										filled	unfilled
mcp2k	18255	1	75862	enu,nue_fill,numu,vtx_cm	618.9038	559.889	-59.015	3.9009852	3.718323			3.137							unfilled	filled
mcp2k	18255	1	76346	enu,nue_fill,numu,vtx_cm	319.4629	556.83887	237.376	-1.4859236	-1.3677757			37.302							filled	unfilled
mcp2k	18255	1	96383	nue_fill,numu,vtx_cm				-0.21326067	0.367966			4.936							unfilled	filled
mcp2k	18255	1	98844	nue_fill,numu,vtx_cm				1.2735525	0.6787831			52.377							filled	unfilled
mcp2k	18255	1	100135	enu,nue_fill,numu,vtx_cm	144.31503	1368.9137	1224.599	-0.9049279	4.4757986			2.064							filled	unfilled
mcp2k	18255	1	280159	enu,nue_fill,numu,vtx_cm	2238.959	1421.8358	-817.123	0.6839409	1.5412043			4.753							unfilled	filled
mcp2k	18255	1	281567	enu,nue_fill,numu,vtx_cm	1817.9952	1475.313	-342.682	-0.34420323	-0.48991913			5.860							filled	unfilled
mcp2k	18255	1	282837	enu,nue_fill,numu	701.1603	543.40533	-157.755	3.1428804	3.7582433										unfilled	filled
mcp2k	18255	1	289508	enu,nue_fill,numu,vtx_cm	872.9002	998.1422	125.242	1.9580917	2.8498445			1.439							filled	unfilled
mcp2k	18255	1	321169	enu,nue_fill,numu,vtx_cm	429.80148	307.38583	-122.416	-0.220286	-2.959882			2.997							filled	unfilled
mcp2k	18255	1	323125	enu,nue_fill,numu	275.09253	497.6098	222.517	0.26957914	-0.004736421										filled	unfilled
mcp2k	18255	1	348594	enu,nue_fill,numu,vtx_cm	189.19046	716.3664	527.176	1.1404992	1.0769846			1.825							filled	unfilled
mcp2k	18255	1	350354	enu,nue_fill,numu,vtx_cm	907.3707	965.83203	58.461	1.3499178	0.6892362			14.638							filled	unfilled
mcp2k	18255	1	390942	enu,nue_fill,numu,vtx_cm	130.17848	399.25433	269.076	-0.98904216	-0.6713141			5.883							filled	unfilled
mcp2k	18255	1	397401	nue_fill,numu				2.7172294	3.3472629										filled	unfilled
mcp2k	18255	1	397630	nue_fill,numu,vtx_cm				2.2403889	1.4199485			1.082							filled	unfilled
mcp2k	18255	1	398268	enu,nue_fill,numu,vtx_cm	979.2785	758.8605	-220.418	2.8143446	3.0863655			2.662							unfilled	filled
mcp2k	18255	1	402077	enu,nue_fill,numu	783.40186	478.6015	-304.800	2.1130123	1.9352596										unfilled	filled
mcp2k	18255	1	405707	enu,nue_fill,numu,vtx_cm	934.9278	1495.1877	560.260	4.010946	4.582163			1.131							unfilled	filled
mcp2k	18255	1	406125	nue_fill,numu				1.1927531	1.4275984										filled	unfilled
mcp2k	18255	1	409140	nue_fill,numu,vtx_cm				0.8028268	0.45711082			8.090							filled	unfilled
mcp2k	18255	1	493439	enu,nue_fill,numu	231.78291	120.19075	-111.592	-0.541549	-0.99504995										unfilled	filled
mcp2k	18259	1	47212	enu,nue_fill,numu,vtx_cm	1412.8428	1311.7168	-101.126	-0.5235454	0.002129168			1.795							unfilled	filled
mcp2k	18259	1	171143	nue_fill,numu				2.9919035	3.2632825										filled	unfilled
mcp2k	18259	1	172344	enu,nue_fill,numu	419.00015	570.32434	151.324	3.1373956	3.2796667										filled	unfilled
mcp2k	18259	1	174164	nue_fill,numu,vtx_cm				4.8457303	4.653715			1.898							unfilled	filled
mcp2k	18259	1	174771	enu,nue_fill,numu	1819.5718	1912.6396	93.068	2.3676643	3.893827										unfilled	filled
mcp2k	18259	1	177068	enu,nue_fill,numu,vtx_cm	159.34705	412.86066	253.514	-0.42805505	-0.81452507			24.866							filled	unfilled
mcp2k	18259	1	177961	enu,nue_fill,numu	412.54456	310.84265	-101.702	0.7191877	0.6139025										unfilled	filled
mcp2k	18259	1	178115	enu,nue_fill,numu	725.42505	576.32153	-149.104	1.9824431	2.7151856										unfilled	filled
mcp2k	18259	1	181050	enu,nue_fill,numu	615.9242	491.89777	-124.026	-0.039506182	-0.20981233										unfilled	filled
ncpi0	18345	1	21073	enu,nue_fill,numu	958.0967	1623.7389	665.642	0.93108267	-0.696057										unfilled	filled
nuecc48	18255	1	122660	enu,nue_fill,numu	1542.8865	1406.5555	-136.331	-0.32931134	-0.032953702										filled	unfilled
nuecc48	18255	1	235435	enu,nue_fill,numu	412.8922	739.5147	326.622	0.096311696	-0.58877313										unfilled	filled
nuecc48	18259	1	116962	enu,nue_fill,numu	721.955	848.0155	126.060	1.4562951	-0.08450776										filled	unfilled
nuecc48	18264	1	137238	enu,nue_fill,numu	735.68005	1161.1917	425.512	0.8407038	-0.2608087										unfilled	filled
mcp2k	18259	1	100222	enu,nue,numu	2656.2678	3943.08	1286.812	0.6842236	2.3585348	0.86749226	3.8300118									
nuecc48	18255	1	389538	enu,numu	961.11633	2200.0942	1238.978	4.7573037	4.6861024											
mcp1k	18255	1	287007	enu,numu,vtx_cm	528.5319	266.96997	-261.562	1.0807545	0.6387222			103.871								
nuecc48	18355	1	400474	enu,nue,numu,vtx_cm	1706.948	1758.1683	51.220	-0.06853404	-0.23434272	3.505427	13.75047	1.441								
mcp2k	18255	1	321235	enu,numu	464.09344	1458.5139	994.420	-3.661974	-2.3276658											
mcp1k	18255	1	58755	enu,nue,numu	340.02533	214.82909	-125.196	-0.25475731	-1.2328203	-1.491181	-11.06879									
mcp2k	18259	1	171729	nue,numu				2.6539454	1.0287496	-12.671628	-3.813681									
nuecc48	18259	1	111412	enu,nue,numu,vtx_cm	982.1021	1180.5537	198.452	0.10343438	-0.4662523	0.22519578	9.043853	42.305								
mcp1k	18255	1	407918	enu,numu,vtx_cm	779.7552	569.7439	-210.011	1.704944	2.3542166			83.853								
nuecc48	18253	1	444187	enu,nue,numu	1248.8234	1194.0072	-54.816	1.5660865	0.337645	5.3739247	12.881238									
mcp2k	18255	1	75206	enu,numu	1213.2621	499.92615	-713.336	3.7566228	2.461598											
mcp2k	18255	1	293536	enu,nue,numu	293.80573	449.81696	156.011	0.16800658	0.2971568	-9.0112295	-2.6754324									
mcp2k	18259	1	179048	enu,nue,numu,vtx_cm	1253.2383	803.5719	-449.666	2.8049555	1.2885492	-12.779078	-14.4105215	62.213								
mcp2k	18255	1	71290	enu,numu	1085.066	505.15903	-579.907	4.0680666	3.3531532											
ncpi0	18255	1	399860	enu,nue,numu,vtx_cm	1322.6947	978.16547	-344.529	0.49938303	-0.46703482	6.666899	1.0932138	3.247								
mcp1k	18255	1	347129	enu,nue,numu,vtx_cm	356.33066	516.6399	160.309	-1.9035982	-1.8244827	-3.0095007	-8.525083	1.672								
mcp2k	18255	1	49745	nue,numu				-1.0163398	-1.2232693	-0.5922987	-6.0652323									
mcp1k	18255	1	390182	enu,numu,vtx_cm	1302.7136	761.83435	-540.879	0.8386352	2.1432984			1.228								
mcp1k	18255	1	283009	enu,numu	591.81335	1129.9484	538.135	1.6288607	4.2989106											
mcp2k	18255	1	77878	enu,numu	1329.3152	795.01697	-534.298	2.801102	2.2088122											
mcp2k	18259	1	161725	enu,numu	631.09503	117.16983	-513.925	2.0852907	-1.0806788											
mcp2k	18255	1	284206	enu,nue,numu	865.5707	561.1084	-304.462	1.0445935	0.25108114	-3.4378364	1.4616377									
mcp1k	18255	1	349549	nue,numu				2.8932831	1.8740177	-1.2633357	-6.144591									
mcp2k	18259	1	165544	enu,nue,numu	340.77908	237.09755	-103.682	-1.0543826	-1.473179	-5.167463	-0.36544198									
mcp2k	18259	1	178885	enu,numu	630.56146	153.99973	-476.562	-0.36311823	-1.9253364											
mcp1k	18255	1	281214	enu,numu	495.02563	966.2533	471.228	1.8905834	1.5745268											
mcp2k	18255	1	321015	enu,numu,vtx_cm	886.4752	419.46387	-467.011	2.3960896	2.2354562			28.950								
nuecc48	18255	1	423981	enu,nue,numu	2057.06	1909.2172	-147.843	0.013294962	-0.68794763	8.454065	13.105785									
mcp1k	18259	1	66272	enu,numu,vtx_cm	230.64386	685.51373	454.870	-2.5751867	-0.38463554			2.168								
mcp1k	18255	1	345633	enu,numu	601.0561	1047.8168	446.761	2.7586398	3.2233264											
nuecc48	18342	1	30504	enu,nue,numu,vtx_cm	1170.2665	1307.6099	137.343	-0.9888835	0.230809	-2.1970983	1.8491964	43.816								
mcp1k	18259	1	172942	enu,nue,numu	616.4235	551.42377	-65.000	1.4288716	-0.119859956	-2.8568985	-7.213723									
mcp2k	18255	1	55740	enu,numu	886.2893	454.32413	-431.965	1.078437	0.1942839											
ncpi0	18255	1	506746	enu,numu	1710.9375	2140.9404	430.003	0.91709363	0.37674484											
mcp2k	18259	1	170761	enu,nue,numu,vtx_cm	1287.3527	1440.0634	152.711	4.5255485	4.7337756	-14.251298	-10.009202	1.074								
mcp1k	18255	1	401450	enu,nue,numu,vtx_cm	1643.0264	1361.0393	-281.987	-3.4416342	-0.30221918	0.82485974	-3.4105117	2.849								
mcp2k	18255	1	275011	nue,numu				0.4746987	1.0508579	-4.1571097	-8.158567									
nuecc48	18269	1	342199	nue,numu				-1.1118225	-0.7479398	11.358191	7.3635893									
ncpi0	18255	1	56982	enu,nue,numu	1156.2976	1268.5352	112.238	1.1343111	0.06565701	-0.858989	-4.8177									
mcp2k	18255	1	414372	enu,numu,vtx_cm	375.67178	415.61554	39.944	2.3046339	-1.6256418			2.365								
mcp2k	18255	1	75729	enu,numu	62.883728	455.2237	392.340	-0.6080816	1.0699092											
mcp2k	18255	1	322861	numu				2.9155595	-0.9933364											
mcp2k	18259	1	101828	enu	1575.8357	1190.7494	-385.086													
mcp1k	18255	1	386948	nue,numu				-0.106651165	-1.1214176	-2.4738631	1.227634									
mcp2k	18255	1	52693	enu,nue,numu	901.30457	820.8662	-80.438	-1.5973825	-0.5385806	-7.815227	-11.4816									
nuecc48	18304	1	38856	nue,numu,vtx_cm				0.59681493	0.17366612	-0.57332754	-4.133667	11.607								
ncpi0	18261	1	285567	enu,nue,numu	1814.8389	2169.067	354.228	1.1720846	0.8297899	-7.105806	-3.9364104									
mcp2k	18255	1	408304	nue,numu				-0.047849286	-0.14814694	-3.3782449	-6.9021487									
mcp2k	18255	1	396222	enu,nue,numu	4324.413	3973.6987	-350.714	-0.4102585	0.088398084	0.7703177	0.89027405									
mcp1k	18255	1	63559	enu,numu,vtx_cm	758.274	608.4578	-149.816	-0.1556776	3.343838			2.396								
nuecc48	18255	1	469665	enu,nue,numu	817.9768	751.51715	-66.460	-1.7141583	-0.66383237	1.444505	4.924191									
nuecc48	18279	1	267597	nue,numu				-0.7017695	-1.0558894	14.4774685	11.020253									
mcp1k	18255	1	280752	enu,numu,vtx_cm	175.88722	305.50995	129.623	-3.385386	0.036455374			2.876								
mcp2k	18255	1	294174	nue,numu				3.9288313	3.1069932	-9.19296	-5.881027									
nuecc48	18255	1	388	enu,nue	2637.063	2800.8958	163.833			12.852156	9.688974									
mcp1k	18255	1	284153	numu				4.0937386	0.94619954											
mcp2k	18255	1	287794	enu,nue,numu	969.46735	654.71985	-314.748	3.9051516	2.5391476	-14.118899	-13.864685									
mcp2k	18255	1	291072	nue,numu				-0.18479866	-0.061739698	12.760909	9.696811									
mcp2k	18259	1	176502	enu,nue,numu	4649.718	4347.486	-302.232	-1.5685626	-0.0066150394	4.1392336	4.358649									
mcp1k	18255	1	279256	numu,vtx_cm				3.6081927	1.3696622			29.461								
mcp2k	18255	1	55322	numu				0.9413386	3.7975674											
mcp1k	18255	1	65289	enu,numu	1308.4226	1024.3544	-284.068	2.4572427	1.6218342											
ncpi0	18255	1	463565	enu,numu,vtx_cm	1211.3168	1480.9683	269.651	-0.46209982	-0.034788106			28.177								
mcp2k	18255	1	499423	enu,nue,numu,vtx_cm	338.96344	391.18225	52.219	-0.90600824	-0.6591303	-13.822651	-13.4105215	27.917								
mcp1k	18259	1	170792	enu,numu,vtx_cm	575.1182	850.78577	275.668	1.5955215	1.3796107			2.423								
nuecc48	18259	1	42280	nue,numu				-2.207127	-2.6743217	11.318905	14.073776									
mcp2k	18255	1	282067	nue,vtx_cm						-5.9337177	-8.686434	1.129								
nuecc48	18255	1	271851	enu,nue,numu,vtx_cm	1447.9768	1365.6597	-82.317	-0.09975222	0.39844736	5.491555	3.2343032	27.379								
mcp2k	18255	1	72786	numu				3.829684	1.1067234											
mcp1k	18255	1	349945	nue,numu,vtx_cm				3.8746068	4.335163	-9.586918	-12.305401	1.277								
mcp2k	18255	1	98529	enu,numu	847.4308	575.72766	-271.703	3.6648793	3.4516304											
mcp1k	18255	1	284145	enu,vtx_cm	1613.1093	1342.9629	-270.146					5.629								
mcp2k	18255	1	397103	numu,vtx_cm				-0.039461564	2.6457725			4.267								
mcp2k	18255	1	74336	enu,numu	693.9807	426.40814	-267.573	-0.08528195	-0.64698195											
mcp2k	18255	1	54332	enu,numu	1195.2552	1461.4847	266.229	0.82082593	-0.4582014											
mcp2k	18255	1	74784	enu,numu	1128.0881	865.14435	-262.944	4.3324933	2.0560677											
mcp2k	18259	1	171866	enu,numu,vtx_cm	570.9138	731.7463	160.832	1.0115929	3.5832434			1.086								
mcp2k	18255	1	390370	numu				4.198255	1.6314794											
mcp2k	18255	1	70222	enu	767.0752	1021.6947	254.620													
mcp2k	18259	1	51722	enu,nue,numu,vtx_cm	129.85202	116.52099	-13.331	-0.68120605	-1.505972	-5.4352536	-2.8951309	2.635								
mcp2k	18255	1	56763	enu,numu,vtx_cm	212.40784	465.76697	253.359	-1.4613806	0.030121572			4.823								
mcp2k	18255	1	415278	enu,nue	2432.109	2684.8894	252.780			-1.6816462	-3.1178389									
mcp2k	18255	1	282909	enu,nue,numu	1332.3347	1080.1737	-252.161	-0.12983653	1.2083993	-3.3830626	-5.181407									
mcp1k	18255	1	350935	enu,numu,vtx_cm	1003.2893	752.0106	-251.279	2.1891692	1.9405794			1.172								
mcp2k	18255	1	354248	enu,numu,vtx_cm	725.108	503.53796	-221.570	2.904214	0.40453595			4.798								
mcp2k	18259	1	172177	numu,vtx_cm				0.9251829	3.4247873			1.140								
mcp1k	18255	1	395610	enu,numu	1010.8064	760.98694	-249.819	2.738061	2.475853											
mcp2k	18255	1	396551	enu,numu	643.7528	890.0006	246.248	1.9595022	0.8263325											
nuecc48	18255	1	174637	enu,nue,numu	959.63403	877.3362	-82.298	0.669149	-0.9065546	10.503323	8.050941									
mcp2k	18255	1	396971	enu,numu,vtx_cm	744.9797	501.66025	-243.319	-0.45570087	-0.9065147			4.493								
mcp2k	18255	1	67898	enu,numu,vtx_cm	735.58246	978.39435	242.812	3.2909126	4.4848156			1.339								
mcp2k	18255	1	478880	enu,numu	956.4594	1198.2787	241.819	1.66737	3.1118672											
nuecc48	18255	1	219295	nue,numu				-0.22762084	0.9240091	9.668624	7.2576723									
mcp2k	18255	1	78120	enu,numu	362.687	601.1661	238.479	1.2607234	1.0778772											
mcp2k	18255	1	323301	enu,numu	1066.5212	891.78314	-174.738	3.2473874	0.9004649											
mcp2k	18255	1	478374	numu,vtx_cm				0.27213046	2.6136467			3.129								
mcp1k	18255	1	398690	numu				-1.5014981	-3.8416653											
mcp2k	18255	1	75954	enu,nue,numu	781.8971	839.4502	57.553	-0.516274	0.35022244	9.071568	11.388884									
mcp2k	18259	1	160537	enu,vtx_cm	322.49847	553.4835	230.985					1.448								
mcp1k	18255	1	276836	enu,numu	638.6007	869.009	230.408	0.32693937	0.48025683											
mcp2k	18255	1	75040	enu,numu,vtx_cm	754.2179	526.39667	-227.821	4.224862	2.1721966			1.659								
mcp2k	18255	1	391899	enu,numu	819.3117	1045.375	226.063	3.9648345	4.905675											
mcp2k	18255	1	316065	numu				-2.5035224	-0.24731058											
mcp2k	18255	1	69314	enu,numu	1494.0027	1712.0079	218.005	3.9602425	1.7416564											
nuecc48	18255	1	69314	enu,numu	1494.0027	1712.0079	218.005	3.9602425	1.7416564											
mcp2k	18255	1	395717	enu,numu,vtx_cm	397.7215	536.70483	138.983	-3.1648483	-0.9935813			3.930								
mcp1k	18255	1	61843	nue						-4.5887938	-6.7285247									
mcp2k	18255	1	69666	enu,numu	886.1443	1098.1382	211.994	2.8386185	3.1009855											
mcp2k	18255	1	97231	enu,numu,vtx_cm	1236.052	1328.7734	92.721	2.2851245	4.3888216			2.317								
mcp2k	18255	1	410680	enu,numu,vtx_cm	874.15094	1084.2429	210.092	2.2953064	2.4070413			3.559								
mcp2k	18255	1	103204	numu				0.8879394	2.9798682											
mcp2k	18255	1	354578	enu,nue,numu	430.99603	222.10577	-208.890	0.6900569	-0.9562445	-3.3491066	-3.6018376									
nuecc48	18255	1	168596	enu,nue,numu	2251.6614	2168.8608	-82.801	-1.4165292	0.67214805	7.957773	6.845542									
mcp2k	18255	1	95412	enu,numu	1348.8438	1140.567	-208.277	1.8718337	1.5251851											
nuecc48	18255	1	239794	nue,numu				-0.76241416	-1.8937968	12.726703	14.808462									
mcp2k	18255	1	105492	enu,numu,vtx_cm	179.87134	386.6042	206.733	-0.53398955	-0.19809198			1.041								
mcp1k	18255	1	408534	enu,numu	385.95166	591.14526	205.194	-2.083725	-2.3782809											
mcp1k	18255	1	280972	enu,nue,numu	3449.4395	3356.351	-93.088	4.9017596	4.6601443	-4.0379734	-6.0833945									
mcp1k	18255	1	278046	enu,vtx_cm	666.89044	869.6904	202.800					7.185								
mcp2k	18259	1	156313	enu,numu	122.856445	16.371225	-106.485	-3.1061723	-1.0783436											
mcp2k	18255	1	97062	enu,numu,vtx_cm	795.82056	595.0105	-200.810	0.37644765	0.9485691			2.611								
mcp2k	18259	1	179765	enu,numu	504.7755	304.5327	-200.243	2.324668	0.41161963											
mcp2k	18259	1	175893	enu,numu,vtx_cm	435.91174	344.48602	-91.426	-0.39457318	-1.2477021			19.932								
mcp1k	18255	1	61461	enu,numu	910.4336	810.8295	-99.604	3.694136	1.7325029											
mcp2k	18255	1	280329	numu				1.5324377	-0.41683188											
mcp2k	18255	1	93105	numu				2.3259108	4.27356											
mcp2k	18255	1	396037	enu,numu	351.67444	543.86816	192.194	-0.04786224	0.48056206											
mcp1k	18255	1	55595	enu,numu,vtx_cm	730.02747	846.77716	116.750	1.8503748	3.7605207			3.338								
mcp2k	18255	1	406631	numu				0.8466321	-1.0547245											
mcp2k	18255	1	480728	enu,numu	349.5316	536.6587	187.127	3.028866	2.6021388											
mcp1k	18255	1	288745	enu,numu	699.4573	513.19904	-186.258	0.63905054	-0.10929655											
nuecc48	18409	1	214469	nue,numu				-0.26515597	-1.0565214	10.071636	11.93035									
mcp2k	18255	1	68830	enu,numu	573.39795	389.6825	-183.715	2.5263977	2.304236											
mcp2k	18255	1	412396	enu,numu	685.2421	502.25098	-182.991	4.331256	3.2694461											
mcp1k	18255	1	353223	enu,numu	307.03757	489.58594	182.548	-0.28852972	0.8455353											
mcp2k	18255	1	52286	enu	129.53336	311.0452	181.512													
nuecc48	18255	1	10550	nue,numu				-0.92776036	-1.0348601	13.840647	15.65356									
ncpi0	18259	1	37112	enu,nue,numu	1237.8424	1147.8335	-90.009	0.30225757	-0.61359817	-0.823628	-2.6172988									
nuecc48	18255	1	268067	enu,nue,numu	1546.6057	1368.5792	-178.027	0.52458185	0.24604921	9.888198	9.736969									
mcp2k	18255	1	292810	enu,numu	447.1364	625.1385	178.002	0.562769	-0.8357135											
mcp1k	18259	1	174928	numu				2.0771372	3.8500154											
mcp2k	18259	1	178931	enu,numu	279.30145	455.46472	176.163	0.18545678	-0.18718903											
mcp2k	18259	1	55220	enu,numu	388.15836	429.96838	41.810	-0.18538824	1.5750643											
mcp2k	18255	1	321849	enu,numu,vtx_cm	495.07263	670.49744	175.425	2.5440638	2.3950562			1.169								
mcp1k	18255	1	281595	numu				2.977978	4.718091											
mcp1k	18259	1	168432	enu,numu	755.98584	928.82196	172.836	2.0681634	2.3821435											
mcp1k	18255	1	284769	enu,numu,vtx_cm	1424.1797	1251.5328	-172.647	6.225754	6.3015246			1.188								
mcp2k	18259	1	165157	enu,nue,numu,vtx_cm	609.6928	468.0927	-141.600	-1.076687	-0.9143011	-11.640923	-11.176464	17.181								
mcp2k	18255	1	94224	enu,numu	764.92206	593.1337	-171.788	1.3526213	0.5107966											
mcp2k	18259	1	242000	numu				3.92238	2.2060921											
mcp2k	18255	1	473952	enu,numu,vtx_cm	702.63684	608.3686	-94.268	3.0341115	1.3211752			1.408								
mcp1k	18255	1	283515	numu				-0.5447892	1.1677592											
mcp1k	18255	1	282072	enu,numu	1303.633	1132.5233	-171.110	5.0200634	4.9239016											
nuecc48	18255	1	489330	enu,nue,numu	2151.724	2018.6045	-133.120	-1.6525172	0.05293427	14.273349	14.062495									
mcp2k	18255	1	54475	numu				2.8386426	1.1337229											
mcp2k	18255	1	90003	enu,numu,vtx_cm	262.7663	432.69806	169.932	-0.6612726	0.33085135			1.197								
mcp2k	18255	1	473358	enu,numu	201.95634	244.32397	42.368	-2.8629308	-1.16907											
mcp2k	18255	1	71748	enu,numu	779.49414	655.2385	-124.256	1.4531387	3.1452863											
nuecc48	18255	1	163543	enu,nue,numu	1234.1691	1304.0721	69.903	0.33249018	0.5043457	1.4192915	3.1110559									
mcp2k	18255	1	55542	numu				2.3439634	4.0321846											
mcp1k	18255	1	315167	enu,nue,numu,vtx_cm	1677.9358	1729.8242	51.888	2.7477462	2.1275537	-6.550182	-8.225074	1.445								
nuecc48	18255	1	246579	nue,numu				-2.3127344	-0.6446313	13.755933	12.854909									
mcp1k	18255	1	412208	enu,numu	552.41455	386.0058	-166.409	-0.3511006	0.076440684											
mcp2k	18255	1	275231	enu,numu	1624.2675	1789.5924	165.325	6.46356	5.810068											
mcp2k	18255	1	67868	numu				2.2994354	0.6468132											
mcp1k	18255	1	399328	enu,numu	85.87003	251.09528	165.225	-1.5695848	-1.8230263											
mcp2k	18255	1	390391	enu,numu	617.28174	452.57886	-164.703	3.5702145	2.7684355											
nuecc48	18255	1	360535	enu,nue,numu,vtx_cm	2091.2285	2218.9854	127.757	-0.72086954	-0.9719168	7.786787	9.429028	1.889								
mcp1k	18255	1	315871	enu,numu	578.44165	415.10846	-163.333	2.542169	2.3828988											
mcp2k	18259	1	180544	enu,numu	741.7948	578.4791	-163.316	0.7858111	2.0582693											
mcp1k	18255	1	59025	numu				1.7864231	3.4190295											
mcp1k	18255	1	62281	enu,numu	755.79755	592.72766	-163.070	2.920181	4.1450715											
mcp2k	18255	1	75795	enu,numu,vtx_cm	594.8871	757.098	162.211	2.6977787	2.5691452			2.018								
mcp2k	18255	1	396057	enu,numu,vtx_cm	339.0543	501.1324	162.078	2.175789	2.5884757			2.278								
mcp2k	18255	1	394605	enu,numu	584.1059	745.64166	161.536	2.8329415	3.1102736											
mcp1k	18255	1	492803	enu,numu,vtx_cm	933.697	772.65674	-161.040	4.2713227	4.1111293			1.562								
mcp2k	18259	1	237798	enu	947.77734	786.9502	-160.827													
mcp1k	18255	1	282204	enu,numu	814.464	975.0941	160.630	2.1916656	1.9726437											
mcp1k	18255	1	290052	enu,numu	502.76453	662.7379	159.973	1.3259698	2.7998974											
mcp2k	18255	1	348198	numu				-0.1585849	-1.7524453											
mcp2k	18259	1	172498	enu,numu	484.0306	324.86	-159.171	1.7162541	1.8419591											
mcp2k	18255	1	347890	enu,numu	632.26434	746.9239	114.660	0.24375924	1.8319855											
mcp1k	18255	1	321173	numu				3.0098152	1.4218944											
mcp2k	18255	1	73991	enu,numu,vtx_cm	518.9687	677.433	158.464	2.470999	1.661295			2.491								
mcp2k	18255	1	390744	enu,numu,vtx_cm	789.5133	947.8531	158.340	2.526006	1.665137			3.310								
mcp1k	18255	1	486687	enu,numu	1271.6124	1113.4775	-158.135	4.163448	4.3137217											
mcp1k	18255	1	284013	numu,vtx_cm				2.2885754	3.868615			5.548								
mcp2k	18259	1	243628	numu				0.7116605	2.285838											
mcp2k	18259	1	173912	enu,numu	360.39578	517.6465	157.251	2.0866375	2.1859195											
mcp2k	18255	1	104304	enu,numu	613.86456	729.65826	115.794	1.9261426	3.4963179											
mcp2k	18259	1	173585	enu,numu	825.30066	668.8883	-156.412	4.8547854	4.748263											
nuecc48	18255	1	46363	enu,nue,numu	1727.9976	1571.6372	-156.360	-0.61351836	0.4515516	8.456321	8.257492									
mcp2k	18255	1	407534	enu,numu	632.4184	477.10657	-155.312	2.1486194	1.9203086											
mcp1k	18255	1	283229	enu,numu	798.9624	644.22314	-154.739	4.2298927	3.056378											
mcp2k	18259	1	101454	enu,numu,vtx_cm	993.77466	839.6732	-154.101	3.0960102	2.925873			1.542								
mcp1k	18259	1	173146	enu,numu	829.87305	676.5047	-153.368	3.7052538	3.7718482											
mcp1k	18255	1	58607	enu,numu	518.6805	365.72214	-152.958	-0.2740119	-1.1135472											
nuecc48	18306	1	256587	nue,numu				-2.2989028	-0.77323824	11.78988	11.423315									
ncpi0	18255	1	180801	enu,nue,numu,vtx_cm	1372.1139	1302.4683	-69.646	-0.15551922	1.3591492	-3.410488	-3.5903554	1.758								
mcp2k	18259	1	237380	enu,numu	64.323975	175.97217	111.648	-1.2370307	0.27571112											
mcp2k	18255	1	289464	enu,numu	1219.4364	1370.4875	151.051	4.3388195	3.8775845											
nuecc48	18255	1	268784	nue,numu				-0.54746604	0.12304002	7.7958126	6.287229									
mcp2k	18255	1	395485	numu				3.487941	1.9868672											
mcp2k	18259	1	99782	enu,numu	791.08887	940.37134	149.282	4.166304	4.754421											
mcp2k	18255	1	417782	enu,numu	137.26143	162.10254	24.841	-2.9991806	-1.5063794											
mcp2k	18255	1	97260	enu,numu	1166.9697	1315.7834	148.814	4.952215	4.772666											
mcp2k	18255	1	75316	enu,numu,vtx_cm	461.64948	313.34232	-148.307	0.53975284	1.6381956			1.008								
mcp2k	18255	1	317911	enu,numu,vtx_cm	428.91406	280.72534	-148.189	-1.0198442	-1.714861			1.559								
mcp2k	18259	1	170076	enu,numu,vtx_cm	1220.8978	1072.8649	-148.033	4.449585	3.5052996			6.229								
mcp2k	18255	1	392901	enu,numu,vtx_cm	398.47583	250.67978	-147.796	-0.9292612	-0.8736806			2.246								
mcp2k	18259	1	171528	enu,numu	360.56516	506.08368	145.519	-1.0804327	-0.47724462											
mcp1k	18259	1	72586	enu,numu,vtx_cm	981.5144	844.64026	-136.874	0.9988881	2.453846			1.982								
mcp2k	18259	1	177521	enu,numu	545.15	472.59875	-72.551	1.894628	3.344533											
mcp2k	18255	1	92225	enu,vtx_cm	788.84	644.4153	-144.425					1.338								
mcp2k	18255	1	494847	numu				3.1789386	1.7375449											
mcp2k	18255	1	347824	numu				3.3203726	1.8792281											
mcp1k	18255	1	288287	enu,numu,vtx_cm	1536.7616	1680.0461	143.284	4.785039	3.9098005			2.899								
mcp2k	18255	1	388323	enu,numu	798.1632	654.90405	-143.259	1.3685989	1.5564141											
mcp2k	18259	1	242814	enu,nue,numu,vtx_cm	509.9761	366.74377	-143.232	0.9834954	0.9270079	-7.2326646	-6.579625	1.741								
mcp1k	18255	1	281837	enu,numu	1548.8218	1406.0936	-142.728	0.85852206	-0.14575878											
mcp1k	18255	1	292005	enu,numu	916.03284	1058.2949	142.262	4.170196	3.903281											
mcp1k	18255	1	283713	enu,numu	2020.1111	1878.1313	-141.980	4.2505765	4.833767											
mcp2k	18255	1	478638	enu,numu,vtx_cm	553.54156	695.2218	141.680	1.9677224	1.0844628			1.181								
mcp1k	18255	1	404244	enu,numu	760.97565	620.0401	-140.936	1.5844204	0.6512709											
mcp2k	18255	1	395443	enu,numu	629.7142	770.6268	140.913	1.7494565	1.162377											
mcp2k	18255	1	323917	enu,numu,vtx_cm	234.14029	93.99182	-140.148	-0.3456291	-1.0825403			1.866								
mcp1k	18255	1	283595	enu,numu,vtx_cm	247.78156	371.8023	124.021	-2.430653	-1.0312508			2.020								
mcp1k	18255	1	321107	enu,numu	808.5633	668.74194	-139.821	3.464872	2.2988296											
mcp1k	18255	1	59247	enu,numu,vtx_cm	491.59222	602.35126	110.759	2.3586748	3.7541091			7.935								
mcp2k	18255	1	400779	enu,numu,vtx_cm	507.1482	367.83502	-139.313	0.82359844	1.9824319			1.649								
mcp1k	18255	1	315013	enu,numu	724.2112	639.8248	-84.386	3.3434665	1.9573325											
mcp1k	18255	1	289559	enu,numu	898.4942	956.1567	57.663	4.2873125	2.9026933											
mcp2k	18255	1	282749	enu	1034.2368	896.8191	-137.418													
mcp2k	18259	1	169306	enu,numu,vtx_cm	470.69324	333.69885	-136.994	0.6651676	0.20493905			1.722								
mcp2k	18255	1	99035	enu,numu	458.0138	557.239	99.225	2.8782783	1.5091978											
mcp2k	18259	1	169240	enu,numu	1078.9652	942.44147	-136.524	3.8330686	2.8086135											
mcp1k	18255	1	282231	enu,numu	422.3443	469.0949	46.751	-0.033790566	1.3312658											
mcp2k	18255	1	71642	enu,nue,numu	1696.8606	1832.7675	135.907	1.5705307	1.2268162	-2.1790943	-3.040582									
mcp2k	18255	1	95911	numu,vtx_cm				-2.0413918	-0.685697			2.095								
mcp2k	18255	1	73412	enu,numu	714.62115	615.2617	-99.359	3.8033137	2.4482675											
mcp2k	18255	1	69306	enu	513.29193	378.0354	-135.257													
mcp2k	18255	1	500149	numu				3.32397	4.672512											
mcp1k	18255	1	350297	enu	773.4046	907.94904	134.544													
mcp2k	18255	1	318703	nue,numu				5.087309	5.6168866	-7.0577893	-8.373963									
mcp2k	18255	1	395277	enu,numu	459.47833	328.14798	-131.330	-0.07216398	0.85792214											
mcp2k	18255	1	69936	enu,numu	457.71967	326.43094	-131.289	1.0499154	0.8081527											
mcp2k	18259	1	99232	enu,numu	918.87775	1042.0941	123.216	2.5766592	3.8869133											
mcp1k	18255	1	348691	enu,numu	1760.2094	1890.8057	130.596	4.5535517	3.6986012											
mcp2k	18259	1	179369	enu,numu,vtx_cm	1326.67	1456.9701	130.300	3.2270234	3.5333562			1.288								
mcp1k	18255	1	286681	enu,numu	2030.7319	1901.0574	-129.675	0.5309852	0.47692215											
mcp1k	18255	1	409942	enu,numu,vtx_cm	745.8801	874.5259	128.646	-1.5625211	-2.543032			1.083								
mcp1k	18255	1	407280	enu,numu,vtx_cm	1139.3529	1267.7721	128.419	0.08354604	0.47946554			1.462								
mcp2k	18255	1	100421	numu,vtx_cm				2.9549415	1.6738646			4.619								
mcp1k	18255	1	61681	numu,vtx_cm				3.6327398	2.3539708			10.704								
mcp2k	18255	1	74123	enu,numu,vtx_cm	513.25165	640.38586	127.134	1.0322131	2.1118073			1.420								
mcp2k	18255	1	408678	nue						-7.2973304	-6.028095									
mcp2k	18255	1	390634	enu,numu	834.30023	707.9171	-126.383	1.5812609	1.8539069											
mcp1k	18255	1	283463	enu,numu,vtx_cm	429.8063	303.54932	-126.257	-0.8917426	-1.1535449			1.335								
mcp2k	18259	1	236610	numu				1.5038279	2.753337											
ncpi0	18259	1	105946	enu	1047.1547	923.223	-123.932													
mcp2k	18255	1	279977	enu,numu,vtx_cm	274.47083	397.7571	123.286	4.123805	3.9710171			1.490								
mcp2k	18255	1	407798	enu,numu,vtx_cm	683.7147	560.73047	-122.984	0.79712325	0.7382447			1.841								
mcp1k	18255	1	286527	numu				2.5956519	1.3677083											
mcp2k	18255	1	70713	numu				2.7059648	1.4809862											
mcp2k	18259	1	237292	enu,numu	422.22662	543.4763	121.250	1.5885208	1.6540383											
nuecc48	18313	1	81597	nue,numu				-0.54805756	-0.061259735	15.051499	16.25562									
mcp1k	18259	1	169626	nue						-10.11892	-11.320269									
ncpi0	18345	1	259542	enu,numu	1557.9613	1437.9181	-120.043	-0.14870608	-0.42549774											
mcp1k	18255	1	489327	nue,vtx_cm						-6.664291	-7.8604417	1.080								
nuecc48	18255	1	437699	nue,numu				-0.94533175	-0.07033017	7.3516493	8.545429									
mcp1k	18255	1	349087	numu				-1.5770311	-2.7701788											
mcp2k	18255	1	499577	enu,numu,vtx_cm	1522.3711	1403.4133	-118.958	2.0826595	3.0253553			3.540								
mcp1k	18255	1	58717	enu,numu,vtx_cm	301.265	182.6539	-118.611	-0.69416696	-1.6785984			2.141								
mcp1k	18259	1	66712	numu,vtx_cm				3.5576475	2.3728902			1.325								
mcp2k	18255	1	394717	enu,numu,vtx_cm	961.6738	1073.3862	111.712	3.181675	1.9991788			5.920								
mcp2k	18259	1	165767	enu,numu	602.0333	720.19855	118.165	-0.51390237	-0.39071664											
nuecc48	18255	1	234638	enu,nue,numu	1353.8528	1235.7163	-118.136	0.0072436463	0.15053162	10.125797	10.937247									
mcp2k	18255	1	105426	enu,numu	273.74805	391.2882	117.540	1.1450393	0.825755											
nuecc48	18253	1	172230	nue,numu				0.06075917	0.6613562	11.283047	12.458214									
mcp2k	18255	1	397542	enu,numu,vtx_cm	199.02567	309.8845	110.859	-3.0497007	-1.8757229			2.352								
mcp2k	18255	1	352730	enu,numu	43.20716	135.67429	92.467	-1.7723677	-0.6000036											
mcp2k	18255	1	103391	enu,numu,vtx_cm	900.823	783.62805	-117.195	3.1546907	2.6317103			3.502								
mcp2k	18259	1	167612	enu,numu,vtx_cm	774.07947	693.7421	-80.337	0.8286587	-0.3330276			2.050								
nuecc48	18255	1	433451	enu,nue,numu	2617.6433	2540.2095	-77.434	-1.9065253	-1.2453184	11.149171	9.99233									
mcp2k	18259	1	176533	enu,nue,numu	640.99646	756.5741	115.578	-0.49625352	-0.16025604	14.291832	14.95459									
mcp2k	18255	1	501711	enu,numu,vtx_cm	811.8551	696.2961	-115.559	2.6956394	3.117054			1.245								
mcp2k	18255	1	101675	enu,numu	899.61127	784.1364	-115.475	1.4972695	2.615262											
mcp2k	18255	1	75700	numu,vtx_cm				2.8966553	1.7510002			1.900								
mcp2k	18259	1	173620	numu				0.79836535	-0.34443903											
mcp1k	18255	1	321371	enu,numu	642.98987	757.0454	114.056	1.3966581	1.0384791											
mcp2k	18255	1	78743	enu,numu,vtx_cm	441.69238	555.00696	113.315	2.1064067	1.8537946			1.351								
mcp2k	18255	1	66944	enu,numu	243.81386	131.07034	-112.744	0.23034722	-0.41617015											
mcp2k	18259	1	94942	enu,numu	771.9603	660.19434	-111.766	4.8731666	5.110336											
mcp2k	18259	1	98704	enu,numu,vtx_cm	286.62323	175.03801	-111.585	-2.3323894	-2.8126075			1.847								
mcp2k	18259	1	95074	enu,numu	460.2039	571.77515	111.571	3.709781	2.8891592											
mcp2k	18255	1	317407	enu,numu,vtx_cm	1321.7649	1210.3743	-111.391	4.100402	3.7757707			1.298								
mcp2k	18255	1	73688	enu,numu	838.13477	726.79407	-111.341	2.8046255	1.9262025											
mcp2k	18255	1	76350	nue,numu				0.7135672	-0.3978506	-6.9128833	-6.5664186									
mcp1k	18255	1	411460	enu,numu,vtx_cm	471.84625	361.6423	-110.204	0.23056301	-0.1552964			9.561								
mcp2k	18259	1	237446	enu,numu	353.5638	424.63885	71.075	3.6732886	2.5757787											
mcp2k	18259	1	174896	numu,vtx_cm				3.7692826	3.3039048			10.925								
mcp1k	18255	1	349835	enu,numu	605.50867	496.37982	-109.129	2.5093834	2.6360662											
mcp2k	18259	1	176260	nue						-13.849079	-12.759798									
mcp2k	18255	1	390216	numu,vtx_cm				3.218247	4.3023405			1.065								
mcp1k	18259	1	66646	enu,numu	239.63477	347.08755	107.453	2.528595	2.1967087											
mcp2k	18259	1	99826	enu,numu	660.79614	767.7882	106.992	4.298244	4.6883817											
mcp2k	18255	1	502921	numu				1.9875965	3.057056											
mcp2k	18255	1	282271	enu,nue,numu	843.98566	737.5985	-106.387	0.9689012	1.1535891	0.25617057	0.37597656									
mcp2k	18255	1	98353	enu,numu,vtx_cm	329.24255	435.50195	106.259	-1.7754864	-2.135086			1.520								
mcp2k	18255	1	476966	enu,numu	83.19646	110.53487	27.338	-0.5918433	-1.6451005											
mcp1k	18255	1	64475	enu,numu	1092.0024	986.78546	-105.217	2.1168878	2.2812035											
mcp1k	18259	1	67746	numu				3.9817302	2.9362824											
mcp2k	18255	1	71872	enu	962.39264	857.98956	-104.403													
mcp2k	18255	1	276925	numu				3.5043306	2.4622133											
nuecc48	18259	1	74544	nue,numu				0.023561852	0.4373046	10.755988	9.717451									
mcp2k	18259	1	96680	enu,numu	241.78134	345.15485	103.374	0.62759674	0.5437414											
mcp2k	18255	1	58006	enu,numu	549.23785	446.50854	-102.729	0.14901605	0.90723455											
mcp2k	18255	1	319475	enu,numu	836.0544	733.6969	-102.357	-0.21893616	0.37378216											
mcp1k	18255	1	59553	numu,vtx_cm				2.3704083	3.3906496			6.863								
mcp1k	18255	1	59261	enu,numu	326.37668	427.2534	100.877	1.7145482	2.336215											
mcp2k	18255	1	94092	numu,vtx_cm				2.7463872	3.7524114			7.049								
mcp2k	18255	1	72275	enu,numu	1209.6139	1276.9308	67.317	3.5398588	4.5354147											
mcp2k	18255	1	95899	enu,numu,vtx_cm	966.1189	1055.1581	89.039	1.7621986	2.7510223			1.623								
mcp2k	18255	1	96864	enu,numu	256.27722	345.1951	88.918	1.0448062	2.03294											
mcp2k	18259	1	94392	enu,numu	1138.9619	1040.2439	-98.718	1.5203308	1.2705362											
mcp1k	18255	1	280017	enu,numu,vtx_cm	281.07278	183.02681	-98.046	-1.3929245	-2.331715			3.657								
mcp1k	18255	1	393212	numu,vtx_cm				-0.39597762	0.57976335			1.171								
mcp2k	18255	1	396521	enu	154.20956	57.151184	-97.058													
mcp2k	18255	1	286296	enu,numu,vtx_cm	379.30444	282.79172	-96.513	-1.1645619	-1.278614			3.180								
nuecc48	18255	1	138009	nue,numu				-0.44828352	-0.52998936	5.789761	6.7468243									
mcp1k	18255	1	48367	enu,numu	937.8359	1033.3729	95.537	2.295735	2.244109											
mcp2k	18259	1	174770	enu,numu	73.27272	168.6684	95.396	-1.6072286	-1.1178308											
mcp2k	18255	1	316987	numu				3.5993164	2.652364											
mcp1k	18255	1	280774	enu	713.42456	807.47217	94.048													
mcp1k	18255	1	347085	enu,numu	934.33826	840.30774	-94.031	2.664271	1.7786535											
mcp2k	18255	1	77328	numu				3.5706587	2.6310334											
mcp1k	18255	1	284103	numu				2.6821454	3.6143823											
mcp2k	18259	1	174352	enu,numu,vtx_cm	644.06885	551.09155	-92.977	2.0806067	1.4505501			1.294								
ncpi0	18255	1	359980	numu				0.2972357	-0.62882674											
ncpi0	18255	1	71372	numu				2.6343882	1.7132723											
mcp1k	18255	1	59335	numu,vtx_cm				1.7285229	0.8081393			1.765								
mcp1k	18255	1	314705	numu				-0.7124728	-1.619071											
mcp1k	18255	1	287249	enu,numu	535.86536	625.93396	90.069	3.1638107	3.3329475											
mcp2k	18255	1	323369	numu				-0.3907615	-1.2865714											
mcp1k	18255	1	287599	enu,numu,vtx_cm	399.36316	445.56482	46.202	1.6968961	0.8041551			4.641								
mcp2k	18259	1	175117	enu,numu	405.4023	494.0781	88.676	0.9051793	0.7401059											
mcp2k	18255	1	397599	enu,numu	353.682	265.00848	-88.674	1.8136392	2.545293											
mcp2k	18255	1	54629	numu				-2.3625746	-1.4772574											
mcp1k	18255	1	486907	numu				0.41927293	1.298914											
mcp1k	18255	1	288947	enu,numu	948.8013	861.1122	-87.689	2.787652	2.8431528											
mcp1k	18255	1	287211	numu				2.7677836	1.8917433											
mcp2k	18255	1	99838	numu				4.2299957	5.094734											
mcp1k	18255	1	390864	numu				1.3600377	0.4956944											
mcp2k	18255	1	409888	numu,vtx_cm				5.4886146	4.625075			1.500								
mcp1k	18259	1	170808	enu,numu	713.6229	627.32153	-86.301	2.1876514	2.0241482											
mcp2k	18255	1	290588	enu,numu	613.69977	699.7329	86.033	3.0036736	3.1599915											
mcp1k	18255	1	285531	numu				3.6783957	4.53708											
mcp1k	18255	1	285069	enu,numu	467.6574	381.93225	-85.725	0.39831686	0.5838952											
mcp2k	18255	1	292524	enu,numu	1123.8328	1038.1239	-85.709	3.3331041	2.6070304											
mcp2k	18255	1	322181	numu				3.1388135	2.288825											
mcp2k	18255	1	103545	enu,numu	369.09842	453.86093	84.763	0.2897824	0.47546297											
mcp2k	18255	1	392417	numu				4.5392294	3.6943815											
mcp2k	18255	1	497311	numu				-3.615124	-2.7735426											
mcp2k	18259	1	48774	enu,numu,vtx_cm	892.20844	976.18835	83.980	4.879018	4.399704			1.035								
mcp2k	18255	1	349056	enu,numu	726.8645	810.35864	83.494	3.4271662	3.1274157											
mcp2k	18259	1	177536	numu				3.1647482	3.9991162											
mcp2k	18255	1	398567	enu,numu,vtx_cm	1084.3271	1000.943	-83.384	5.026759	5.6244597			2.087								
mcp2k	18259	1	100640	numu				1.402116	0.57106864											
mcp1k	18255	1	486247	numu				0.7056696	1.5361911											
mcp2k	18255	1	74414	enu,numu	271.1272	220.97552	-50.152	-0.882554	-0.052879084											
mcp1k	18255	1	278785	enu,numu	757.90375	815.1876	57.284	2.7528834	3.5823467											
mcp1k	18255	1	284200	numu				0.21660143	1.045055											
mcp2k	18255	1	495881	numu				-1.3272907	-0.500133											
nuecc48	18255	1	269774	nue						10.366576	9.539544									
mcp2k	18255	1	398225	enu	945.64185	1028.2651	82.623													
mcp2k	18255	1	51868	enu,numu	590.80206	532.45404	-58.348	1.7423689	0.9183949											
mcp2k	18255	1	409514	numu,vtx_cm				-2.6905842	-1.8679967			3.370								
mcp2k	18259	1	179752	numu				0.73617375	1.5549562											
mcp1k	18255	1	317939	enu,numu	1311.336	1240.6003	-70.736	2.5935578	3.409779											
mcp1k	18255	1	487853	enu,numu,vtx_cm	341.67386	411.39114	69.717	-1.5822906	-0.7663692			5.691								
mcp2k	18255	1	68280	numu,vtx_cm				2.522854	1.709829			3.245								
mcp2k	18255	1	283833	enu,numu	1323.4283	1404.5297	81.101	-1.6423941	-1.480849											
mcp1k	18255	1	56211	numu				-1.1498477	-1.9602162											
mcp2k	18255	1	395695	numu				3.129977	3.938583											
mcp1k	18259	1	172656	numu				1.8752669	1.0746939											
mcp2k	18259	1	172463	numu,vtx_cm				-1.8737068	-2.6717641			1.426								
mcp2k	18255	1	292568	numu				2.7274735	3.5249946											
mcp2k	18255	1	76250	numu				3.8684437	3.078046											
mcp2k	18255	1	99563	numu				-5.0983915	-4.310366											
mcp2k	18255	1	323171	enu,numu	786.2407	707.69855	-78.542	1.6151109	1.3636649											
mcp1k	18255	1	285971	numu				3.1972263	2.41242											
mcp2k	18255	1	502019	enu,numu	802.3693	723.88904	-78.480	0.5379394	0.6937856											
mcp2k	18255	1	286489	enu,numu	553.8281	625.2176	71.389	3.0902421	2.3064685											
mcp2k	18255	1	78242	numu				3.8659394	3.0832567											
mcp2k	18255	1	390743	numu				0.8815088	1.6628661											
mcp1k	18255	1	410008	enu	362.87766	440.2355	77.358													
mcp2k	18255	1	397005	enu,numu	633.6616	556.5126	-77.149	2.979766	3.0946145											
nuecc48	18259	1	54095	nue,numu				0.014922174	-0.635447	12.026502	11.255916									
mcp2k	18255	1	392527	numu,vtx_cm				1.9541495	1.1861105			1.723								
mcp1k	18255	1	50303	enu	394.14728	317.4737	-76.674													
mcp1k	18255	1	282666	numu				3.674003	4.44056											
mcp2k	18255	1	406367	enu,numu	407.09586	483.40204	76.306	1.402556	0.84837705											
mcp1k	18255	1	282385	numu				4.4733315	3.7193048											
mcp2k	18259	1	175057	numu				5.170691	5.922237											
mcp2k	18259	1	180117	enu,numu	1377.5565	1302.5397	-75.017	4.8532805	4.2779											
mcp1k	18255	1	63163	numu				3.710024	4.4549656											
mcp1k	18255	1	58321	numu				3.475675	4.220157											
mcp2k	18255	1	393485	numu				4.734653	3.9920635											
mcp2k	18255	1	57709	enu,numu,vtx_cm	748.84515	823.1018	74.257	-0.28960234	-0.48534188			3.355								
mcp1k	18255	1	292384	numu				5.4235516	6.165339											
mcp1k	18259	1	166870	enu,vtx_cm	608.66583	682.66626	74.000					1.308								
mcp2k	18255	1	396323	enu,numu,vtx_cm	519.2836	584.922	65.638	2.1270168	1.3957373			2.239								
mcp2k	18259	1	179897	numu				1.418823	0.6910862											
mcp2k	18255	1	392262	numu				2.3794396	1.6523675											
mcp2k	18255	1	69254	enu,vtx_cm	558.0259	630.2754	72.250					2.376								
mcp1k	18255	1	287654	enu,numu	581.8133	509.72052	-72.093	1.0090047	1.1054695											
mcp2k	18255	1	56939	numu				4.817776	4.097802											
mcp2k	18259	1	177178	numu				4.153918	3.4432642											
mcp2k	18255	1	392669	enu,numu,vtx_cm	657.4535	727.9441	70.491	4.5070553	5.204083			1.098								
mcp1k	18255	1	319039	enu	682.103	611.8033	-70.300													
mcp2k	18259	1	51546	enu	511.06458	580.93365	69.869													
mcp2k	18255	1	66366	numu				5.7339287	5.035556											
mcp1k	18259	1	167684	numu				-1.5693709	-0.87666756											
mcp2k	18259	1	180403	enu,nue,numu,vtx_cm	596.41296	527.9456	-68.467	2.370601	3.048562	-13.976866	-14.115741	1.118								
mcp2k	18255	1	278509	enu,numu	385.52933	338.6432	-46.886	-0.9284234	-1.6101338											
mcp1k	18255	1	285929	numu,vtx_cm				5.1812463	4.500674			1.306								
mcp2k	18259	1	161043	numu				-0.896061	-0.21596405											
mcp2k	18255	1	91917	numu				4.355093	5.030192											
mcp2k	18255	1	497883	enu,numu	783.66345	716.2566	-67.407	3.1647363	3.0750148											
mcp1k	18255	1	280466	enu,numu	603.932	536.64246	-67.290	-0.3817048	-0.58460003											
mcp1k	18255	1	280598	numu				2.8084483	2.1372082											
mcp2k	18255	1	105316	enu	487.2392	553.7085	66.469													
mcp2k	18255	1	322135	numu,vtx_cm				3.448523	2.7853034			1.617								
mcp1k	18259	1	167112	enu,numu	637.33887	703.37524	66.036	3.560645	3.421238											
mcp1k	18255	1	388224	enu,numu	1228.0963	1162.4983	-65.598	3.5292664	4.169902											
mcp2k	18259	1	101498	numu				1.8926908	1.2384669											
ncpi0	18255	1	142421	numu				3.704026	3.0504136											
mcp2k	18259	1	241626	numu				2.3762932	1.7256854											
mcp1k	18255	1	393608	numu				1.3127859	1.9598144											
mcp2k	18255	1	292722	numu				3.4259064	2.7797532											
mcp2k	18255	1	98452	enu,numu,vtx_cm	610.79456	546.3158	-64.479	2.7505493	2.877564			1.832								
mcp1k	18255	1	321767	enu	1067.6438	1003.3127	-64.331													
mcp2k	18255	1	283849	numu,vtx_cm				4.021201	4.28604			6.420								
mcp2k	18259	1	239404	numu,vtx_cm				1.2783272	1.9163953			4.752								
mcp1k	18255	1	57661	enu	779.7554	843.065	63.310													
mcp1k	18255	1	57903	numu,vtx_cm				1.717912	1.0886312			1.036								
mcp2k	18259	1	178225	enu,numu,vtx_cm	473.22302	535.7373	62.514	1.1347958	0.77231914			2.989								
mcp1k	18255	1	49951	numu				2.3957055	1.7707367											
mcp2k	18255	1	394167	nue						6.216715	6.838202									
mcp2k	18255	1	287638	numu				2.1409829	2.7619934											
mcp2k	18255	1	405201	numu				4.0540347	3.4387827											
mcp2k	18255	1	393791	numu				3.3773537	2.7656002											
mcp2k	18255	1	58325	numu				3.1832201	3.7929525											
mcp2k	18255	1	395089	enu,numu	680.7419	741.5833	60.841	0.8203275	1.1023334											
mcp2k	18255	1	95405	numu,vtx_cm				2.9823298	3.5893857			2.961								
mcp2k	18255	1	92992	numu				-0.6338725	-0.027227342											
mcp2k	18255	1	94293	numu				4.1902246	3.5872269											
mcp2k	18259	1	177366	numu				2.2008533	2.803297											
nuecc48	18255	1	196649	nue,numu				-0.9414934	-0.34407896	4.287586	4.0962386									
mcp2k	18255	1	474678	enu,numu	863.3721	803.6415	-59.731	0.0020086989	-0.2211676											
mcp1k	18255	1	50831	numu,vtx_cm				-2.0377054	-1.7257667			5.944								
mcp2k	18255	1	284047	numu,vtx_cm				-3.2151456	-2.6241677			2.048								
mcp2k	18259	1	162143	numu				5.7210555	5.130154											
mcp2k	18255	1	72055	enu,numu	889.4906	839.3253	-50.165	4.6734056	5.2641993											
mcp2k	18255	1	99966	numu,vtx_cm				-2.0310266	-1.4403738			1.351								
mcp2k	18255	1	499115	numu				2.6004028	3.188759											
mcp1k	18255	1	291961	numu				2.3917067	1.804078											
mcp1k	18255	1	409964	enu,numu	795.52374	854.1588	58.635	4.529642	4.4623485											
mcp2k	18259	1	178388	numu				2.5101957	1.9268574											
mcp1k	18259	1	71178	numu				-1.0688342	-0.4869005											
mcp2k	18255	1	396927	enu,numu	806.2112	748.1411	-58.070	0.71920663	1.2689075											
mcp2k	18255	1	290542	numu				2.980269	3.5560708											
mcp2k	18255	1	93696	numu				2.167212	2.7428186											
mcp2k	18259	1	240636	numu				3.8792338	3.30837											
mcp1k	18255	1	316025	numu				2.9184341	2.349391											
mcp1k	18255	1	288859	numu				3.3708675	3.937524											
mcp1k	18255	1	59179	numu				3.2975485	3.8641462											
mcp2k	18255	1	319913	enu,numu,vtx_cm	364.48837	307.85278	-56.636	0.5278622	1.014769			1.088								
nuecc48	18255	1	350186	nue,numu				-1.0562408	-0.8223966	9.194807	9.75624									
mcp2k	18255	1	393538	numu				5.1398425	4.580923											
mcp1k	18255	1	57485	enu,numu	604.47504	660.36395	55.889	2.2069776	1.986209											
mcp1k	18255	1	59899	enu,numu,vtx_cm	353.68414	409.35477	55.671	-1.7004381	-1.5150106			2.857								
mcp2k	18255	1	415186	numu				2.874844	3.430539											
mcp1k	18255	1	57575	numu				3.9033356	3.34985											
mcp2k	18255	1	279537	enu,numu,vtx_cm	556.08234	500.84467	-55.238	0.65912	0.7934996			1.038								
mcp2k	18255	1	321895	enu,numu	815.8498	870.34265	54.493	2.3577492	2.4620056											
mcp2k	18259	1	177939	numu,vtx_cm				-0.6262725	-1.169545			3.511								
mcp1k	18255	1	61417	numu				4.1291304	3.5860274											
mcp2k	18259	1	159569	enu,numu,vtx_cm	734.77625	680.80334	-53.973	0.26751772	0.34364417			3.803								
mcp2k	18255	1	395573	numu				-0.08752588	-0.6252198											
mcp2k	18255	1	395033	numu				2.51965	3.055405											
mcp1k	18255	1	285564	numu				0.99985236	1.5353253											
mcp2k	18255	1	279955	numu,vtx_cm				3.026046	3.5614872			2.745								
mcp2k	18255	1	66652	numu				3.2199163	2.6890905											
mcp1k	18259	1	174224	numu,vtx_cm				4.6401515	5.170604			1.194								
mcp1k	18255	1	59085	enu,numu	142.15752	89.49783	-52.660	-1.5686193	-1.9935282											
mcp2k	18255	1	66900	numu				2.3455386	2.8714287											
mcp2k	18255	1	319871	numu				2.214045	2.739616											
mcp2k	18255	1	398191	numu,vtx_cm				3.8417807	4.3665876			1.353								
mcp2k	18259	1	51964	numu				4.459598	4.983838											
mcp1k	18255	1	287555	enu,numu	1176.6649	1124.3077	-52.357	2.5553665	2.6742885											
mcp1k	18255	1	290294	numu				2.695602	3.2187734											
mcp1k	18255	1	348471	numu				2.7800221	3.3013194											
mcp1k	18255	1	389588	enu,numu	80.81202	132.34505	51.533	-0.27285638	-0.07189761											
mcp2k	18255	1	479650	enu,numu	571.77527	622.95935	51.184	-0.029284	0.22912982											
mcp1k	18255	1	60933	enu,numu	762.3029	711.6688	-50.634	3.8215463	3.381284											
mcp1k	18255	1	391260	numu				3.42523	2.9217963											
mcp2k	18255	1	56180	numu				2.8362684	2.3329058											
mcp1k	18259	1	169824	numu				6.187283	5.6839952											
mcp1k	18255	1	316553	numu				3.7483284	4.2479877											
mcp1k	18259	1	173498	numu				2.7225382	3.2219944											
mcp1k	18255	1	288327	numu				-1.9320762	-1.4337705											
mcp1k	18255	1	319611	numu				2.9982193	2.5055737											
mcp1k	18255	1	281507	numu				1.7326627	2.2220452											
mcp2k	18255	1	76998	numu				2.678762	3.154371											
mcp1k	18255	1	51513	numu				2.8341138	2.35979											
ncpi0	18259	1	18625	numu				2.3249195	2.796138											
mcp1k	18255	1	400636	numu				4.1301603	4.5996337											
mcp2k	18255	1	98338	numu				2.638949	3.1053994											
mcp2k	18255	1	58072	numu				1.2206682	1.6759074											
mcp2k	18255	1	104920	numu				3.2347922	3.6860557											
mcp2k	18255	1	393727	numu				1.6840942	1.2354468											
mcp1k	18255	1	288067	numu				3.6871636	4.132439											
mcp1k	18255	1	63603	numu				3.610793	4.0541816											
mcp2k	18259	1	179611	nue,numu				1.6581784	1.5351253	-13.915175	-14.357993									
mcp2k	18255	1	280351	numu				3.1306043	2.6881888											
mcp2k	18255	1	318857	enu,numu	151.25508	195.13228	43.877	-1.8011754	-2.2159133											
mcp2k	18255	1	92159	numu				-0.47962102	-0.91831625											
mcp2k	18259	1	242022	numu				3.7415936	4.1762342											
mcp2k	18259	1	242748	numu,vtx_cm				1.3705493	1.8051023			1.307								
mcp2k	18255	1	72196	numu				2.7487752	2.3152711											
mcp2k	18255	1	321983	enu,numu	219.4626	176.45163	-43.011	-1.5533298	-1.4109198											
mcp2k	18255	1	395079	numu				0.45766506	0.027561873											
mcp2k	18255	1	500083	nue,numu				-1.2605555	-1.3689493	-7.7296987	-7.303245									
mcp2k	18255	1	397498	numu,vtx_cm				1.0016284	0.58207965			3.259								
mcp2k	18255	1	69232	nue,numu,vtx_cm				4.205423	4.0800266	-9.566041	-9.639943	4.179								
mcp2k	18259	1	166006	numu				4.254999	3.840405											
mcp1k	18255	1	395962	numu,vtx_cm				2.0796783	1.6669936			1.177								
mcp2k	18255	1	318021	numu				-1.0840781	-1.496461											
mcp2k	18259	1	168448	numu				1.7386458	1.326453											
mcp1k	18259	1	172266	numu				1.8537782	2.265029											
mcp2k	18255	1	275539	numu				1.2621255	1.6724774											
mcp2k	18255	1	349276	numu				5.8858223	5.4763527											
nuecc48	18255	1	90055	nue,numu				-1.1415854	-0.7337741	8.95623	8.884986									
mcp1k	18255	1	55627	numu				5.805475	5.4024925											
mcp2k	18255	1	73538	numu				0.44416517	0.846717											
mcp2k	18255	1	392988	enu	359.396	399.16232	39.766													
mcp2k	18255	1	72742	numu				3.1416879	3.53663											
mcp2k	18255	1	97084	numu				3.2444894	2.8538334											
mcp2k	18259	1	170098	numu				2.4920776	2.8823717											
mcp1k	18259	1	68714	numu				2.3186533	2.7082207											
mcp2k	18259	1	242484	numu				2.9206889	3.309321											
mcp2k	18255	1	70612	numu				0.42203823	0.03754624											
mcp2k	18259	1	173978	enu,numu	249.10645	210.94714	-38.159	-1.1459793	-1.2371174											
mcp1k	18255	1	394642	numu				-2.709045	-3.0900097											
mcp2k	18255	1	76888	numu				3.297241	2.9186642											
mcp2k	18255	1	76170	numu				5.344948	4.968793											
mcp1k	18255	1	387850	numu				-0.86151075	-1.2366732											
mcp2k	18259	1	172020	numu,vtx_cm				4.138514	4.073652			3.735								
mcp2k	18259	1	47278	numu				1.6434077	2.014507											
mcp1k	18255	1	279643	numu				-1.7682163	-2.1367133											
mcp2k	18255	1	395597	nue,numu,vtx_cm				-0.564209	-0.6765383	-10.652318	-10.284171	1.224								
mcp2k	18255	1	70538	numu				-0.073596895	-0.43945277											
mcp2k	18259	1	242550	numu				3.985318	4.3509502											
mcp2k	18255	1	497553	numu				0.14705421	-0.21788749											
mcp1k	18255	1	399998	numu				1.3461542	0.98430204											
mcp2k	18255	1	347384	numu				5.068445	5.429485											
mcp2k	18255	1	392900	numu				2.3011453	2.6614997											
mcp1k	18255	1	399702	numu				2.9939997	2.6344056											
mcp2k	18255	1	495199	numu				4.021816	3.6624599											
mcp1k	18255	1	348845	numu				2.622377	2.2630804											
mcp1k	18255	1	54341	numu				0.44409576	0.8029297											
mcp2k	18255	1	100157	numu,vtx_cm				-0.935666	-1.2942839			1.037								
mcp1k	18259	1	173234	numu				2.93608	2.577905											
mcp1k	18255	1	62495	numu				2.7555017	3.1127498											
mcp1k	18255	1	278420	numu				2.0636544	2.419974											
mcp1k	18255	1	51051	numu				4.0302553	4.383867											
mcp2k	18255	1	98947	numu				2.3866336	2.0347898											
mcp1k	18255	1	317191	numu				1.4460247	1.0949647											
mcp2k	18259	1	51128	numu				0.66654694	0.31732762											
mcp2k	18259	1	52338	numu				2.180486	2.529683											
mcp1k	18255	1	401780	numu				0.920341	0.57263976											
mcp2k	18255	1	73698	numu,vtx_cm				2.7265482	2.3809495			1.400								
mcp2k	18255	1	319275	numu				-3.1547704	-2.8104029											
mcp2k	18255	1	77846	numu				4.2972503	3.9532743											
mcp1k	18255	1	292687	numu				3.8121216	4.154149											
mcp2k	18255	1	91235	numu				3.8264675	4.16848											
mcp1k	18255	1	313847	numu				3.7391994	3.397235											
mcp2k	18259	1	173819	numu,vtx_cm				1.2219398	1.5617298			1.641								
mcp2k	18255	1	100245	numu				1.2699016	0.93052566											
mcp2k	18255	1	355238	numu				2.8200994	3.1579542											
mcp1k	18255	1	286241	numu				4.4942784	4.1565547											
mcp1k	18259	1	66118	numu				1.385732	1.0505333											
mcp2k	18255	1	320575	numu				-1.7987913	-2.131156											
mcp1k	18255	1	286353	numu				2.3300328	2.661711											
mcp1k	18255	1	53361	numu				2.2801638	2.607871											
mcp1k	18259	1	168614	numu				2.364878	2.0384955											
mcp1k	18255	1	282899	numu				3.3667924	3.0427303											
mcp1k	18255	1	284637	numu				1.7045398	1.3806486											
mcp1k	18259	1	172794	numu				2.5618074	2.8855596											
mcp1k	18259	1	170880	numu,vtx_cm				-2.4729733	-2.796202			1.788								
mcp2k	18255	1	70178	numu				2.5695033	2.2470336											
mcp2k	18259	1	96306	numu				4.5124536	4.832207											
mcp1k	18255	1	287621	numu				2.6779206	2.9972055											
mcp2k	18259	1	50182	numu				3.7190685	4.037882											
mcp2k	18259	1	175952	numu				4.1521387	4.468541											
mcp2k	18255	1	281781	numu				1.7799968	1.4658644											
mcp1k	18259	1	72256	numu				3.411619	3.0978901											
mcp2k	18259	1	53130	numu				0.43227547	0.74541295											
mcp2k	18255	1	76038	numu				5.5551214	5.242718											
mcp1k	18259	1	166804	numu				-1.2655905	-0.95451033											
mcp2k	18255	1	396761	numu,vtx_cm				2.5114062	2.8222222			1.561								
mcp2k	18255	1	77702	numu				4.7822485	4.4726896											
mcp2k	18255	1	395123	nue,numu				-1.728873	-1.6631593	-8.832502	-8.524662									
mcp2k	18255	1	281165	numu				3.2324092	3.5400023											
mcp2k	18259	1	173450	numu				-3.7998245	-3.4922519											
mcp1k	18255	1	53427	numu				3.4649582	3.1575165											
mcp2k	18255	1	70472	numu				1.0827783	0.77778333											
mcp2k	18259	1	163771	numu				1.656484	1.3529468											
mcp2k	18255	1	54453	numu				-0.30844763	-0.00771685											
mcp2k	18255	1	57280	numu				-2.482226	-2.183097											
mcp2k	18255	1	321937	numu				4.3019056	4.6010056											
mcp1k	18259	1	68978	numu				1.2545619	1.5521263											
mcp1k	18255	1	277276	numu,vtx_cm				3.28266	3.5796683			1.088								
mcp2k	18259	1	178645	numu,vtx_cm				2.2457888	2.005498			2.963								
mcp2k	18255	1	480970	numu				1.2877647	0.99325293											
mcp2k	18259	1	170585	numu				1.951366	2.245496											
mcp2k	18255	1	67928	numu				2.8738859	2.583186											
mcp2k	18255	1	322885	numu				2.3792548	2.0915947											
mcp2k	18255	1	75052	numu,vtx_cm				-0.31269902	-0.09474617			2.868								
mcp1k	18255	1	401516	numu				2.6276343	2.340907											
mcp1k	18255	1	314507	numu				-0.18702924	-0.471943											
mcp1k	18255	1	54351	numu				0.46953228	0.7515528											
mcp2k	18259	1	48488	numu				4.68775	4.407054											
mcp1k	18255	1	56463	numu				4.675054	4.9545403											
mcp1k	18259	1	166738	numu				3.9011607	4.176479											
mcp2k	18255	1	58919	numu				4.039669	4.3149085											
mcp2k	18255	1	70766	numu				-3.8054698	-3.5315688											
mcp2k	18255	1	68308	numu				3.6786609	3.951479											
mcp2k	18259	1	173671	numu				3.166098	2.8972394											
mcp2k	18255	1	315955	numu				0.8693085	1.1381047											
mcp2k	18255	1	76280	numu				2.4245634	2.6921632											
mcp1k	18255	1	61579	numu,vtx_cm				4.6272545	4.8923			2.432								
mcp2k	18255	1	502525	numu				1.6284502	1.3634318											
mcp1k	18255	1	352123	numu				2.7171452	2.9800544											
mcp2k	18259	1	99716	numu				4.988582	5.25069											
nuecc48	18255	1	447477	nue,numu				0.25853688	0.5205997	11.580061	11.399108									
mcp1k	18255	1	320865	numu				4.209985	3.9488764											
nuecc48	18259	1	52672	nue						-10.571139	-10.831776									
mcp2k	18259	1	175959	numu				3.8123634	3.5526814											
mcp2k	18255	1	91367	numu				3.8568943	3.5978482											
mcp1k	18259	1	174114	numu				0.3664248	0.6239834											
mcp2k	18255	1	406147	numu				5.152449	4.894985											
mcp1k	18255	1	64921	numu				0.5980057	0.34181958											
mcp1k	18255	1	64409	nue,numu				0.001260851	0.058695287	6.7127132	6.9680786									
mcp1k	18255	1	290729	numu				2.1432753	2.3982859											
mcp1k	18255	1	316003	numu,vtx_cm				-3.225632	-2.970945			1.032								
mcp1k	18255	1	488755	numu				1.3353163	1.5855606											
mcp2k	18255	1	396805	numu				2.9024677	3.151099											
mcp2k	18255	1	396420	numu,vtx_cm				3.5547647	3.7955005			1.071								
mcp1k	18255	1	283991	numu				2.8497722	2.6092043											
mcp1k	18255	1	284211	numu				2.7532113	2.5126584											
mcp1k	18259	1	172832	numu,vtx_cm				4.5538354	4.3141937			1.001								
mcp1k	18255	1	52085	numu				4.5940323	4.3545127											
mcp2k	18255	1	480772	numu				4.500355	4.7394013											
mcp2k	18259	1	94546	numu				3.2233484	3.461931											
mcp1k	18255	1	315343	numu				-1.0001212	-1.2359776											
mcp1k	18255	1	313979	numu				4.365408	4.6008463											
mcp2k	18255	1	70912	numu				5.0350003	5.2698116											
mcp1k	18255	1	349241	numu				2.168548	2.40219											
mcp2k	18259	1	173049	numu				3.2207437	3.453247											
mcp2k	18255	1	408326	numu				4.9818306	5.2133074											
mcp2k	18255	1	72170	numu				3.3930492	3.1634283											
mcp2k	18255	1	55278	numu				0.25241902	0.48107636											
mcp2k	18259	1	95690	numu				4.068631	3.8407109											
mcp2k	18255	1	104216	numu				1.3196905	1.0922889											
mcp2k	18255	1	316021	numu,vtx_cm				2.1794977	1.9526228			1.965								
mcp2k	18255	1	395209	numu,vtx_cm				6.7470746	6.691851			2.230								
mcp2k	18259	1	178570	numu				2.5858338	2.3640263											
mcp2k	18255	1	355106	numu				-0.6676154	-0.44639102											
mcp2k	18255	1	100564	numu				3.546242	3.3267062											
mcp1k	18255	1	316729	numu,vtx_cm				4.136392	3.9173396			1.123								
mcp1k	18255	1	346623	numu				-1.8415586	-2.0603058											
mcp1k	18255	1	287517	numu				3.0595348	3.277643											
mcp2k	18255	1	79616	numu				4.476364	4.2593017											
mcp2k	18255	1	287770	numu				4.528217	4.7446575											
mcp1k	18255	1	292643	numu				3.1985514	3.414189											
mcp2k	18255	1	54508	numu				-1.7667552	-1.9821011											
mcp1k	18255	1	278684	numu				-2.2311609	-2.017644											
mcp2k	18255	1	389225	numu				4.5530396	4.3397336											
mcp2k	18255	1	285350	numu				3.5476992	3.7607596											
mcp1k	18255	1	283969	numu				-1.2873478	-1.4999027											
mcp1k	18255	1	287830	numu				0.7549649	0.96735865											
mcp2k	18259	1	169067	numu,vtx_cm				3.619073	3.410603			1.228								
mcp1k	18255	1	490581	numu				3.531897	3.7399542											
mcp1k	18255	1	400460	numu				2.0945916	2.30172											
mcp2k	18255	1	414240	numu,vtx_cm				3.279898	3.485281			1.402								
mcp2k	18255	1	395012	numu				2.420143	2.2151423											
mcp1k	18255	1	400592	numu				5.2236605	5.019187											
mcp2k	18255	1	72768	numu				1.4906639	1.2865773											
mcp1k	18255	1	285311	numu				2.3393784	2.1353757											
mcp2k	18255	1	410698	numu				3.7108798	3.5077765											
mcp2k	18259	1	166295	numu,vtx_cm				-1.1789081	-0.97612625			1.838								
mcp1k	18255	1	278640	numu				-0.91074264	-0.7091062											
mcp2k	18255	1	91653	numu				0.49399406	0.29363233											
mcp1k	18255	1	318731	numu				3.3120654	3.5118382											
mcp1k	18255	1	399856	numu				1.1952411	1.3947734											
mcp1k	18255	1	62459	numu				2.994232	3.1915624											
nuecc48	18255	1	422851	nue,numu				-0.03525145	-0.18215562	12.350147	12.153186									
mcp2k	18255	1	98294	numu				0.53092337	0.72734296											
mcp2k	18255	1	285680	numu				0.9562459	1.1518517											
mcp2k	18259	1	169793	numu				2.570353	2.7635856											
mcp2k	18255	1	352664	numu				3.4529023	3.645976											
mcp1k	18255	1	57883	numu,vtx_cm				2.3450286	2.2829661			1.923								
mcp1k	18259	1	68956	numu				3.2583482	3.4487054											
mcp1k	18255	1	288639	numu				2.9715486	2.7833283											
mcp1k	18255	1	286180	numu,vtx_cm				2.79916	2.6484683			1.877								
mcp1k	18255	1	320029	numu				3.3788826	3.5660002											
mcp2k	18255	1	478220	numu				3.3213873	3.134961											
mcp2k	18259	1	179604	numu				5.104601	4.9183574											
mcp1k	18255	1	320667	numu				1.151725	0.9660211											
mcp2k	18255	1	409906	numu				3.197403	3.01292											
mcp1k	18259	1	71046	numu				3.69852	3.882836											
mcp2k	18255	1	57742	numu				2.416261	2.600011											
mcp2k	18255	1	407886	numu				-0.91247004	-1.0957775											
mcp2k	18255	1	93919	numu				2.9995239	3.179802											
mcp2k	18255	1	316811	numu,vtx_cm				2.3958638	2.2156146			1.555								
mcp2k	18255	1	280153	numu				0.22449446	0.04648564											
mcp2k	18255	1	398181	numu,vtx_cm				4.015106	3.8382566			1.242								
mcp2k	18259	1	173495	numu				-1.2686424	-1.0929017											
mcp2k	18255	1	320485	numu				3.2150335	3.3894432											
mcp2k	18259	1	178841	numu				4.8998604	4.7259674											
mcp1k	18255	1	391766	numu				-4.2123666	-4.384276											
mcp1k	18255	1	59685	numu				3.6124175	3.4412005											
mcp2k	18259	1	172262	numu				-3.631674	-3.8019614											
mcp2k	18255	1	74380	numu				2.3059397	2.4756646											
mcp1k	18255	1	285665	numu				1.3655428	1.5348998											
mcp2k	18255	1	397476	numu				-1.04264	-0.873673											
mcp1k	18255	1	401054	vtx_cm								1.687								
mcp1k	18255	1	288358	numu				3.4502063	3.2820032											
mcp1k	18255	1	406796	numu				2.523145	2.690612											
mcp2k	18255	1	397190	numu				2.779753	2.6126094											
mcp2k	18255	1	78259	numu				-0.5904816	-0.75708914											
mcp2k	18255	1	317539	numu				2.2093525	2.0429196											
mcp1k	18255	1	291548	numu				1.5140314	1.6800766											
mcp2k	18255	1	400251	numu				-0.4574168	-0.29215157											
mcp1k	18255	1	65999	numu				-1.7295324	-1.89281											
mcp2k	18255	1	394396	numu				3.5539384	3.3918664											
mcp2k	18255	1	392891	numu				3.5502603	3.7111652											
nuecc48	18259	1	131357	numu				-0.10120275	-0.2613286											
mcp2k	18255	1	103798	numu				-0.43504083	-0.5939642											
mcp1k	18259	1	170924	numu				2.2257552	2.0674555											
mcp2k	18259	1	100420	numu				1.6047913	1.4465573											
mcp2k	18259	1	171572	numu				-0.35190102	-0.19404055											
mcp1k	18255	1	283091	numu				3.6725743	3.5155199											
mcp2k	18255	1	95151	numu				2.500758	2.3437598											
ncpi0	18364	1	84229	numu				0.77285826	0.61676013											
mcp1k	18259	1	172090	numu				-2.098174	-1.9427897											
mcp2k	18255	1	318769	numu				0.2331879	0.3885542											
mcp2k	18259	1	178907	numu				3.446452	3.6016145											
mcp2k	18255	1	322707	numu				2.6765232	2.521846											
mcp2k	18255	1	280945	numu				2.1293197	1.9755834											
mcp2k	18255	1	66278	numu				-0.8395556	-0.99307215											
mcp1k	18255	1	407148	numu				4.121788	3.9693632											
mcp2k	18255	1	392327	numu				2.9085338	2.7569997											
mcp2k	18259	1	47784	numu				4.0501394	3.8990033											
mcp2k	18255	1	93677	numu				2.5624647	2.7110944											
mcp2k	18255	1	292788	numu				3.7827017	3.9313104											
mcp2k	18255	1	348088	numu				4.189552	4.337795											
mcp2k	18255	1	412638	numu				5.4863997	5.634374											
mcp2k	18259	1	95184	numu,vtx_cm				-0.20922051	-0.3341312			1.476								
mcp2k	18255	1	396355	numu				3.0631247	2.9176793											
mcp1k	18255	1	398260	numu				3.6407053	3.7861216											
mcp2k	18255	1	393089	numu				2.4439366	2.298609											
mcp2k	18255	1	390810	numu				1.8191583	1.674805											
mcp1k	18255	1	401252	numu				3.2863011	3.1430554											
mcp1k	18259	1	71530	vtx_cm								1.424								
mcp2k	18255	1	410566	numu				1.3828576	1.2405248											
mcp2k	18259	1	156093	vtx_cm								1.419								
mcp1k	18259	1	172788	numu				1.5871594	1.728139											
mcp2k	18255	1	396829	numu				-2.171131	-2.0311198											
mcp1k	18259	1	169620	numu				3.6606324	3.8006027											
mcp2k	18255	1	72174	numu				4.4334335	4.2942276											
mcp1k	18255	1	62583	numu				0.80305517	0.942261											
mcp2k	18255	1	74146	numu				1.074266	0.9352465											
mcp2k	18255	1	293470	numu				2.9306767	3.0695875											
mcp2k	18255	1	393119	numu				2.895578	3.0335197											
mcp1k	18255	1	64717	numu				-0.7062075	-0.56865215											
mcp2k	18255	1	281325	nue						-9.566788	-9.429416									
mcp2k	18255	1	80672	numu				-1.8664513	-1.7300097											
mcp2k	18255	1	478088	numu				4.102785	4.239068											
mcp1k	18255	1	394532	numu				-1.3795131	-1.5144852											
mcp2k	18259	1	176948	numu				-1.8720914	-1.7377336											
mcp2k	18255	1	72099	numu				-2.6313262	-2.4978023											
mcp1k	18255	1	284235	numu				-0.18057127	-0.3140469											
mcp2k	18255	1	98470	numu				4.4877257	4.6210804											
mcp1k	18255	1	285253	numu				-1.4260235	-1.2929941											
mcp1k	18255	1	282737	numu				3.7254405	3.593001											
mcp1k	18255	1	350099	numu				3.761677	3.8929245											
mcp1k	18255	1	393042	numu				3.6691504	3.7997386											
mcp1k	18255	1	315497	numu				3.8072202	3.6775172											
mcp2k	18259	1	169658	numu				4.2078476	4.336832											
mcp2k	18255	1	76059	numu,vtx_cm				2.539502	2.4388487			1.282								
mcp1k	18255	1	278794	numu				1.7899107	1.9167413											
mcp2k	18255	1	391777	numu				0.94946736	0.82480556											
mcp1k	18259	1	171358	numu				0.16624634	0.04195136											
mcp2k	18255	1	101554	numu				3.920988	3.7973027											
mcp2k	18255	1	412242	numu				2.1369846	2.0137784											
mcp2k	18259	1	237710	numu				2.2430055	2.3659976											
mcp1k	18255	1	405234	numu				0.27928478	0.15690488											
mcp2k	18255	1	391415	numu				2.8857734	2.7634566											
mcp2k	18255	1	104172	numu				0.6447968	0.7670294											
mcp2k	18259	1	240196	numu				2.1831367	2.0617464											
mcp2k	18255	1	75554	numu				-0.34075895	-0.21949461											
mcp2k	18255	1	51890	numu				5.4300523	5.3089933											
mcp2k	18255	1	396949	vtx_cm								1.193								
mcp1k	18255	1	59371	numu				3.0284963	2.9094377											
mcp2k	18255	1	57577	numu				4.5619917	4.679071											
mcp2k	18255	1	70084	numu				2.219449	2.1026175											
mcp2k	18255	1	73838	numu				3.607332	3.7235975											
mcp2k	18255	1	53793	numu				4.7431765	4.859405											
mcp1k	18255	1	353751	numu				4.749773	4.634781											
mcp2k	18255	1	71092	numu				-1.4815319	-1.5964118											
mcp1k	18259	1	174576	numu				2.6222816	2.7370505											
mcp2k	18255	1	474612	numu				-2.0202174	-2.1328878											
mcp2k	18259	1	174661	numu				3.5315852	3.6442246											
mcp1k	18255	1	350121	numu,vtx_cm				4.7009974	4.801154			1.122								
mcp2k	18255	1	70640	numu				3.0518196	3.163293											
mcp1k	18255	1	397722	numu				2.9918163	3.1015844											
mcp2k	18255	1	92134	numu				4.914737	4.806149											
mcp2k	18255	1	321367	numu,vtx_cm				3.174868	3.270471			1.076								
mcp2k	18255	1	78032	numu				5.463772	5.5706367											
mcp2k	18255	1	284866	vtx_cm								1.059								
mcp2k	18259	1	180698	numu				-5.199599	-5.0942626											
mcp1k	18259	1	71222	numu				2.8786643	2.774248											
mcp2k	18255	1	92904	numu				-0.91807944	-1.0221285											
mcp2k	18255	1	288012	numu				4.7211766	4.6173296											
mcp2k	18255	1	293734	numu				3.47158	3.5742314											
mcp2k	18255	1	69152	numu				5.046215	5.1476307											
mcp2k	18259	1	177149	numu				-1.573533	-1.4734429											
mcp1k	18255	1	490361	numu				3.1885846	3.2857523											
mcp1k	18255	1	395654	numu				3.5816646	3.484549											
mcp2k	18255	1	66872	numu				1.0094956	0.9126291											
mcp2k	18259	1	240372	numu				1.1461046	1.2413675											
mcp2k	18255	1	52759	numu				-1.537562	-1.6327943											
mcp1k	18255	1	287825	numu				3.0621867	3.1565847											
mcp1k	18255	1	283771	numu				3.4121277	3.5048244											
mcp2k	18255	1	392759	numu				1.8705782	1.9631896											
mcp2k	18255	1	475712	numu				1.4627867	1.371255											
mcp2k	18255	1	402209	numu				3.7520802	3.6614158											
mcp2k	18259	1	242726	numu				3.6178174	3.5271678											
mcp2k	18259	1	47916	numu				2.932961	2.8441863											
mcp2k	18255	1	52121	numu				2.8863204	2.9737868											
mcp2k	18255	1	70692	numu				3.6109958	3.696591											
mcp1k	18255	1	55539	numu				-0.36586753	-0.4488934											
mcp2k	18255	1	79491	numu				3.3515904	3.2694702											
mcp2k	18255	1	75135	numu				4.0381417	3.9561305											
mcp2k	18255	1	391513	numu				4.193762	4.1121116											
mcp2k	18259	1	178445	numu				-1.158081	-1.0766017											
mcp2k	18259	1	179054	numu				0.8077832	0.7264907											
mcp2k	18259	1	172617	numu				3.5788693	3.66005											
mcp1k	18255	1	402330	numu				2.7523224	2.8329527											
mcp2k	18255	1	497355	numu				3.6530926	3.7336543											
mcp2k	18255	1	391756	numu				0.07787123	-0.0020700304											
mcp2k	18259	1	168209	numu				3.6018047	3.5220506											
mcp2k	18259	1	174993	numu				1.7091298	1.6294522											
mcp2k	18255	1	414442	numu				-2.4414046	-2.5182862											
mcp1k	18255	1	282459	numu				4.144449	4.221148											
mcp2k	18255	1	321629	numu				4.2960315	4.219457											
mcp2k	18255	1	404189	numu				4.3808184	4.4571266											
mcp1k	18255	1	404684	numu				0.51052094	0.58662564											
mcp2k	18255	1	403397	numu				4.357729	4.432117											
mcp1k	18255	1	59093	numu				2.7772565	2.8509552											
mcp2k	18259	1	166996	numu				1.4826692	1.5560111											
mcp2k	18259	1	175094	numu				4.3248963	4.252089											
mcp2k	18255	1	104260	numu				0.22306506	0.15082219											
mcp1k	18255	1	348713	numu				-1.8688066	-1.7969842											
mcp1k	18259	1	169356	numu				0.9956202	1.0643127											
mcp2k	18255	1	103952	numu				1.9044981	1.9727983											
mcp2k	18255	1	289246	numu				4.1406283	4.0727277											
mcp1k	18255	1	291262	numu				2.781724	2.7140503											
mcp1k	18255	1	56243	numu				4.3804097	4.3130527											
mcp2k	18255	1	74326	numu				2.345549	2.278583											
mcp2k	18255	1	74270	numu				-1.4279042	-1.4938312											
mcp1k	18255	1	283040	numu				3.6491568	3.5833168											
mcp2k	18259	1	173108	numu				2.1512952	2.216725											
mcp2k	18255	1	67026	numu				3.040679	2.9753232											
mcp2k	18255	1	500567	numu				1.4883727	1.4236318											
mcp1k	18255	1	390842	numu				4.453428	4.3898563											
mcp2k	18255	1	409624	numu				1.2925167	1.3557642											
mcp2k	18255	1	397927	numu				3.3467555	3.2839134											
mcp1k	18255	1	388026	numu				5.36399	5.3016806											
mcp2k	18255	1	399303	numu				4.678638	4.616403											
mcp1k	18255	1	487303	numu				4.288616	4.226399											
mcp1k	18255	1	52723	numu				3.1397417	3.2018979											
mcp1k	18255	1	405674	numu				4.9240913	4.985956											
mcp2k	18255	1	102841	numu				2.9023366	2.962386											
mcp2k	18259	1	97010	numu				1.745274	1.6853461											
mcp2k	18259	1	174311	numu				2.879598	2.9390984											
mcp1k	18255	1	348515	numu				-0.45242813	-0.51192755											
mcp2k	18259	1	170274	numu				-1.1031848	-1.1621897											
mcp1k	18255	1	292027	numu				4.3070517	4.248284											
mcp2k	18255	1	393758	numu				3.3299303	3.3880987											
mcp2k	18255	1	414306	numu				0.7918953	0.8492574											
mcp2k	18259	1	170428	numu				3.874875	3.930806											
mcp2k	18255	1	398313	numu				1.4610422	1.5169156											
mcp2k	18255	1	283299	numu				3.7942803	3.7387257											
mcp2k	18255	1	65948	numu				0.67171144	0.72594774											
mcp1k	18255	1	281527	numu				2.2411768	2.187334											
mcp1k	18255	1	280853	numu				0.27566206	0.32930338											
mcp2k	18255	1	391843	numu				2.8339467	2.8866744											
mcp2k	18255	1	283591	numu				4.1091294	4.1617055											
mcp2k	18259	1	170365	numu				3.8080487	3.859125											
