arm	cid	ident	apa	face	nnew	norig	ncomp	ncomp_ss	nsup	legacy_rm	run_rm	nruns	maxrun_cm
029107_1_d07bb	2	2	2	0	2	2	1	1	2	0	0	0	0.0
029107_1_d07bb	3	3	2	0	5	5	1	1	5	0	0	0	0.0
029107_1_d07bb	4	4	2	0	5	5	1	1	5	0	0	0	0.0
029107_1_d07bb	5	5	2	0	4	4	1	1	4	0	0	0	0.0
029107_1_d07bb	6	6	2	0	5	5	1	1	5	0	0	0	0.0
029107_1_d07bb	7	7	2	0	4	4	1	1	4	0	0	0	0.0
029107_1_d07bb	8	8	2	0	5	5	1	1	5	0	0	0	0.0
029107_1_d07bb	9	9	2	0	4	4	1	1	4	0	0	0	0.0
029107_1_d07bb	10	10	2	0	3	3	1	1	3	0	0	0	0.0
029107_1_d07bb	11	11	2	0	8	5	1	1	6	0	0	2	0.0
029107_1_d07bb	12	12	2	0	4	4	1	1	4	0	0	0	0.0
029107_1_d07bb	13	13	2	0	5	5	1	1	5	0	0	0	0.0
029107_1_d07bb	16	16	2	0	2	2	1	1	2	0	0	0	0.0
029107_1_d07bb	17	17	2	0	4	4	1	1	4	0	0	0	0.0
029107_1_d07bb	18	18	2	0	5	5	1	1	5	0	0	0	0.0
029107_1_d07bb	20	20	2	0	2	2	1	1	2	0	0	0	0.0
029107_1_d07bb	22	22	2	0	3	3	1	1	3	0	0	0	0.0
029107_1_d07bb	23	23	2	0	4	4	1	1	4	0	0	0	0.0
029107_1_d07bb	24	24	2	0	3	3	1	1	3	0	0	0	0.0
029107_1_d07bb	25	25	0	0	8	8	1	1	8	0	0	0	0.0
029107_1_d07bb	26	26	0	0	13	13	1	1	13	0	0	0	0.0
029107_1_d07bb	27	27	0	0	8	8	1	1	8	0	0	0	0.0
029107_1_d07bb	29	29	2	0	44	40	1	1	38	0	0	5	0.4
029107_1_d07bb	32	32	0	0	501	261	24	24	205	129	111	21	28.7
029107_1_d07bb	33	33	0	0	1433	1362	88	88	1217	133	0	67	2.7
029107_1_d07bb	34	34	0	0	1324	635	151	151	582	531	73	40	33.5
029107_1_d07bb	36	36	0	0	1265	1051	48	48	941	246	8	15	39.7
029107_1_d07bb	36	36	2	0	63	58	3	3	61	0	0	2	0.0
029107_1_d07bb	37	37	0	0	5149	2316	573	573	2167	2272	260	189	107.9
029107_1_d07bb	39	39	0	0	863	777	67	67	780	70	0	12	0.5
029107_1_d07bb	39	39	2	0	712	566	51	51	520	125	0	42	15.7
029107_1_d07bb	40	40	0	0	725	775	26	26	592	58	0	66	3.7
029107_1_d07bb	40	40	2	0	185	150	8	8	111	15	0	10	16.0
029107_1_d07bb	42	42	2	0	1340	180	82	82	219	189	580	28	43.6
029107_1_d07bb	45	45	2	0	76	17	2	2	23	2	39	2	27.1
029107_1_d07bb	46	46	2	0	47	8	1	1	10	0	37	1	39.6
029107_1_d07bb	48	48	2	0	148	15	1	1	20	0	79	3	42.7
029107_1_d07bb	50	50	2	0	848	426	50	50	371	245	142	62	71.3
029107_1_d07bb	53	53	2	0	6	6	1	1	6	0	0	0	0.0
029107_1_d07bb	54	54	2	0	30	21	1	1	22	0	0	4	6.1
029107_1_d07bb	56	56	2	0	4	4	1	1	4	0	0	0	0.0
029107_1_d07bb	57	57	0	0	80	26	5	5	23	5	33	11	24.6
029107_1_d07bb	58	58	1	1	5	5	1	1	5	0	0	0	0.0
029107_1_d07bb	60	60	1	1	2	2	1	1	2	0	0	0	0.0
029107_1_d07bb	62	62	1	1	5	5	1	1	5	0	0	0	0.0
029107_1_d07bb	63	63	3	1	8	5	1	1	6	0	0	1	0.4
029107_1_d07bb	64	64	3	1	5	5	1	1	5	0	0	0	0.0
029107_1_d07bb	65	65	3	1	5	5	1	1	5	0	0	0	0.0
029107_1_d07bb	66	66	3	1	4	4	1	1	4	0	0	0	0.0
029107_1_d07bb	67	67	3	1	4	4	1	1	4	0	0	0	0.0
029107_1_d07bb	68	68	3	1	6	6	1	1	6	0	0	0	0.0
029107_1_d07bb	69	69	3	1	4	4	1	1	4	0	0	0	0.0
029107_1_d07bb	70	70	1	1	17	12	2	2	14	0	0	2	0.5
029107_1_d07bb	71	71	1	1	16	16	1	1	16	0	0	0	0.0
029107_1_d07bb	72	72	3	1	4	4	1	1	4	0	0	0	0.0
029107_1_d07bb	73	73	3	1	117	113	2	2	110	1	0	6	0.0
029107_1_d07bb	75	75	1	1	2268	1298	212	212	1093	1025	0	40	7.0
029107_1_d07bb	76	76	1	1	1382	631	130	130	547	650	0	49	18.3
029107_1_d07bb	76	76	3	1	311	262	18	18	228	54	0	4	8.3
029107_1_d07bb	77	77	1	1	1028	431	128	128	426	530	0	42	2.6
029107_1_d07bb	77	77	3	1	706	466	56	56	435	132	78	30	25.1
029107_1_d07bb	79	79	1	1	869	581	50	50	540	176	0	60	10.6
029107_1_d07bb	79	79	3	1	333	331	13	13	276	15	0	20	10.3
029107_1_d07bb	80	80	1	1	367	197	18	18	169	41	122	21	37.8
029107_1_d07bb	80	80	3	1	2643	992	204	204	1123	822	421	67	162.4
029107_1_d07bb	82	82	1	1	948	587	89	89	551	373	0	8	2.6
029107_1_d07bb	83	83	1	1	1908	570	261	261	534	1306	0	54	2.1
029107_1_d07bb	83	83	3	1	2475	1153	314	314	1185	1009	67	64	32.2
029107_1_d07bb	84	84	1	1	276	300	13	13	245	15	0	12	11.3
029107_1_d07bb	85	85	1	1	231	189	13	13	190	12	0	25	0.9
029107_1_d07bb	86	86	1	1	719	638	30	30	602	92	0	10	2.9
029107_1_d07bb	88	88	1	1	867	747	34	34	712	118	0	16	5.1
029107_1_d07bb	90	90	1	1	3	3	1	1	3	0	0	0	0.0
029107_1_d07bb	92	92	1	1	27	7	1	1	11	0	16	1	22.6
029107_1_d07bb	93	93	1	1	158	5	5	5	9	8	140	2	46.0
029107_1_d07bb	95	95	1	1	318	168	5	5	163	4	150	2	65.0
029107_1_d07bb	97	97	3	1	924	693	62	62	586	212	82	31	31.8
029107_1_d07bb	98	98	1	1	31	27	1	1	27	0	0	4	0.0
029107_1_d07bb	98	98	3	1	1906	729	102	102	657	985	215	50	139.1
029107_1_d07bb	99	99	3	1	566	72	15	15	61	59	394	23	47.3
029107_1_d07bb	100	100	3	1	15	11	1	1	13	0	0	1	1.8
029107_1_d07bb	101	101	3	1	575	341	29	29	315	116	32	48	36.0
029107_1_d07bb	104	104	3	1	361	304	14	14	289	29	0	18	5.3
029107_1_d07bb	106	106	3	1	15	9	1	1	12	0	0	1	1.6
029107_1_d07bb	107	107	3	1	185	171	2	2	169	0	0	14	0.4
029107_1_d07bb	109	109	1	1	70	10	2	2	13	1	0	3	18.0
029107_1_d07bb	110	110	0	0	1258	823	179	179	765	417	0	50	4.1
029107_1_d07bb	110	110	2	0	98	86	4	4	90	3	0	2	1.8
029107_1_d07bb	110	110	3	1	3239	470	298	298	458	1290	1333	85	126.8
029107_1_d07bb	111	111	0	0	1985	638	128	128	593	739	536	48	98.6
029107_1_d07bb	111	111	1	1	1185	453	79	79	419	679	0	39	7.1
029107_1_d07bb	111	111	3	1	658	475	64	64	442	122	49	25	46.2
029107_1_d07bb	112	112	0	0	976	409	46	46	380	249	331	15	104.0
029107_1_d07bb	112	112	1	1	1659	847	113	113	764	405	331	54	104.1
029107_1_d07bb	112	112	2	0	1509	1045	156	156	921	445	0	55	11.3
029107_1_d07bb	113	113	2	0	803	38	4	4	37	4	761	2	239.6
029107_1_d07bb	113	113	3	1	1268	368	21	21	384	38	820	21	239.9
029107_1_d07bb	2	2	2	0	2	2	1	1	2	0	0	0	0.0
029107_1_d07bb	8	8	2	0	5	5	1	1	5	0	0	0	0.0
029107_1_d07bb	13	13	2	0	5	5	1	1	5	0	0	0	0.0
029107_1_d07bb	16	16	2	0	2	2	1	1	2	0	0	0	0.0
029107_1_d07bb	20	20	2	0	2	2	1	1	2	0	0	0	0.0
029107_1_d07bb	22	22	2	0	3	3	1	1	3	0	0	0	0.0
029107_1_d07bb	23	23	2	0	4	4	1	1	4	0	0	0	0.0
029107_1_d07bb	60	60	1	1	2	2	1	1	2	0	0	0	0.0
029107_1_d07bb	85	85	1	1	213	172	8	8	173	11	0	25	0.9
029107_1_d07bb	114	114	1	1	5	5	1	1	5	0	0	0	0.0
029107_1_d07bb	115	115	1	1	4	4	1	1	4	0	0	0	0.0
029107_1_d07bb	116	116	1	1	4	4	1	1	4	0	0	0	0.0
029107_1_d07bb	117	117	1	1	4	4	1	1	4	0	0	0	0.0
029107_12_d07bb	1	1	0	0	4	4	1	1	4	0	0	0	0.0
029107_12_d07bb	2	2	0	0	3	3	2	2	3	0	0	0	0.0
029107_12_d07bb	3	3	0	0	12	10	1	1	10	0	0	1	0.4
029107_12_d07bb	5	5	2	0	5	5	1	1	5	0	0	0	0.0
029107_12_d07bb	6	6	2	0	5	5	1	1	5	0	0	0	0.0
029107_12_d07bb	7	7	2	0	5	5	1	1	5	0	0	0	0.0
029107_12_d07bb	8	8	2	0	6	6	1	1	6	0	0	0	0.0
029107_12_d07bb	9	9	2	0	5	5	1	1	5	0	0	0	0.0
029107_12_d07bb	10	10	2	0	4	4	1	1	4	0	0	0	0.0
029107_12_d07bb	11	11	2	0	4	4	1	1	4	0	0	0	0.0
029107_12_d07bb	12	12	2	0	12	10	2	2	12	0	0	0	0.0
029107_12_d07bb	13	13	2	0	9	8	1	1	8	0	0	1	0.0
029107_12_d07bb	14	14	2	0	6	6	1	1	6	0	0	0	0.0
029107_12_d07bb	17	17	2	0	6	6	2	2	6	0	0	0	0.0
029107_12_d07bb	19	19	2	0	4	4	1	1	4	0	0	0	0.0
029107_12_d07bb	20	20	0	0	283	279	15	15	256	6	0	19	1.1
029107_12_d07bb	21	21	0	0	378	114	9	9	144	6	127	51	62.2
029107_12_d07bb	24	24	0	0	6381	1419	648	648	1244	2982	1661	205	79.8
029107_12_d07bb	25	25	0	0	11795	4503	1255	1255	4839	4606	1355	373	68.5
029107_12_d07bb	27	27	0	0	4631	2419	466	466	2316	1124	483	354	48.5
029107_12_d07bb	27	27	2	0	1341	799	185	185	723	307	170	62	34.0
029107_12_d07bb	28	28	0	0	442	133	31	31	137	83	180	16	79.5
029107_12_d07bb	30	30	0	0	652	393	40	40	349	43	50	34	21.7
029107_12_d07bb	31	31	0	0	5581	2037	563	563	2292	1932	971	152	74.8
029107_12_d07bb	31	31	2	0	28	22	7	7	22	5	0	1	0.0
029107_12_d07bb	32	32	0	0	985	252	78	78	228	273	356	38	37.4
029107_12_d07bb	33	33	0	0	487	466	16	16	468	17	0	1	0.3
029107_12_d07bb	33	33	2	0	81	86	4	4	65	5	0	4	1.5
029107_12_d07bb	35	35	0	0	5360	2360	540	540	2265	1836	508	201	45.6
029107_12_d07bb	36	36	0	0	684	380	48	48	280	125	165	60	56.3
029107_12_d07bb	37	37	0	0	532	74	40	40	65	179	257	23	32.0
029107_12_d07bb	38	38	0	0	282	164	7	7	105	20	8	67	25.3
029107_12_d07bb	39	39	0	0	268	103	26	26	97	53	0	20	16.8
029107_12_d07bb	40	40	0	0	1383	285	118	118	237	684	269	51	40.8
029107_12_d07bb	43	43	2	0	187	168	8	8	162	10	0	11	1.9
029107_12_d07bb	46	46	0	0	106	106	4	4	94	5	0	6	0.5
029107_12_d07bb	46	46	2	0	1198	938	59	59	850	295	0	22	3.5
029107_12_d07bb	47	47	0	0	7597	1213	797	797	1356	5175	625	136	58.9
029107_12_d07bb	47	47	2	0	1892	633	239	239	580	1106	0	80	16.6
029107_12_d07bb	48	48	0	0	188	141	10	10	122	8	0	15	13.0
029107_12_d07bb	48	48	2	0	91	5	1	1	8	0	82	2	27.9
029107_12_d07bb	49	49	2	0	477	109	22	22	119	70	209	9	45.2
029107_12_d07bb	51	51	2	0	4	4	1	1	4	0	0	0	0.0
029107_12_d07bb	54	54	2	0	155	80	10	10	89	15	31	6	31.3
029107_12_d07bb	56	56	2	0	49	24	2	2	22	0	0	1	9.4
029107_12_d07bb	58	58	2	0	4	4	1	1	4	0	0	0	0.0
029107_12_d07bb	59	59	2	0	120	8	1	1	10	0	110	1	44.0
029107_12_d07bb	60	60	1	1	4	4	1	1	4	0	0	0	0.0
029107_12_d07bb	61	61	1	1	5	5	1	1	5	0	0	0	0.0
029107_12_d07bb	62	62	1	1	5	5	1	1	5	0	0	0	0.0
029107_12_d07bb	63	63	1	1	5	5	1	1	5	0	0	0	0.0
029107_12_d07bb	64	64	1	1	5	6	1	1	5	0	0	0	0.0
029107_12_d07bb	65	65	1	1	3	3	1	1	3	0	0	0	0.0
029107_12_d07bb	66	66	1	1	8	4	1	1	6	0	0	1	0.4
029107_12_d07bb	68	68	1	1	2	2	1	1	2	0	0	0	0.0
029107_12_d07bb	69	69	1	1	3	3	1	1	3	0	0	0	0.0
029107_12_d07bb	71	71	1	1	3	3	1	1	3	0	0	0	0.0
029107_12_d07bb	72	72	1	1	4	4	1	1	4	0	0	0	0.0
029107_12_d07bb	73	73	1	1	5	5	1	1	5	0	0	0	0.0
029107_12_d07bb	74	74	1	1	4	4	1	1	4	0	0	0	0.0
029107_12_d07bb	75	75	1	1	4	4	1	1	4	0	0	0	0.0
029107_12_d07bb	76	76	1	1	4	4	1	1	4	0	0	0	0.0
029107_12_d07bb	77	77	1	1	4	4	1	1	4	0	0	0	0.0
029107_12_d07bb	78	78	3	1	4	4	1	1	4	0	0	0	0.0
029107_12_d07bb	79	79	3	1	5	5	1	1	5	0	0	0	0.0
029107_12_d07bb	80	80	3	1	5	5	1	1	5	0	0	0	0.0
029107_12_d07bb	81	81	3	1	4	4	1	1	4	0	0	0	0.0
029107_12_d07bb	82	82	3	1	5	5	1	1	5	0	0	0	0.0
029107_12_d07bb	83	83	3	1	5	5	1	1	5	0	0	0	0.0
029107_12_d07bb	84	84	3	1	3	3	1	1	3	0	0	0	0.0
029107_12_d07bb	86	86	3	1	61	59	1	1	59	0	0	1	0.5
029107_12_d07bb	87	87	1	1	289	213	13	13	204	72	0	8	1.3
029107_12_d07bb	90	90	1	1	746	556	19	19	552	23	129	11	42.8
029107_12_d07bb	91	91	1	1	21	22	2	2	18	0	0	3	0.0
029107_12_d07bb	93	93	1	1	7	9	3	3	7	0	0	0	0.0
029107_12_d07bb	95	95	1	1	475	242	22	22	254	54	76	54	26.9
029107_12_d07bb	98	98	1	1	64	4	1	1	5	0	59	1	28.1
029107_12_d07bb	98	98	3	1	1010	569	100	100	555	334	78	19	38.0
029107_12_d07bb	100	100	1	1	2	2	1	1	2	0	0	0	0.0
029107_12_d07bb	102	102	1	1	480	449	31	31	391	43	0	39	0.6
029107_12_d07bb	103	103	1	1	136	174	4	4	120	3	0	10	0.6
029107_12_d07bb	103	103	3	1	1053	850	37	37	824	116	0	88	5.7
029107_12_d07bb	105	105	1	1	293	251	18	18	243	26	0	18	3.0
029107_12_d07bb	106	106	1	1	9	7	1	1	9	0	0	0	0.0
029107_12_d07bb	108	108	3	1	1306	680	92	92	710	252	202	38	65.1
029107_12_d07bb	110	110	3	1	1550	522	48	48	444	189	590	40	25.9
029107_12_d07bb	112	112	3	1	414	152	22	22	159	108	64	25	43.6
029107_12_d07bb	115	115	3	1	143	116	6	6	122	4	0	16	0.4
029107_12_d07bb	117	117	3	1	1098	78	13	13	72	23	819	16	64.4
029107_12_d07bb	118	118	3	1	151	158	4	4	143	4	0	4	0.0
029107_12_d07bb	120	120	3	1	193	49	10	10	40	17	117	5	38.0
029107_12_d07bb	122	122	3	1	650	388	69	69	359	268	0	17	1.6
029107_12_d07bb	123	123	3	1	69	60	4	4	60	6	0	3	0.0
029107_12_d07bb	125	125	3	1	7	9	1	1	6	0	0	1	0.0
029107_12_d07bb	127	127	0	0	3154	1562	216	216	1367	1109	491	104	79.5
029107_12_d07bb	127	127	1	1	915	566	39	39	442	108	254	19	79.8
029107_12_d07bb	127	127	2	0	4	3	1	1	4	0	0	0	0.0
029107_12_d07bb	127	127	3	1	336	301	14	14	266	39	0	5	16.9
029107_12_d07bb	128	128	0	0	4041	1798	355	355	1589	2024	209	108	28.9
029107_12_d07bb	128	128	2	0	845	496	48	48	449	303	0	42	12.3
029107_12_d07bb	128	128	3	1	1870	399	190	190	367	1143	256	29	92.1
029107_12_d07bb	129	129	2	0	1079	246	74	74	251	436	341	14	89.5
029107_12_d07bb	129	129	3	1	912	501	28	28	437	55	286	41	89.9
029107_12_d07bb	130	130	2	0	1895	307	5	5	313	7	1565	11	262.7
029107_12_d07bb	130	130	3	1	1154	306	3	3	308	3	832	12	261.0
029107_12_d07bb	10	10	2	0	4	4	1	1	4	0	0	0	0.0
029107_12_d07bb	28	28	0	0	96	94	1	1	96	0	0	0	0.0
029107_12_d07bb	35	35	0	0	1861	1157	183	183	1219	458	0	35	19.5
029107_12_d07bb	37	37	0	0	45	34	5	5	38	4	0	3	0.0
029107_12_d07bb	46	46	2	0	1181	926	48	48	835	278	0	30	3.5
029107_12_d07bb	62	62	1	1	5	5	1	1	5	0	0	0	0.0
029107_12_d07bb	65	65	1	1	3	3	1	1	3	0	0	0	0.0
029107_12_d07bb	68	68	1	1	2	2	1	1	2	0	0	0	0.0
029107_12_d07bb	72	72	1	1	4	4	1	1	4	0	0	0	0.0
029107_12_d07bb	73	73	1	1	5	5	1	1	5	0	0	0	0.0
029107_12_d07bb	74	74	1	1	4	4	1	1	4	0	0	0	0.0
029107_12_d07bb	75	75	1	1	4	4	1	1	4	0	0	0	0.0
029107_12_d07bb	100	100	1	1	2	2	1	1	2	0	0	0	0.0
029107_12_d07bb	131	131	0	0	5	5	1	1	5	0	0	0	0.0
029107_12_d07bb	132	132	0	0	7	7	3	3	7	0	0	0	0.0
029107_12_d07bb	133	133	0	0	23	27	1	1	19	0	0	2	0.4
029107_12_d07bb	134	134	0	0	7	7	1	1	7	0	0	0	0.0
029107_12_d07bb	135	135	0	0	393	353	18	18	332	39	0	9	8.0
029107_12_d07bb	136	136	0	0	8	5	1	1	6	0	0	2	0.0
029107_12_d07bb	137	137	0	0	42	62	2	2	34	1	0	5	1.8
029107_12_d07bb	138	138	0	0	29	36	1	1	27	0	0	1	0.4
029107_12_d07bb	139	139	0	0	33	31	2	2	30	0	0	1	1.4
029107_12_d07bb	140	140	0	0	17	15	1	1	16	0	0	1	0.0
029107_12_d07bb	141	141	0	0	163	170	8	8	132	7	0	16	6.7
029107_12_d07bb	142	142	0	0	5	5	1	1	5	0	0	0	0.0
029107_12_d07bb	143	143	0	0	35	33	3	3	32	1	0	1	0.3
029107_12_d07bb	144	144	0	0	55	70	1	1	55	0	0	0	0.0
029107_12_d07bb	145	145	0	0	2	2	1	1	2	0	0	0	0.0
029107_12_d07bb	148	148	0	0	152	134	13	13	113	23	0	6	6.5
029107_12_d07bb	149	149	0	0	6	6	1	1	6	0	0	0	0.0
029107_12_d07bb	150	150	0	0	61	52	3	3	55	0	0	6	0.0
029107_12_d07bb	151	151	0	0	19	31	1	1	16	0	0	2	0.5
029107_12_d07bb	152	152	0	0	97	108	4	4	88	0	0	9	0.0
029107_12_d07bb	153	153	0	0	14	14	1	1	13	0	0	1	0.0
029107_12_d07bb	154	154	0	0	25	24	1	1	25	0	0	0	0.0
029107_12_d07bb	155	155	0	0	18	16	1	1	13	0	0	4	0.3
029107_12_d07bb	156	156	0	0	11	7	1	1	9	0	0	1	0.3
029107_12_d07bb	157	157	0	0	22	20	1	1	18	0	0	3	0.4
029107_12_d07bb	158	158	0	0	11	6	1	1	7	0	0	2	0.4
029107_12_d07bb	159	159	0	0	10	10	1	1	10	0	0	0	0.0
029107_12_d07bb	160	160	0	0	20	24	1	1	19	0	0	1	0.0
029107_12_d07bb	161	161	2	0	4	4	1	1	4	0	0	0	0.0
029107_12_d07bb	162	162	2	0	3	3	1	1	3	0	0	0	0.0
029107_12_d07bb	163	163	2	0	5	5	1	1	5	0	0	0	0.0
029107_12_d07bb	164	164	0	0	103	106	4	4	93	5	0	5	0.0
029107_1_d07bbum	2	2	2	0	2	2	1	1	2	0	0	0	0.0
029107_1_d07bbum	3	3	2	0	5	5	1	1	5	0	0	0	0.0
029107_1_d07bbum	4	4	2	0	5	5	1	1	5	0	0	0	0.0
029107_1_d07bbum	5	5	2	0	4	4	1	1	4	0	0	0	0.0
029107_1_d07bbum	6	6	2	0	5	5	1	1	5	0	0	0	0.0
029107_1_d07bbum	7	7	2	0	4	4	1	1	4	0	0	0	0.0
029107_1_d07bbum	8	8	2	0	5	5	1	1	5	0	0	0	0.0
029107_1_d07bbum	9	9	2	0	4	4	1	1	4	0	0	0	0.0
029107_1_d07bbum	10	10	2	0	3	3	1	1	3	0	0	0	0.0
029107_1_d07bbum	11	11	2	0	8	5	1	1	6	0	0	2	0.0
029107_1_d07bbum	12	12	2	0	4	4	1	1	4	0	0	0	0.0
029107_1_d07bbum	13	13	2	0	5	5	1	1	5	0	0	0	0.0
029107_1_d07bbum	16	16	2	0	2	2	1	1	2	0	0	0	0.0
029107_1_d07bbum	17	17	2	0	4	4	1	1	4	0	0	0	0.0
029107_1_d07bbum	18	18	2	0	5	5	1	1	5	0	0	0	0.0
029107_1_d07bbum	20	20	2	0	2	2	1	1	2	0	0	0	0.0
029107_1_d07bbum	22	22	2	0	3	3	1	1	3	0	0	0	0.0
029107_1_d07bbum	23	23	2	0	4	4	1	1	4	0	0	0	0.0
029107_1_d07bbum	24	24	2	0	3	3	1	1	3	0	0	0	0.0
029107_1_d07bbum	25	25	0	0	8	8	1	1	8	0	0	0	0.0
029107_1_d07bbum	26	26	0	0	13	13	1	1	13	0	0	0	0.0
029107_1_d07bbum	27	27	0	0	8	8	1	1	8	0	0	0	0.0
029107_1_d07bbum	29	29	2	0	44	40	1	1	38	0	0	5	0.4
029107_1_d07bbum	32	32	0	0	325	200	15	15	155	56	0	25	16.7
029107_1_d07bbum	33	33	0	0	1360	1332	79	79	1186	91	0	67	2.7
029107_1_d07bbum	34	34	0	0	940	476	113	113	435	419	32	22	26.4
029107_1_d07bbum	36	36	0	0	1245	1039	46	46	926	249	0	14	4.5
029107_1_d07bbum	36	36	2	0	63	58	3	3	61	0	0	2	0.0
029107_1_d07bbum	37	37	0	0	3483	2115	348	348	1936	947	172	180	107.9
029107_1_d07bbum	39	39	0	0	853	764	64	64	767	73	0	12	0.6
029107_1_d07bbum	39	39	2	0	624	514	36	36	470	87	0	42	15.7
029107_1_d07bbum	40	40	0	0	709	762	25	25	581	58	0	62	3.7
029107_1_d07bbum	40	40	2	0	177	140	6	6	103	15	0	10	16.0
029107_1_d07bbum	42	42	2	0	435	16	6	6	22	18	324	4	100.8
029107_1_d07bbum	45	45	2	0	29	14	1	1	17	0	0	1	3.9
029107_1_d07bbum	46	46	2	0	4	4	1	1	4	0	0	0	0.0
029107_1_d07bbum	48	48	2	0	7	7	1	1	7	0	0	0	0.0
029107_1_d07bbum	50	50	2	0	630	413	42	42	354	187	0	60	6.5
029107_1_d07bbum	53	53	2	0	6	6	1	1	6	0	0	0	0.0
029107_1_d07bbum	54	54	2	0	16	17	1	1	16	0	0	0	0.0
029107_1_d07bbum	56	56	2	0	4	4	1	1	4	0	0	0	0.0
029107_1_d07bbum	57	57	0	0	19	15	1	1	16	0	0	2	0.3
029107_1_d07bbum	58	58	1	1	5	5	1	1	5	0	0	0	0.0
029107_1_d07bbum	60	60	1	1	2	2	1	1	2	0	0	0	0.0
029107_1_d07bbum	62	62	1	1	5	5	1	1	5	0	0	0	0.0
029107_1_d07bbum	63	63	3	1	8	5	1	1	6	0	0	1	0.4
029107_1_d07bbum	64	64	3	1	5	5	1	1	5	0	0	0	0.0
029107_1_d07bbum	65	65	3	1	5	5	1	1	5	0	0	0	0.0
029107_1_d07bbum	66	66	3	1	4	4	1	1	4	0	0	0	0.0
029107_1_d07bbum	67	67	3	1	4	4	1	1	4	0	0	0	0.0
029107_1_d07bbum	68	68	3	1	6	6	1	1	6	0	0	0	0.0
029107_1_d07bbum	69	69	3	1	4	4	1	1	4	0	0	0	0.0
029107_1_d07bbum	70	70	1	1	17	12	2	2	14	0	0	2	0.5
029107_1_d07bbum	71	71	1	1	16	16	1	1	16	0	0	0	0.0
029107_1_d07bbum	72	72	3	1	4	4	1	1	4	0	0	0	0.0
029107_1_d07bbum	73	73	3	1	117	113	2	2	110	1	0	6	0.0
029107_1_d07bbum	75	75	1	1	1906	1248	139	139	1041	735	0	37	6.5
029107_1_d07bbum	76	76	1	1	1169	567	104	104	480	509	0	47	18.3
029107_1_d07bbum	76	76	3	1	283	239	12	12	208	46	0	4	8.3
029107_1_d07bbum	77	77	1	1	827	392	84	84	363	393	0	45	7.9
029107_1_d07bbum	77	77	3	1	555	434	47	47	407	102	0	28	19.2
029107_1_d07bbum	79	79	1	1	794	564	40	40	519	139	0	57	10.6
029107_1_d07bbum	79	79	3	1	333	323	13	13	268	23	0	20	10.3
029107_1_d07bbum	80	80	1	1	153	152	6	6	136	6	0	10	0.4
029107_1_d07bbum	80	80	3	1	2179	956	197	197	1087	743	98	67	162.4
029107_1_d07bbum	82	82	1	1	628	508	32	32	467	142	0	7	2.3
029107_1_d07bbum	83	83	1	1	878	421	99	99	387	433	0	48	2.1
029107_1_d07bbum	83	83	3	1	2203	816	253	253	845	916	178	75	32.2
029107_1_d07bbum	84	84	1	1	272	296	12	12	241	15	0	12	11.3
029107_1_d07bbum	85	85	1	1	213	172	8	8	173	11	0	25	0.9
029107_1_d07bbum	86	86	1	1	602	589	9	9	553	24	0	10	2.9
029107_1_d07bbum	88	88	1	1	764	675	23	23	639	88	0	16	5.1
029107_1_d07bbum	90	90	1	1	3	3	1	1	3	0	0	0	0.0
029107_1_d07bbum	92	92	1	1	4	4	1	1	4	0	0	0	0.0
029107_1_d07bbum	95	95	1	1	152	156	1	1	148	0	0	2	0.9
029107_1_d07bbum	97	97	3	1	734	652	60	60	551	124	0	25	8.7
029107_1_d07bbum	98	98	1	1	31	27	1	1	27	0	0	4	0.0
029107_1_d07bbum	98	98	3	1	1564	678	81	81	608	691	215	50	139.1
029107_1_d07bbum	99	99	3	1	145	68	6	6	53	7	21	23	25.5
029107_1_d07bbum	100	100	3	1	9	6	1	1	8	0	0	1	0.0
029107_1_d07bbum	101	101	3	1	315	282	15	15	251	39	0	21	1.6
029107_1_d07bbum	104	104	3	1	323	282	8	8	266	22	0	16	4.5
029107_1_d07bbum	106	106	3	1	6	6	1	1	6	0	0	0	0.0
029107_1_d07bbum	107	107	3	1	185	171	2	2	169	0	0	14	0.4
029107_1_d07bbum	109	109	1	1	9	9	1	1	9	0	0	0	0.0
029107_1_d07bbum	110	110	0	0	954	741	95	95	680	207	0	48	4.1
029107_1_d07bbum	110	110	2	0	87	75	2	2	79	3	0	2	1.8
029107_1_d07bbum	110	110	3	1	3004	432	290	290	421	1274	1155	81	126.8
029107_1_d07bbum	111	111	0	0	587	465	20	20	410	153	0	21	1.4
029107_1_d07bbum	111	111	1	1	1002	439	70	70	403	524	0	37	6.5
029107_1_d07bbum	111	111	3	1	607	414	51	51	379	134	49	25	46.2
029107_1_d07bbum	112	112	0	0	976	409	46	46	380	249	331	15	104.0
029107_1_d07bbum	112	112	1	1	1179	699	51	51	598	167	331	48	104.1
029107_1_d07bbum	112	112	2	0	1184	908	82	82	782	297	0	53	4.3
029107_1_d07bbum	113	113	2	0	794	33	1	1	32	0	761	2	239.6
029107_1_d07bbum	113	113	3	1	1216	335	9	9	351	19	820	21	239.9
029107_1_d07bbum	114	114	0	0	13	9	1	1	11	0	0	1	0.4
029107_1_d07bbum	115	115	0	0	16	16	1	1	16	0	0	0	0.0
029107_1_d07bbum	116	116	0	0	6	6	1	1	6	0	0	0	0.0
029107_1_d07bbum	117	117	0	0	11	11	1	1	11	0	0	0	0.0
029107_1_d07bbum	118	118	0	0	8	5	1	1	7	0	0	1	0.0
029107_1_d07bbum	119	119	0	0	14	14	1	1	14	0	0	0	0.0
029107_1_d07bbum	120	120	0	0	8	7	1	1	8	0	0	0	0.0
029107_1_d07bbum	121	121	0	0	7	7	1	1	7	0	0	0	0.0
029107_1_d07bbum	122	122	0	0	7	7	2	2	7	0	0	0	0.0
029107_1_d07bbum	123	123	0	0	9	4	1	1	5	0	0	2	0.3
029107_1_d07bbum	124	124	0	0	8	5	1	1	7	0	0	1	0.0
029107_1_d07bbum	125	125	0	0	9	9	3	3	9	0	0	0	0.0
029107_1_d07bbum	126	126	0	0	6	8	1	1	6	0	0	0	0.0
029107_1_d07bbum	127	127	0	0	4	4	1	1	4	0	0	0	0.0
029107_1_d07bbum	128	128	0	0	294	98	15	15	93	54	127	12	50.2
029107_1_d07bbum	129	129	0	0	6	6	1	1	6	0	0	0	0.0
029107_1_d07bbum	130	130	0	0	6	6	1	1	6	0	0	0	0.0
029107_1_d07bbum	131	131	0	0	8	5	1	1	7	0	0	1	0.0
029107_1_d07bbum	132	132	0	0	8	8	1	1	8	0	0	0	0.0
029107_1_d07bbum	133	133	0	0	8	8	1	1	8	0	0	0	0.0
029107_1_d07bbum	134	134	0	0	7	7	1	1	7	0	0	0	0.0
029107_1_d07bbum	135	135	0	0	5	5	1	1	5	0	0	0	0.0
029107_1_d07bbum	136	136	0	0	7	7	1	1	7	0	0	0	0.0
029107_1_d07bbum	137	137	0	0	17	20	1	1	15	0	0	1	0.4
029107_1_d07bbum	138	138	0	0	9	8	1	1	9	0	0	0	0.0
029107_1_d07bbum	139	139	0	0	5	5	2	2	5	0	0	0	0.0
029107_1_d07bbum	140	140	0	0	6	6	2	2	6	0	0	0	0.0
029107_1_d07bbum	141	141	0	0	15	15	1	1	15	0	0	0	0.0
029107_1_d07bbum	142	142	0	0	12	12	1	1	12	0	0	0	0.0
029107_1_d07bbum	143	143	0	0	6	6	1	1	6	0	0	0	0.0
029107_1_d07bbum	144	144	0	0	12	10	1	1	9	0	0	2	0.4
029107_1_d07bbum	145	145	0	0	5	5	1	1	5	0	0	0	0.0
029107_1_d07bbum	146	146	0	0	11	22	1	1	10	0	0	1	0.0
029107_1_d07bbum	147	147	0	0	6	6	1	1	6	0	0	0	0.0
029107_1_d07bbum	148	148	0	0	12	15	1	1	11	0	0	1	0.0
029107_1_d07bbum	149	149	0	0	15	10	1	1	13	0	0	1	0.3
029107_1_d07bbum	150	150	0	0	86	61	3	3	53	9	0	3	4.7
029107_1_d07bbum	151	151	0	0	5	5	1	1	5	0	0	0	0.0
029107_1_d07bbum	152	152	0	0	10	8	1	1	8	0	0	1	0.4
029107_1_d07bbum	153	153	2	0	5	5	1	1	5	0	0	0	0.0
029107_1_d07bbum	154	154	2	0	8	8	1	1	8	0	0	0	0.0
029107_1_d07bbum	155	155	2	0	5	5	1	1	5	0	0	0	0.0
029107_1_d07bbum	156	156	2	0	4	4	1	1	4	0	0	0	0.0
029107_1_d07bbum	157	157	2	0	4	4	1	1	4	0	0	0	0.0
029107_1_d07bbum	158	158	2	0	4	4	1	1	4	0	0	0	0.0
029107_1_d07bbum	159	159	2	0	4	6	1	1	4	0	0	0	0.0
029107_1_d07bbum	160	160	2	0	6	6	1	1	6	0	0	0	0.0
029107_1_d07bbum	162	162	2	0	4	4	1	1	4	0	0	0	0.0
029107_1_d07bbum	163	163	2	0	5	5	1	1	5	0	0	0	0.0
029107_1_d07bbum	164	164	0	0	13	13	1	1	13	0	0	0	0.0
029107_1_d07bbum	165	165	2	0	4	6	1	1	4	0	0	0	0.0
029107_1_d07bbum	166	166	2	0	4	4	1	1	4	0	0	0	0.0
029107_1_d07bbum	167	167	2	0	5	5	1	1	5	0	0	0	0.0
029107_1_d07bbum	168	168	2	0	4	4	1	1	4	0	0	0	0.0
029107_1_d07bbum	169	169	2	0	5	5	1	1	5	0	0	0	0.0
029107_1_d07bbum	170	170	2	0	3	3	1	1	3	0	0	0	0.0
029107_1_d07bbum	171	171	2	0	4	4	1	1	4	0	0	0	0.0
029107_1_d07bbum	172	172	2	0	4	4	1	1	4	0	0	0	0.0
029107_1_d07bbum	173	173	2	0	4	4	1	1	4	0	0	0	0.0
029107_1_d07bbum	174	174	2	0	4	4	1	1	4	0	0	0	0.0
029107_1_d07bbum	175	175	2	0	5	5	1	1	5	0	0	0	0.0
029107_1_d07bbum	176	176	2	0	5	5	1	1	5	0	0	0	0.0
029107_1_d07bbum	177	177	2	0	4	4	1	1	4	0	0	0	0.0
029107_1_d07bbum	178	178	2	0	3	3	1	1	3	0	0	0	0.0
029107_1_d07bbum	179	179	2	0	9	5	1	1	7	0	0	2	0.0
029107_1_d07bbum	180	180	2	0	4	4	2	2	4	0	0	0	0.0
029107_1_d07bbum	181	181	2	0	4	4	1	1	4	0	0	0	0.0
029107_1_d07bbum	182	182	2	0	4	4	1	1	4	0	0	0	0.0
029107_1_d07bbum	183	183	2	0	4	4	1	1	4	0	0	0	0.0
029107_1_d07bbum	184	184	2	0	5	5	1	1	5	0	0	0	0.0
029107_1_d07bbum	185	185	2	0	4	4	1	1	4	0	0	0	0.0
029107_1_d07bbum	186	186	2	0	4	4	1	1	4	0	0	0	0.0
029107_1_d07bbum	187	187	2	0	4	4	1	1	4	0	0	0	0.0
029107_1_d07bbum	188	188	2	0	5	8	1	1	5	0	0	0	0.0
029107_1_d07bbum	189	189	2	0	8	5	1	1	6	0	0	1	0.4
029107_1_d07bbum	190	190	2	0	9	8	1	1	9	0	0	0	0.0
029107_1_d07bbum	191	191	2	0	4	4	1	1	4	0	0	0	0.0
029107_1_d07bbum	192	192	2	0	10	11	1	1	10	0	0	0	0.0
029107_1_d07bbum	193	193	2	0	4	4	1	1	4	0	0	0	0.0
029107_1_d07bbum	194	194	2	0	6	6	1	1	6	0	0	0	0.0
029107_1_d07bbum	196	196	2	0	3	3	1	1	3	0	0	0	0.0
029107_1_d07bbum	197	197	2	0	8	8	1	1	8	0	0	0	0.0
029107_1_d07bbum	198	198	2	0	3	3	1	1	3	0	0	0	0.0
029107_1_d07bbum	200	200	2	0	4	2	1	1	4	0	0	0	0.0
029107_1_d07bbum	201	201	2	0	4	4	1	1	4	0	0	0	0.0
029107_1_d07bbum	202	202	2	0	9	8	1	1	8	0	0	1	0.0
029107_1_d07bbum	203	203	2	0	3	3	1	1	3	0	0	0	0.0
029107_1_d07bbum	204	204	2	0	4	4	1	1	4	0	0	0	0.0
029107_1_d07bbum	205	205	2	0	4	4	1	1	4	0	0	0	0.0
029107_1_d07bbum	206	206	2	0	4	4	1	1	4	0	0	0	0.0
029107_1_d07bbum	207	207	2	0	5	5	1	1	5	0	0	0	0.0
029107_1_d07bbum	208	208	2	0	5	5	1	1	5	0	0	0	0.0
029107_1_d07bbum	209	209	2	0	3	3	1	1	3	0	0	0	0.0
029107_1_d07bbum	210	210	2	0	4	4	1	1	4	0	0	0	0.0
029107_1_d07bbum	211	211	0	0	13	11	4	4	13	0	0	0	0.0
029107_1_d07bbum	212	212	1	1	9	7	1	1	7	0	0	1	0.4
029107_1_d07bbum	213	213	1	1	3	3	1	1	3	0	0	0	0.0
029107_1_d07bbum	214	214	1	1	4	4	1	1	4	0	0	0	0.0
029107_1_d07bbum	215	215	1	1	4	4	1	1	4	0	0	0	0.0
029107_1_d07bbum	216	216	1	1	8	8	1	1	8	0	0	0	0.0
029107_1_d07bbum	217	217	1	1	2	2	1	1	2	0	0	0	0.0
029107_1_d07bbum	218	218	1	1	9	9	1	1	9	0	0	0	0.0
029107_1_d07bbum	219	219	1	1	4	4	1	1	4	0	0	0	0.0
029107_1_d07bbum	220	220	1	1	9	9	1	1	9	0	0	0	0.0
029107_1_d07bbum	221	221	1	1	4	4	1	1	4	0	0	0	0.0
029107_1_d07bbum	222	222	1	1	4	4	1	1	4	0	0	0	0.0
029107_1_d07bbum	223	223	1	1	4	4	1	1	4	0	0	0	0.0
029107_1_d07bbum	224	224	1	1	5	5	1	1	5	0	0	0	0.0
029107_1_d07bbum	225	225	1	1	6	6	1	1	6	0	0	0	0.0
029107_1_d07bbum	226	226	1	1	10	7	1	1	8	0	0	1	0.4
029107_1_d07bbum	227	227	1	1	4	4	1	1	4	0	0	0	0.0
029107_1_d07bbum	228	228	1	1	5	4	1	1	5	0	0	0	0.0
029107_1_d07bbum	229	229	1	1	4	4	1	1	4	0	0	0	0.0
029107_1_d07bbum	230	230	1	1	17	14	1	1	15	0	0	1	0.5
029107_1_d07bbum	231	231	1	1	10	8	1	1	9	0	0	1	0.0
029107_1_d07bbum	232	232	3	1	8	5	1	1	7	0	0	1	0.0
029107_1_d07bbum	233	233	3	1	4	4	1	1	4	0	0	0	0.0
029107_1_d07bbum	234	234	3	1	5	5	1	1	5	0	0	0	0.0
029107_1_d07bbum	235	235	3	1	6	9	1	1	6	0	0	0	0.0
029107_1_d07bbum	236	236	1	1	105	19	4	4	22	4	77	3	31.8
029107_1_d07bbum	237	237	1	1	4	4	1	1	4	0	0	0	0.0
029107_1_d07bbum	238	238	1	1	6	6	1	1	6	0	0	0	0.0
029107_1_d07bbum	239	239	1	1	9	3	1	1	5	0	0	2	0.4
029107_1_d07bbum	240	240	1	1	12	7	1	1	8	0	0	2	0.4
029107_1_d07bbum	241	241	3	1	5	5	1	1	5	0	0	0	0.0
029107_1_d07bbum	242	242	3	1	9	9	1	1	9	0	0	0	0.0
029107_1_d07bbum	243	243	3	1	8	7	1	1	7	0	0	1	0.0
029107_1_d07bbum	244	244	3	1	5	5	1	1	5	0	0	0	0.0
029107_1_d07bbum	245	245	3	1	6	6	1	1	6	0	0	0	0.0
029107_1_d07bbum	246	246	1	1	5	5	1	1	5	0	0	0	0.0
029107_1_d07bbum	247	247	1	1	3	2	2	2	3	0	0	0	0.0
029107_1_d07bbum	248	248	1	1	8	3	1	1	6	0	0	1	0.3
029107_1_d07bbum	250	250	1	1	6	6	1	1	6	0	0	0	0.0
029107_1_d07bbum	251	251	3	1	4	4	1	1	4	0	0	0	0.0
029107_1_d07bbum	252	252	3	1	4	4	1	1	4	0	0	0	0.0
029107_1_d07bbum	253	253	1	1	33	37	1	1	20	0	0	7	4.2
029107_1_d07bbum	254	254	1	1	4	4	1	1	4	0	0	0	0.0
029107_1_d07bbum	255	255	1	1	4	4	1	1	4	0	0	0	0.0
029107_1_d07bbum	256	256	3	1	4	4	1	1	4	0	0	0	0.0
029107_1_d07bbum	257	257	3	1	5	5	1	1	5	0	0	0	0.0
029107_1_d07bbum	258	258	3	1	5	5	1	1	5	0	0	0	0.0
029107_1_d07bbum	259	259	3	1	4	4	1	1	4	0	0	0	0.0
029107_1_d07bbum	260	260	3	1	6	6	1	1	6	0	0	0	0.0
029107_1_d07bbum	261	261	3	1	4	4	1	1	4	0	0	0	0.0
029107_1_d07bbum	262	262	3	1	4	4	1	1	4	0	0	0	0.0
029107_1_d07bbum	263	263	3	1	4	4	1	1	4	0	0	0	0.0
029107_1_d07bbum	264	264	1	1	7	7	1	1	7	0	0	0	0.0
029107_1_d07bbum	265	265	1	1	5	5	1	1	5	0	0	0	0.0
029107_1_d07bbum	266	266	1	1	13	11	1	1	10	0	0	2	0.4
029107_1_d07bbum	267	267	1	1	9	4	1	1	5	0	0	2	0.5
029107_1_d07bbum	268	268	1	1	6	5	1	1	6	0	0	0	0.0
029107_1_d07bbum	269	269	1	1	58	40	2	2	43	1	0	6	1.9
029107_1_d07bbum	270	270	1	1	5	5	1	1	5	0	0	0	0.0
029107_1_d07bbum	271	271	1	1	2	2	1	1	2	0	0	0	0.0
029107_1_d07bbum	272	272	1	1	5	5	1	1	5	0	0	0	0.0
029107_1_d07bbum	273	273	1	1	8	6	1	1	8	0	0	0	0.0
029107_1_d07bbum	274	274	1	1	25	30	1	1	25	0	0	0	0.0
029107_1_d07bbum	275	275	1	1	5	5	1	1	5	0	0	0	0.0
029107_1_d07bbum	276	276	1	1	4	4	1	1	4	0	0	0	0.0
029107_1_d07bbum	277	277	1	1	5	5	1	1	5	0	0	0	0.0
029107_1_d07bbum	278	278	1	1	7	8	1	1	7	0	0	0	0.0
029107_1_d07bbum	279	279	1	1	27	25	2	2	27	0	0	0	0.0
029107_1_d07bbum	280	280	1	1	31	36	1	1	30	0	0	1	0.0
029107_1_d07bbum	281	281	1	1	8	14	1	1	6	0	0	2	0.0
029107_1_d07bbum	282	282	1	1	293	11	8	8	13	70	210	1	54.2
029107_1_d07bbum	283	283	3	1	5	5	1	1	5	0	0	0	0.0
029107_1_d07bbum	284	284	3	1	4	4	1	1	4	0	0	0	0.0
029107_1_d07bbum	285	285	3	1	1212	262	155	155	301	503	101	77	38.0
029107_1_d07bbum	286	286	3	1	3	3	1	1	3	0	0	0	0.0
029107_1_d07bbum	287	287	3	1	18	14	1	1	14	0	0	3	0.5
029107_1_d07bbum	288	288	3	1	7	7	1	1	7	0	0	0	0.0
029107_1_d07bbum	289	289	3	1	4	4	1	1	4	0	0	0	0.0
029107_1_d07bbum	290	290	3	1	4	4	1	1	4	0	0	0	0.0
029107_1_d07bbum	291	291	3	1	5	5	1	1	5	0	0	0	0.0
029107_1_d07bbum	292	292	3	1	4	4	1	1	4	0	0	0	0.0
029107_1_d07bbum	293	293	3	1	5	5	1	1	5	0	0	0	0.0
029107_1_d07bbum	295	295	3	1	4	4	1	1	4	0	0	0	0.0
029107_1_d07bbum	296	296	3	1	11	5	1	1	8	0	0	2	0.3
029107_1_d07bbum	297	297	3	1	19	3	1	1	8	0	0	3	4.6
029107_1_d07bbum	298	298	3	1	7	7	1	1	7	0	0	0	0.0
029107_1_d07bbum	299	299	1	1	4	4	1	1	4	0	0	0	0.0
029107_1_d07bbum	300	300	1	1	5	5	1	1	5	0	0	0	0.0
029107_1_d07bbum	301	301	1	1	4	4	1	1	4	0	0	0	0.0
029107_1_d07bbum	302	302	1	1	4	4	1	1	4	0	0	0	0.0
029107_1_d07bbum	303	303	1	1	4	4	1	1	4	0	0	0	0.0
029107_1_d07bbum	304	304	1	1	8	5	1	1	7	0	0	1	0.0
029107_1_d07bbum	305	305	1	1	11	11	2	2	11	0	0	0	0.0
029107_1_d07bbum	306	306	1	1	5	5	1	1	5	0	0	0	0.0
029107_1_d07bbum	307	307	1	1	5	5	1	1	5	0	0	0	0.0
029107_1_d07bbum	308	308	1	1	5	5	1	1	5	0	0	0	0.0
029107_1_d07bbum	309	309	1	1	4	4	1	1	4	0	0	0	0.0
029107_1_d07bbum	310	310	1	1	5	5	1	1	5	0	0	0	0.0
029107_1_d07bbum	311	311	1	1	3	3	1	1	3	0	0	0	0.0
029107_1_d07bbum	312	312	1	1	6	6	1	1	6	0	0	0	0.0
029107_1_d07bbum	313	313	1	1	5	5	1	1	5	0	0	0	0.0
029107_1_d07bbum	314	314	1	1	4	4	1	1	4	0	0	0	0.0
029107_1_d07bbum	315	315	1	1	12	11	1	1	12	0	0	0	0.0
029107_1_d07bbum	316	316	1	1	5	5	1	1	5	0	0	0	0.0
029107_1_d07bbum	317	317	1	1	10	8	1	1	8	0	0	1	0.6
029107_1_d07bbum	318	318	1	1	45	39	2	2	39	6	0	0	0.0
029107_1_d07bbum	319	319	1	1	3	3	1	1	3	0	0	0	0.0
029107_1_d07bbum	320	320	1	1	4	4	1	1	4	0	0	0	0.0
029107_1_d07bbum	321	321	1	1	5	5	1	1	5	0	0	0	0.0
029107_1_d07bbum	322	322	1	1	7	7	1	1	7	0	0	0	0.0
029107_1_d07bbum	323	323	3	1	4	4	1	1	4	0	0	0	0.0
029107_1_d07bbum	324	324	3	1	4	4	1	1	4	0	0	0	0.0
029107_1_d07bbum	325	325	3	1	3	3	1	1	3	0	0	0	0.0
029107_1_d07bbum	326	326	3	1	11	16	2	2	11	0	0	0	0.0
029107_1_d07bbum	327	327	3	1	5	5	1	1	5	0	0	0	0.0
029107_1_d07bbum	328	328	3	1	8	5	1	1	6	0	0	1	0.5
029107_1_d07bbum	329	329	3	1	4	4	1	1	4	0	0	0	0.0
029107_1_d07bbum	330	330	3	1	5	5	1	1	5	0	0	0	0.0
029107_1_d07bbum	331	331	3	1	6	6	1	1	6	0	0	0	0.0
029107_1_d07bbum	332	332	3	1	16	17	1	1	15	0	0	1	0.0
029107_1_d07bbum	333	333	3	1	6	6	1	1	6	0	0	0	0.0
029107_1_d07bbum	334	334	3	1	5	3	1	1	5	0	0	0	0.0
029107_1_d07bbum	335	335	3	1	6	6	1	1	6	0	0	0	0.0
029107_1_d07bbum	336	336	3	1	3	3	1	1	3	0	0	0	0.0
029107_1_d07bbum	337	337	3	1	5	5	1	1	5	0	0	0	0.0
029107_1_d07bbum	338	338	3	1	4	4	1	1	4	0	0	0	0.0
029107_1_d07bbum	339	339	3	1	9	5	1	1	7	0	0	2	0.0
029107_1_d07bbum	340	340	3	1	7	4	1	1	5	0	0	1	0.4
029107_1_d07bbum	341	341	3	1	6	6	1	1	6	0	0	0	0.0
029107_1_d07bbum	342	342	3	1	3	3	1	1	3	0	0	0	0.0
029107_1_d07bbum	343	343	3	1	5	5	1	1	5	0	0	0	0.0
029107_1_d07bbum	344	344	3	1	5	5	1	1	5	0	0	0	0.0
029107_1_d07bbum	345	345	3	1	8	8	1	1	7	0	0	1	0.0
029107_1_d07bbum	347	347	3	1	4	4	1	1	4	0	0	0	0.0
029107_1_d07bbum	348	348	3	1	9	9	1	1	9	0	0	0	0.0
029107_1_d07bbum	349	349	3	1	4	4	1	1	4	0	0	0	0.0
029107_1_d07bbum	350	350	3	1	4	4	1	1	4	0	0	0	0.0
029107_1_d07bbum	351	351	3	1	15	6	1	1	9	0	0	4	0.5
029107_1_d07bbum	352	352	3	1	23	13	1	1	15	0	0	2	17.2
029107_1_d07bbum	353	353	3	1	10	9	1	1	10	0	0	0	0.0
029107_1_d07bbum	354	354	3	1	3	3	1	1	3	0	0	0	0.0
029107_1_d07bbum	356	356	0	0	10	8	1	1	9	0	0	1	0.0
029107_1_d07bbum	357	357	0	0	10	13	1	1	9	0	0	1	0.0
029107_1_d07bbum	358	358	0	0	16	17	1	1	13	0	0	2	0.4
029107_1_d07bbum	359	359	0	0	4	4	2	2	4	0	0	0	0.0
029107_1_d07bbum	360	360	0	0	6	6	2	2	6	0	0	0	0.0
029107_1_d07bbum	361	361	0	0	4	4	1	1	4	0	0	0	0.0
029107_1_d07bbum	362	362	0	0	13	7	1	1	10	0	0	2	0.5
029107_1_d07bbum	363	363	0	0	19	23	1	1	19	0	0	0	0.0
029107_1_d07bbum	364	364	2	0	6	6	1	1	6	0	0	0	0.0
029107_1_d07bbum	365	365	2	0	5	5	1	1	5	0	0	0	0.0
029107_1_d07bbum	366	366	3	1	112	7	5	5	14	18	65	13	60.0
029107_1_d07bbum	367	367	3	1	5	5	1	1	5	0	0	0	0.0
029107_1_d07bbum	368	368	3	1	3	3	1	1	3	0	0	0	0.0
029107_1_d07bbum	369	369	3	1	4	4	1	1	4	0	0	0	0.0
029107_1_d07bbum	370	370	3	1	6	6	1	1	6	0	0	0	0.0
029107_1_d07bbum	371	371	3	1	6	6	1	1	6	0	0	0	0.0
029107_1_d07bbum	372	372	3	1	7	7	1	1	7	0	0	0	0.0
029107_1_d07bbum	373	373	0	0	3	3	1	1	3	0	0	0	0.0
029107_1_d07bbum	374	374	0	0	10	8	1	1	7	0	0	3	0.0
029107_1_d07bbum	375	375	0	0	8	2	1	1	4	0	0	2	0.5
029107_1_d07bbum	376	376	0	0	182	114	11	11	108	27	0	12	18.0
029107_1_d07bbum	377	377	0	0	11	6	1	1	10	0	0	1	0.0
029107_1_d07bbum	378	378	0	0	5	5	1	1	5	0	0	0	0.0
029107_1_d07bbum	379	379	0	0	17	21	1	1	16	0	0	1	0.0
029107_1_d07bbum	380	380	0	0	14	14	1	1	10	0	0	3	0.5
029107_1_d07bbum	381	381	1	1	10	7	1	1	8	0	0	1	0.4
029107_1_d07bbum	382	382	1	1	8	7	1	1	7	0	0	1	0.0
029107_1_d07bbum	383	383	3	1	8	5	1	1	7	0	0	1	0.0
029107_1_d07bbum	384	384	3	1	5	5	1	1	5	0	0	0	0.0
029107_1_d07bbum	385	385	3	1	4	4	1	1	4	0	0	0	0.0
029107_1_d07bbum	386	386	3	1	8	6	1	1	8	0	0	0	0.0
029107_1_d07bbum	387	387	3	1	16	16	1	1	15	0	0	1	0.0
029107_1_d07bbum	388	388	3	1	4	4	1	1	4	0	0	0	0.0
029107_1_d07bbum	389	389	3	1	6	6	1	1	6	0	0	0	0.0
029107_1_d07bbum	390	390	3	1	23	15	3	3	17	4	0	2	0.0
029107_1_d07bbum	391	391	2	0	8	5	1	1	7	0	0	1	0.0
029107_1_d07bbum	392	392	2	0	3	3	1	1	3	0	0	0	0.0
029107_1_d07bbum	393	393	2	0	5	5	1	1	5	0	0	0	0.0
029107_1_d07bbum	394	394	2	0	5	5	1	1	5	0	0	0	0.0
029107_1_d07bbum	395	395	2	0	7	7	1	1	7	0	0	0	0.0
029107_1_d07bbum	396	396	2	0	4	4	1	1	4	0	0	0	0.0
029107_1_d07bbum	397	397	2	0	4	4	1	1	4	0	0	0	0.0
029107_1_d07bbum	398	398	2	0	3	3	1	1	3	0	0	0	0.0
029107_1_d07bbum	399	399	2	0	9	5	1	1	7	0	0	2	0.0
029107_1_d07bbum	400	400	2	0	4	4	1	1	4	0	0	0	0.0
029107_1_d07bbum	401	401	2	0	17	13	1	1	14	0	0	2	0.4
029107_1_d07bbum	402	402	2	0	4	4	1	1	4	0	0	0	0.0
029107_1_d07bbum	403	403	2	0	9	6	1	1	8	0	0	1	0.0
029107_1_d07bbum	404	404	2	0	12	11	3	3	11	1	0	0	0.0
029107_1_d07bbum	405	405	2	0	6	6	1	1	6	0	0	0	0.0
029107_1_d07bbum	406	406	2	0	5	5	1	1	5	0	0	0	0.0
029107_1_d07bbum	407	407	2	0	8	8	1	1	8	0	0	0	0.0
029107_1_d07bbum	408	408	2	0	8	8	1	1	8	0	0	0	0.0
029107_1_d07bbum	409	409	2	0	23	11	3	3	14	3	0	4	0.7
029107_1_d07bbum	410	410	2	0	565	15	15	15	22	41	501	4	75.6
029107_1_d07bbum	411	411	2	0	5	5	1	1	5	0	0	0	0.0
029107_1_d07bbum	412	412	1	1	8	8	1	1	8	0	0	0	0.0
029107_1_d07bbum	413	413	1	1	6	6	1	1	6	0	0	0	0.0
029107_1_d07bbum	414	414	1	1	7	7	1	1	7	0	0	0	0.0
029107_1_d07bbum	415	415	1	1	5	8	1	1	5	0	0	0	0.0
029107_1_d07bbum	416	416	1	1	4	4	1	1	4	0	0	0	0.0
029107_1_d07bbum	417	417	1	1	8	3	1	1	5	0	0	2	0.5
029107_1_d07bbum	418	418	1	1	11	11	1	1	11	0	0	0	0.0
029107_1_d07bbum	419	419	1	1	5	5	1	1	5	0	0	0	0.0
029107_1_d07bbum	420	420	1	1	185	40	13	13	37	49	74	9	123.9
029107_1_d07bbum	421	421	1	1	8	8	1	1	8	0	0	0	0.0
029107_1_d07bbum	422	422	1	1	9	6	1	1	7	0	0	1	0.3
029107_1_d07bbum	423	423	1	1	4	4	1	1	4	0	0	0	0.0
029107_1_d07bbum	424	424	1	1	5	5	1	1	5	0	0	0	0.0
029107_1_d07bbum	425	425	1	1	6	6	1	1	6	0	0	0	0.0
029107_1_d07bbum	426	426	1	1	8	8	1	1	8	0	0	0	0.0
029107_1_d07bbum	427	427	1	1	5	5	1	1	5	0	0	0	0.0
029107_1_d07bbum	428	428	1	1	5	5	1	1	5	0	0	0	0.0
029107_1_d07bbum	429	429	1	1	5	5	1	1	5	0	0	0	0.0
029107_1_d07bbum	430	430	1	1	4	4	1	1	4	0	0	0	0.0
029107_1_d07bbum	431	431	2	0	5	5	1	1	5	0	0	0	0.0
029107_1_d07bbum	432	432	3	1	6	6	1	1	6	0	0	0	0.0
029107_1_d07bbum	433	433	3	1	5	5	1	1	5	0	0	0	0.0
029107_1_d07bbum	434	434	3	1	4	4	1	1	4	0	0	0	0.0
029107_1_d07bbum	435	435	3	1	8	5	1	1	6	0	0	1	0.4
029107_1_d07bbum	436	436	3	1	40	13	3	3	15	6	19	1	21.5
029107_1_d07bbum	2	2	2	0	2	2	1	1	2	0	0	0	0.0
029107_1_d07bbum	8	8	2	0	5	5	1	1	5	0	0	0	0.0
029107_1_d07bbum	13	13	2	0	5	5	1	1	5	0	0	0	0.0
029107_1_d07bbum	16	16	2	0	2	2	1	1	2	0	0	0	0.0
029107_1_d07bbum	20	20	2	0	2	2	1	1	2	0	0	0	0.0
029107_1_d07bbum	22	22	2	0	3	3	1	1	3	0	0	0	0.0
029107_1_d07bbum	23	23	2	0	4	4	1	1	4	0	0	0	0.0
029107_1_d07bbum	36	36	0	0	969	700	37	37	630	216	0	9	18.4
029107_1_d07bbum	46	46	2	0	4	4	1	1	4	0	0	0	0.0
029107_1_d07bbum	60	60	1	1	2	2	1	1	2	0	0	0	0.0
029107_1_d07bbum	92	92	1	1	4	4	1	1	4	0	0	0	0.0
029107_1_d07bbum	140	140	0	0	6	6	2	2	6	0	0	0	0.0
029107_1_d07bbum	156	156	2	0	4	4	1	1	4	0	0	0	0.0
029107_1_d07bbum	158	158	2	0	4	4	1	1	4	0	0	0	0.0
029107_1_d07bbum	166	166	2	0	4	4	1	1	4	0	0	0	0.0
029107_1_d07bbum	168	168	2	0	4	4	1	1	4	0	0	0	0.0
029107_1_d07bbum	170	170	2	0	3	3	1	1	3	0	0	0	0.0
029107_1_d07bbum	174	174	2	0	4	4	1	1	4	0	0	0	0.0
029107_1_d07bbum	178	178	2	0	3	3	1	1	3	0	0	0	0.0
029107_1_d07bbum	180	180	2	0	4	4	2	2	4	0	0	0	0.0
029107_1_d07bbum	189	189	2	0	8	5	1	1	6	0	0	1	0.4
029107_1_d07bbum	191	191	2	0	4	4	1	1	4	0	0	0	0.0
029107_1_d07bbum	192	192	2	0	8	6	1	1	7	0	0	1	0.0
029107_1_d07bbum	194	194	2	0	6	6	1	1	6	0	0	0	0.0
029107_1_d07bbum	201	201	2	0	4	4	1	1	4	0	0	0	0.0
029107_1_d07bbum	203	203	2	0	3	3	1	1	3	0	0	0	0.0
029107_1_d07bbum	206	206	2	0	4	4	1	1	4	0	0	0	0.0
029107_1_d07bbum	209	209	2	0	3	3	1	1	3	0	0	0	0.0
029107_1_d07bbum	210	210	2	0	4	4	1	1	4	0	0	0	0.0
029107_1_d07bbum	214	214	1	1	4	4	1	1	4	0	0	0	0.0
029107_1_d07bbum	217	217	1	1	2	2	1	1	2	0	0	0	0.0
029107_1_d07bbum	233	233	3	1	4	4	1	1	4	0	0	0	0.0
029107_1_d07bbum	244	244	3	1	5	5	1	1	5	0	0	0	0.0
029107_1_d07bbum	247	247	1	1	3	2	2	2	3	0	0	0	0.0
029107_1_d07bbum	259	259	3	1	4	4	1	1	4	0	0	0	0.0
029107_1_d07bbum	271	271	1	1	2	2	1	1	2	0	0	0	0.0
029107_1_d07bbum	276	276	1	1	4	4	1	1	4	0	0	0	0.0
029107_1_d07bbum	284	284	3	1	4	4	1	1	4	0	0	0	0.0
029107_1_d07bbum	286	286	3	1	3	3	1	1	3	0	0	0	0.0
029107_1_d07bbum	292	292	3	1	4	4	1	1	4	0	0	0	0.0
029107_1_d07bbum	293	293	3	1	5	5	1	1	5	0	0	0	0.0
029107_1_d07bbum	301	301	1	1	4	4	1	1	4	0	0	0	0.0
029107_1_d07bbum	319	319	1	1	3	3	1	1	3	0	0	0	0.0
029107_1_d07bbum	323	323	3	1	4	4	1	1	4	0	0	0	0.0
029107_1_d07bbum	327	327	3	1	5	5	1	1	5	0	0	0	0.0
029107_1_d07bbum	329	329	3	1	4	4	1	1	4	0	0	0	0.0
029107_1_d07bbum	334	334	3	1	5	3	1	1	5	0	0	0	0.0
029107_1_d07bbum	336	336	3	1	3	3	1	1	3	0	0	0	0.0
029107_1_d07bbum	342	342	3	1	3	3	1	1	3	0	0	0	0.0
029107_1_d07bbum	349	349	3	1	4	4	1	1	4	0	0	0	0.0
029107_1_d07bbum	352	352	3	1	9	9	1	1	9	0	0	0	0.0
029107_1_d07bbum	354	354	3	1	3	3	1	1	3	0	0	0	0.0
029107_1_d07bbum	369	369	3	1	4	4	1	1	4	0	0	0	0.0
029107_1_d07bbum	375	375	0	0	8	2	1	1	4	0	0	2	0.5
029107_1_d07bbum	392	392	2	0	3	3	1	1	3	0	0	0	0.0
029107_1_d07bbum	402	402	2	0	4	4	1	1	4	0	0	0	0.0
029107_1_d07bbum	403	403	2	0	9	6	1	1	8	0	0	1	0.0
029107_1_d07bbum	437	437	0	0	9	9	1	1	9	0	0	0	0.0
029107_1_d07bbum	438	438	0	0	15	16	2	2	15	0	0	0	0.0
029107_1_d07bbum	439	439	0	0	40	49	1	1	40	0	0	0	0.0
029107_1_d07bbum	440	440	0	0	14	14	1	1	14	0	0	0	0.0
029107_1_d07bbum	441	441	0	0	19	14	1	1	17	0	0	2	0.0
029107_1_d07bbum	442	442	0	0	157	190	4	4	149	7	0	1	0.0
029107_1_d07bbum	444	444	0	0	34	37	1	1	34	0	0	0	0.0
029107_1_d07bbum	445	445	2	0	20	7	1	1	10	0	0	1	2.9
029107_1_d07bbum	446	446	2	0	58	51	1	1	55	0	0	2	0.8
029107_1_d07bbum	447	447	0	0	13	9	1	1	12	0	0	1	0.0
029107_1_d07bbum	448	448	2	0	5	5	1	1	5	0	0	0	0.0
029107_1_d07bbum	449	449	3	1	9	4	1	1	6	0	0	2	0.3
029107_12_d07bbum	1	1	0	0	4	4	1	1	4	0	0	0	0.0
029107_12_d07bbum	2	2	0	0	3	3	2	2	3	0	0	0	0.0
029107_12_d07bbum	3	3	0	0	12	10	1	1	10	0	0	1	0.4
029107_12_d07bbum	5	5	2	0	5	5	1	1	5	0	0	0	0.0
029107_12_d07bbum	6	6	2	0	5	5	1	1	5	0	0	0	0.0
029107_12_d07bbum	7	7	2	0	5	5	1	1	5	0	0	0	0.0
029107_12_d07bbum	8	8	2	0	6	6	1	1	6	0	0	0	0.0
029107_12_d07bbum	9	9	2	0	5	5	1	1	5	0	0	0	0.0
029107_12_d07bbum	10	10	2	0	4	4	1	1	4	0	0	0	0.0
029107_12_d07bbum	11	11	2	0	4	4	1	1	4	0	0	0	0.0
029107_12_d07bbum	12	12	2	0	12	10	2	2	12	0	0	0	0.0
029107_12_d07bbum	13	13	2	0	9	8	1	1	8	0	0	1	0.0
029107_12_d07bbum	14	14	2	0	6	6	1	1	6	0	0	0	0.0
029107_12_d07bbum	17	17	2	0	6	6	2	2	6	0	0	0	0.0
029107_12_d07bbum	19	19	2	0	4	4	1	1	4	0	0	0	0.0
029107_12_d07bbum	20	20	0	0	283	279	15	15	256	6	0	19	1.1
029107_12_d07bbum	21	21	0	0	378	114	9	9	144	6	127	51	62.2
029107_12_d07bbum	24	24	0	0	5643	1365	525	525	1191	2430	1529	204	68.1
029107_12_d07bbum	25	25	0	0	11340	4368	1154	1154	4707	4342	1300	371	68.5
029107_12_d07bbum	27	27	0	0	4369	2257	387	387	2044	1028	474	404	51.5
029107_12_d07bbum	27	27	2	0	1038	738	166	166	648	287	0	53	17.8
029107_12_d07bbum	28	28	0	0	280	121	22	22	125	72	60	10	46.4
029107_12_d07bbum	30	30	0	0	320	302	22	22	277	35	0	6	1.5
029107_12_d07bbum	31	31	0	0	3493	1988	237	237	2237	660	190	140	54.3
029107_12_d07bbum	31	31	2	0	13	11	2	2	12	0	0	1	0.0
029107_12_d07bbum	32	32	0	0	122	79	8	8	69	12	27	6	30.8
029107_12_d07bbum	33	33	0	0	398	452	7	7	364	16	0	5	10.3
029107_12_d07bbum	35	35	0	0	5108	2297	497	497	2078	1812	442	193	46.1
029107_12_d07bbum	36	36	0	0	465	371	28	28	296	55	0	58	13.6
029107_12_d07bbum	37	37	0	0	350	58	27	27	55	99	164	10	34.1
029107_12_d07bbum	38	38	0	0	175	148	4	4	129	2	0	20	8.4
029107_12_d07bbum	39	39	0	0	60	41	2	2	32	0	0	14	5.7
029107_12_d07bbum	40	40	0	0	1197	280	108	108	206	672	158	48	40.5
029107_12_d07bbum	43	43	2	0	167	151	4	4	145	7	0	11	1.9
029107_12_d07bbum	46	46	0	0	106	106	4	4	94	5	0	6	0.5
029107_12_d07bbum	46	46	2	0	1163	923	49	49	834	272	0	22	3.5
029107_12_d07bbum	47	47	0	0	7597	1213	797	797	1356	5175	625	136	58.9
029107_12_d07bbum	47	47	2	0	1784	598	218	218	543	1037	0	79	16.6
029107_12_d07bbum	48	48	0	0	147	141	8	8	118	6	0	16	3.8
029107_12_d07bbum	49	49	2	0	75	68	3	3	70	2	0	3	0.0
029107_12_d07bbum	51	51	2	0	4	4	1	1	4	0	0	0	0.0
029107_12_d07bbum	54	54	2	0	80	53	4	4	60	7	0	3	3.4
029107_12_d07bbum	56	56	2	0	6	6	1	1	6	0	0	0	0.0
029107_12_d07bbum	58	58	2	0	4	4	1	1	4	0	0	0	0.0
029107_12_d07bbum	59	59	2	0	4	4	1	1	4	0	0	0	0.0
029107_12_d07bbum	60	60	1	1	4	4	1	1	4	0	0	0	0.0
029107_12_d07bbum	61	61	1	1	5	5	1	1	5	0	0	0	0.0
029107_12_d07bbum	62	62	1	1	5	5	1	1	5	0	0	0	0.0
029107_12_d07bbum	63	63	1	1	5	5	1	1	5	0	0	0	0.0
029107_12_d07bbum	64	64	1	1	5	6	1	1	5	0	0	0	0.0
029107_12_d07bbum	65	65	1	1	3	3	1	1	3	0	0	0	0.0
029107_12_d07bbum	66	66	1	1	8	4	1	1	6	0	0	1	0.4
029107_12_d07bbum	68	68	1	1	2	2	1	1	2	0	0	0	0.0
029107_12_d07bbum	69	69	1	1	3	3	1	1	3	0	0	0	0.0
029107_12_d07bbum	71	71	1	1	3	3	1	1	3	0	0	0	0.0
029107_12_d07bbum	72	72	1	1	4	4	1	1	4	0	0	0	0.0
029107_12_d07bbum	73	73	1	1	5	5	1	1	5	0	0	0	0.0
029107_12_d07bbum	74	74	1	1	4	4	1	1	4	0	0	0	0.0
029107_12_d07bbum	75	75	1	1	4	4	1	1	4	0	0	0	0.0
029107_12_d07bbum	76	76	1	1	4	4	1	1	4	0	0	0	0.0
029107_12_d07bbum	77	77	1	1	4	4	1	1	4	0	0	0	0.0
029107_12_d07bbum	78	78	3	1	4	4	1	1	4	0	0	0	0.0
029107_12_d07bbum	79	79	3	1	5	5	1	1	5	0	0	0	0.0
029107_12_d07bbum	80	80	3	1	5	5	1	1	5	0	0	0	0.0
029107_12_d07bbum	81	81	3	1	4	4	1	1	4	0	0	0	0.0
029107_12_d07bbum	82	82	3	1	5	5	1	1	5	0	0	0	0.0
029107_12_d07bbum	83	83	3	1	5	5	1	1	5	0	0	0	0.0
029107_12_d07bbum	84	84	3	1	3	3	1	1	3	0	0	0	0.0
029107_12_d07bbum	86	86	3	1	61	59	1	1	59	0	0	1	0.5
029107_12_d07bbum	87	87	1	1	244	202	10	10	192	46	0	3	1.3
029107_12_d07bbum	90	90	1	1	559	523	17	17	517	24	0	9	3.3
029107_12_d07bbum	91	91	1	1	14	12	1	1	13	0	0	1	0.0
029107_12_d07bbum	93	93	1	1	2	2	2	2	2	0	0	0	0.0
029107_12_d07bbum	95	95	1	1	352	208	18	18	215	54	0	48	14.7
029107_12_d07bbum	98	98	3	1	801	526	70	70	510	250	0	16	5.9
029107_12_d07bbum	100	100	1	1	2	2	1	1	2	0	0	0	0.0
029107_12_d07bbum	102	102	1	1	429	396	16	16	341	40	0	40	0.7
029107_12_d07bbum	103	103	1	1	126	166	1	1	113	0	0	10	0.5
029107_12_d07bbum	103	103	3	1	969	792	19	19	767	95	0	86	5.7
029107_12_d07bbum	105	105	1	1	281	239	15	15	231	26	0	18	3.0
029107_12_d07bbum	106	106	1	1	4	4	1	1	4	0	0	0	0.0
029107_12_d07bbum	108	108	3	1	924	656	69	69	674	166	0	31	13.4
029107_12_d07bbum	110	110	3	1	1550	511	48	48	421	221	590	31	25.9
029107_12_d07bbum	112	112	3	1	162	144	6	6	140	12	0	8	1.5
029107_12_d07bbum	115	115	3	1	131	104	3	3	110	4	0	16	0.4
029107_12_d07bbum	117	117	3	1	29	40	2	2	27	0	0	2	0.0
029107_12_d07bbum	118	118	3	1	144	154	2	2	139	1	0	4	0.0
029107_12_d07bbum	120	120	3	1	14	25	1	1	11	0	0	3	0.0
029107_12_d07bbum	122	122	3	1	581	382	46	46	353	205	0	17	1.6
029107_12_d07bbum	123	123	3	1	64	55	3	3	55	6	0	3	0.0
029107_12_d07bbum	125	125	3	1	4	4	1	1	4	0	0	0	0.0
029107_12_d07bbum	127	127	0	0	3088	1519	208	208	1322	1091	491	102	79.5
029107_12_d07bbum	127	127	1	1	882	544	32	32	421	96	254	19	79.8
029107_12_d07bbum	127	127	3	1	279	285	8	8	249	17	0	4	4.1
029107_12_d07bbum	128	128	0	0	3946	1652	345	345	1446	2055	209	114	28.9
029107_12_d07bbum	128	128	2	0	773	492	44	44	445	235	0	42	12.3
029107_12_d07bbum	128	128	3	1	1409	374	126	126	339	734	256	28	92.1
029107_12_d07bbum	129	129	2	0	774	236	38	38	238	223	285	10	89.5
029107_12_d07bbum	129	129	3	1	881	483	19	19	419	42	286	41	89.9
029107_12_d07bbum	130	130	2	0	1890	296	4	4	302	13	1565	11	262.7
029107_12_d07bbum	130	130	3	1	1150	302	2	2	304	3	832	12	261.0
029107_12_d07bbum	131	131	0	0	8	8	1	1	8	0	0	0	0.0
029107_12_d07bbum	132	132	0	0	10	10	1	1	10	0	0	0	0.0
029107_12_d07bbum	133	133	0	0	5	5	1	1	5	0	0	0	0.0
029107_12_d07bbum	134	134	0	0	9	5	1	1	7	0	0	1	0.3
029107_12_d07bbum	135	135	0	0	3	3	1	1	3	0	0	0	0.0
029107_12_d07bbum	136	136	0	0	9	9	1	1	8	0	0	1	0.0
029107_12_d07bbum	137	137	0	0	6	6	1	1	6	0	0	0	0.0
029107_12_d07bbum	138	138	0	0	8	8	1	1	8	0	0	0	0.0
029107_12_d07bbum	139	139	0	0	23	13	1	1	13	0	0	1	3.0
029107_12_d07bbum	140	140	0	0	5	5	1	1	5	0	0	0	0.0
029107_12_d07bbum	141	141	0	0	14	12	1	1	13	0	0	1	0.0
029107_12_d07bbum	142	142	0	0	19	21	1	1	17	0	0	1	0.3
029107_12_d07bbum	143	143	0	0	9	6	1	1	8	0	0	1	0.0
029107_12_d07bbum	144	144	0	0	5	5	1	1	5	0	0	0	0.0
029107_12_d07bbum	145	145	0	0	6	6	2	2	6	0	0	0	0.0
029107_12_d07bbum	146	146	0	0	9	9	1	1	9	0	0	0	0.0
029107_12_d07bbum	147	147	0	0	11	10	1	1	10	0	0	1	0.0
029107_12_d07bbum	148	148	0	0	9	9	1	1	9	0	0	0	0.0
029107_12_d07bbum	149	149	0	0	15	17	3	3	13	0	0	2	0.0
029107_12_d07bbum	150	150	0	0	4	4	1	1	4	0	0	0	0.0
029107_12_d07bbum	151	151	0	0	7	7	1	1	7	0	0	0	0.0
029107_12_d07bbum	152	152	0	0	4	4	1	1	4	0	0	0	0.0
029107_12_d07bbum	153	153	0	0	7	7	1	1	7	0	0	0	0.0
029107_12_d07bbum	154	154	0	0	6	6	1	1	6	0	0	0	0.0
029107_12_d07bbum	155	155	0	0	12	12	1	1	12	0	0	0	0.0
029107_12_d07bbum	156	156	0	0	3	3	1	1	3	0	0	0	0.0
029107_12_d07bbum	157	157	0	0	10	5	1	1	8	0	0	2	0.0
029107_12_d07bbum	158	158	0	0	13	13	1	1	13	0	0	0	0.0
029107_12_d07bbum	159	159	0	0	26	21	3	3	25	0	0	1	0.0
029107_12_d07bbum	160	160	0	0	8	4	1	1	6	0	0	2	0.0
029107_12_d07bbum	161	161	0	0	8	9	1	1	6	0	0	1	0.4
029107_12_d07bbum	162	162	0	0	25	21	1	1	18	0	0	5	1.4
029107_12_d07bbum	163	163	0	0	28	15	1	1	26	0	0	2	0.0
029107_12_d07bbum	164	164	0	0	21	25	1	1	21	0	0	0	0.0
029107_12_d07bbum	165	165	0	0	6	6	1	1	6	0	0	0	0.0
029107_12_d07bbum	166	166	0	0	3	3	1	1	3	0	0	0	0.0
029107_12_d07bbum	167	167	0	0	33	9	1	1	11	0	0	2	6.3
029107_12_d07bbum	168	168	0	0	5	5	1	1	5	0	0	0	0.0
029107_12_d07bbum	169	169	0	0	5	5	2	2	5	0	0	0	0.0
029107_12_d07bbum	170	170	2	0	4	4	1	1	4	0	0	0	0.0
029107_12_d07bbum	171	171	2	0	10	10	1	1	10	0	0	0	0.0
029107_12_d07bbum	172	172	2	0	3	3	1	1	3	0	0	0	0.0
029107_12_d07bbum	173	173	2	0	4	4	1	1	4	0	0	0	0.0
029107_12_d07bbum	174	174	2	0	5	5	1	1	5	0	0	0	0.0
029107_12_d07bbum	175	175	2	0	4	4	1	1	4	0	0	0	0.0
029107_12_d07bbum	176	176	2	0	5	5	1	1	5	0	0	0	0.0
029107_12_d07bbum	177	177	2	0	57	17	1	1	24	0	0	3	6.8
029107_12_d07bbum	178	178	2	0	9	2	1	1	5	0	0	2	0.6
029107_12_d07bbum	179	179	2	0	9	7	2	2	8	0	0	1	0.0
029107_12_d07bbum	180	180	0	0	5	5	1	1	5	0	0	0	0.0
029107_12_d07bbum	181	181	0	0	7	7	3	3	7	0	0	0	0.0
029107_12_d07bbum	182	182	0	0	9	2	1	1	6	0	0	3	0.0
029107_12_d07bbum	183	183	0	0	26	30	3	3	26	0	0	0	0.0
029107_12_d07bbum	184	184	0	0	13	19	1	1	12	0	0	1	0.0
029107_12_d07bbum	185	185	0	0	11	11	2	2	11	0	0	0	0.0
029107_12_d07bbum	186	186	0	0	6	6	1	1	6	0	0	0	0.0
029107_12_d07bbum	187	187	0	0	5	5	1	1	5	0	0	0	0.0
029107_12_d07bbum	188	188	0	0	9	9	1	1	9	0	0	0	0.0
029107_12_d07bbum	189	189	0	0	9	9	1	1	9	0	0	0	0.0
029107_12_d07bbum	190	190	0	0	5	5	1	1	5	0	0	0	0.0
029107_12_d07bbum	191	191	0	0	4	4	1	1	4	0	0	0	0.0
029107_12_d07bbum	192	192	0	0	8	2	1	1	4	0	0	2	0.4
029107_12_d07bbum	193	193	0	0	7	7	1	1	7	0	0	0	0.0
029107_12_d07bbum	194	194	0	0	11	7	1	1	8	0	0	2	0.3
029107_12_d07bbum	195	195	0	0	8	3	1	1	5	0	0	2	0.3
029107_12_d07bbum	196	196	0	0	12	13	1	1	11	0	0	1	0.0
029107_12_d07bbum	197	197	0	0	9	5	1	1	7	0	0	1	0.5
029107_12_d07bbum	198	198	0	0	3	3	1	1	3	0	0	0	0.0
029107_12_d07bbum	199	199	2	0	5	6	1	1	5	0	0	0	0.0
029107_12_d07bbum	200	200	2	0	5	5	1	1	5	0	0	0	0.0
029107_12_d07bbum	201	201	0	0	21	21	1	1	21	0	0	0	0.0
029107_12_d07bbum	202	202	0	0	8	9	1	1	6	0	0	1	0.4
029107_12_d07bbum	203	203	0	0	9	5	1	1	7	0	0	2	0.0
029107_12_d07bbum	204	204	0	0	5	5	1	1	5	0	0	0	0.0
029107_12_d07bbum	205	205	0	0	8	8	2	2	8	0	0	0	0.0
029107_12_d07bbum	206	206	0	0	113	31	3	3	31	2	80	1	24.2
029107_12_d07bbum	207	207	0	0	9	6	1	1	7	0	0	1	0.4
029107_12_d07bbum	208	208	0	0	4	4	1	1	4	0	0	0	0.0
029107_12_d07bbum	209	209	0	0	9	9	1	1	9	0	0	0	0.0
029107_12_d07bbum	210	210	0	0	6	6	1	1	6	0	0	0	0.0
029107_12_d07bbum	211	211	0	0	5	5	1	1	5	0	0	0	0.0
029107_12_d07bbum	212	212	0	0	14	13	1	1	13	0	0	1	0.0
029107_12_d07bbum	213	213	0	0	4	4	1	1	4	0	0	0	0.0
029107_12_d07bbum	214	214	0	0	47	47	4	4	38	7	0	2	0.0
029107_12_d07bbum	215	215	0	0	4	4	1	1	4	0	0	0	0.0
029107_12_d07bbum	216	216	0	0	15	10	1	1	12	0	0	2	0.5
029107_12_d07bbum	217	217	2	0	85	86	6	6	69	5	0	4	1.5
029107_12_d07bbum	218	218	0	0	8	5	1	1	6	0	0	2	0.0
029107_12_d07bbum	219	219	0	0	462	43	20	20	32	51	333	25	104.7
029107_12_d07bbum	220	220	0	0	7	7	1	1	7	0	0	0	0.0
029107_12_d07bbum	221	221	0	0	8	8	1	1	8	0	0	0	0.0
029107_12_d07bbum	222	222	0	0	9	9	1	1	9	0	0	0	0.0
029107_12_d07bbum	223	223	0	0	11	6	1	1	7	0	0	2	0.4
029107_12_d07bbum	224	224	0	0	10	10	1	1	10	0	0	0	0.0
029107_12_d07bbum	225	225	0	0	55	15	3	3	23	2	0	12	7.8
029107_12_d07bbum	227	227	0	0	6	6	1	1	6	0	0	0	0.0
029107_12_d07bbum	228	228	0	0	123	56	1	1	54	0	0	10	16.2
029107_12_d07bbum	229	229	0	0	5	5	1	1	5	0	0	0	0.0
029107_12_d07bbum	230	230	2	0	5	5	1	1	5	0	0	0	0.0
029107_12_d07bbum	231	231	2	0	12	12	1	1	10	0	0	2	0.0
029107_12_d07bbum	232	232	2	0	9	3	1	1	5	0	0	2	0.3
029107_12_d07bbum	233	233	2	0	4	4	1	1	4	0	0	0	0.0
029107_12_d07bbum	234	234	2	0	3	3	1	1	3	0	0	0	0.0
029107_12_d07bbum	235	235	2	0	5	5	1	1	5	0	0	0	0.0
029107_12_d07bbum	236	236	2	0	8	3	1	1	6	0	0	2	0.0
029107_12_d07bbum	237	237	2	0	7	7	1	1	7	0	0	0	0.0
029107_12_d07bbum	238	238	2	0	6	6	1	1	6	0	0	0	0.0
029107_12_d07bbum	239	239	2	0	31	6	1	1	7	0	24	1	109.2
029107_12_d07bbum	240	240	2	0	10	7	1	1	8	0	0	1	0.3
029107_12_d07bbum	241	241	2	0	9	6	1	1	7	0	0	1	0.4
029107_12_d07bbum	242	242	2	0	6	5	1	1	6	0	0	0	0.0
029107_12_d07bbum	243	243	2	0	5	5	1	1	5	0	0	0	0.0
029107_12_d07bbum	244	244	2	0	4	4	1	1	4	0	0	0	0.0
029107_12_d07bbum	245	245	2	0	5	5	1	1	5	0	0	0	0.0
029107_12_d07bbum	246	246	2	0	4	4	1	1	4	0	0	0	0.0
029107_12_d07bbum	247	247	2	0	4	4	1	1	4	0	0	0	0.0
029107_12_d07bbum	248	248	2	0	6	6	1	1	6	0	0	0	0.0
029107_12_d07bbum	249	249	2	0	4	4	1	1	4	0	0	0	0.0
029107_12_d07bbum	250	250	2	0	4	4	1	1	4	0	0	0	0.0
029107_12_d07bbum	251	251	2	0	5	5	1	1	5	0	0	0	0.0
029107_12_d07bbum	252	252	2	0	5	7	1	1	5	0	0	0	0.0
029107_12_d07bbum	253	253	2	0	6	6	1	1	6	0	0	0	0.0
029107_12_d07bbum	254	254	2	0	6	6	1	1	6	0	0	0	0.0
029107_12_d07bbum	255	255	2	0	18	8	2	2	11	2	0	2	14.3
029107_12_d07bbum	256	256	2	0	5	5	1	1	5	0	0	0	0.0
029107_12_d07bbum	257	257	2	0	4	4	1	1	4	0	0	0	0.0
029107_12_d07bbum	258	258	2	0	6	9	1	1	6	0	0	0	0.0
029107_12_d07bbum	259	259	2	0	4	4	1	1	4	0	0	0	0.0
029107_12_d07bbum	260	260	1	1	9	6	1	1	8	0	0	1	0.0
029107_12_d07bbum	261	261	1	1	5	5	1	1	5	0	0	0	0.0
029107_12_d07bbum	262	262	1	1	4	4	1	1	4	0	0	0	0.0
029107_12_d07bbum	263	263	1	1	9	9	1	1	9	0	0	0	0.0
029107_12_d07bbum	264	264	1	1	4	4	1	1	4	0	0	0	0.0
029107_12_d07bbum	265	265	1	1	5	5	1	1	5	0	0	0	0.0
029107_12_d07bbum	266	266	1	1	36	11	1	1	12	0	0	1	7.5
029107_12_d07bbum	267	267	1	1	5	5	1	1	5	0	0	0	0.0
029107_12_d07bbum	268	268	1	1	5	5	1	1	5	0	0	0	0.0
029107_12_d07bbum	269	269	1	1	5	7	1	1	5	0	0	0	0.0
029107_12_d07bbum	270	270	1	1	5	5	1	1	5	0	0	0	0.0
029107_12_d07bbum	271	271	1	1	3	3	1	1	3	0	0	0	0.0
029107_12_d07bbum	272	272	1	1	5	5	1	1	5	0	0	0	0.0
029107_12_d07bbum	273	273	1	1	4	4	1	1	4	0	0	0	0.0
029107_12_d07bbum	274	274	1	1	5	5	1	1	5	0	0	0	0.0
029107_12_d07bbum	275	275	1	1	6	6	1	1	6	0	0	0	0.0
029107_12_d07bbum	276	276	1	1	8	6	1	1	7	0	0	1	0.0
029107_12_d07bbum	277	277	1	1	4	4	1	1	4	0	0	0	0.0
029107_12_d07bbum	278	278	3	1	14	14	1	1	14	0	0	0	0.0
029107_12_d07bbum	279	279	3	1	5	5	1	1	5	0	0	0	0.0
029107_12_d07bbum	280	280	3	1	4	6	1	1	4	0	0	0	0.0
029107_12_d07bbum	281	281	3	1	9	10	1	1	9	0	0	0	0.0
029107_12_d07bbum	282	282	3	1	16	8	1	1	12	0	0	3	1.0
029107_12_d07bbum	283	283	1	1	10	11	1	1	10	0	0	0	0.0
029107_12_d07bbum	284	284	1	1	4	4	1	1	4	0	0	0	0.0
029107_12_d07bbum	285	285	1	1	4	4	1	1	4	0	0	0	0.0
029107_12_d07bbum	286	286	1	1	5	5	1	1	5	0	0	0	0.0
029107_12_d07bbum	287	287	1	1	5	5	1	1	5	0	0	0	0.0
029107_12_d07bbum	288	288	1	1	6	6	1	1	6	0	0	0	0.0
029107_12_d07bbum	289	289	1	1	6	6	1	1	6	0	0	0	0.0
029107_12_d07bbum	290	290	1	1	4	4	1	1	4	0	0	0	0.0
029107_12_d07bbum	291	291	1	1	4	4	1	1	4	0	0	0	0.0
029107_12_d07bbum	292	292	1	1	4	4	1	1	4	0	0	0	0.0
029107_12_d07bbum	293	293	1	1	4	4	1	1	4	0	0	0	0.0
029107_12_d07bbum	294	294	1	1	4	4	1	1	4	0	0	0	0.0
029107_12_d07bbum	295	295	3	1	4	4	1	1	4	0	0	0	0.0
029107_12_d07bbum	296	296	3	1	11	14	1	1	11	0	0	0	0.0
029107_12_d07bbum	297	297	3	1	4	4	1	1	4	0	0	0	0.0
029107_12_d07bbum	298	298	3	1	4	4	1	1	4	0	0	0	0.0
029107_12_d07bbum	299	299	3	1	4	4	1	1	4	0	0	0	0.0
029107_12_d07bbum	300	300	3	1	7	5	1	1	6	0	0	1	0.0
029107_12_d07bbum	301	301	3	1	14	8	1	1	10	0	0	3	0.5
029107_12_d07bbum	302	302	3	1	5	5	1	1	5	0	0	0	0.0
029107_12_d07bbum	303	303	3	1	6	6	1	1	6	0	0	0	0.0
029107_12_d07bbum	304	304	3	1	4	4	1	1	4	0	0	0	0.0
029107_12_d07bbum	305	305	1	1	3	3	1	1	3	0	0	0	0.0
029107_12_d07bbum	306	306	1	1	5	5	1	1	5	0	0	0	0.0
029107_12_d07bbum	307	307	1	1	4	4	1	1	4	0	0	0	0.0
029107_12_d07bbum	308	308	1	1	3	3	1	1	3	0	0	0	0.0
029107_12_d07bbum	309	309	3	1	5	5	1	1	5	0	0	0	0.0
029107_12_d07bbum	310	310	3	1	4	4	1	1	4	0	0	0	0.0
029107_12_d07bbum	311	311	3	1	4	4	1	1	4	0	0	0	0.0
029107_12_d07bbum	312	312	3	1	4	4	1	1	4	0	0	0	0.0
029107_12_d07bbum	313	313	3	1	7	7	1	1	7	0	0	0	0.0
029107_12_d07bbum	317	317	3	1	4	4	1	1	4	0	0	0	0.0
029107_12_d07bbum	318	318	3	1	11	4	1	1	8	0	0	2	0.5
029107_12_d07bbum	319	319	3	1	3	3	1	1	3	0	0	0	0.0
029107_12_d07bbum	320	320	3	1	4	4	1	1	4	0	0	0	0.0
029107_12_d07bbum	322	322	3	1	4	4	1	1	4	0	0	0	0.0
029107_12_d07bbum	323	323	3	1	3	3	1	1	3	0	0	0	0.0
029107_12_d07bbum	324	324	3	1	5	5	1	1	5	0	0	0	0.0
029107_12_d07bbum	325	325	3	1	7	9	1	1	7	0	0	0	0.0
029107_12_d07bbum	326	326	3	1	11	13	1	1	10	0	0	1	0.0
029107_12_d07bbum	327	327	3	1	5	5	1	1	5	0	0	0	0.0
029107_12_d07bbum	328	328	3	1	13	11	1	1	12	0	0	1	0.0
029107_12_d07bbum	329	329	3	1	4	4	1	1	4	0	0	0	0.0
029107_12_d07bbum	330	330	3	1	5	5	1	1	5	0	0	0	0.0
029107_12_d07bbum	331	331	3	1	6	6	1	1	6	0	0	0	0.0
029107_12_d07bbum	332	332	3	1	4	4	1	1	4	0	0	0	0.0
029107_12_d07bbum	333	333	3	1	8	3	1	1	5	0	0	2	0.3
029107_12_d07bbum	334	334	3	1	6	6	1	1	6	0	0	0	0.0
029107_12_d07bbum	335	335	3	1	6	6	1	1	6	0	0	0	0.0
029107_12_d07bbum	336	336	3	1	5	5	1	1	5	0	0	0	0.0
029107_12_d07bbum	337	337	3	1	5	5	1	1	5	0	0	0	0.0
029107_12_d07bbum	338	338	0	0	7	7	1	1	7	0	0	0	0.0
029107_12_d07bbum	339	339	0	0	11	12	1	1	11	0	0	0	0.0
029107_12_d07bbum	340	340	0	0	8	8	1	1	8	0	0	0	0.0
029107_12_d07bbum	341	341	0	0	10	5	1	1	7	0	0	2	0.4
029107_12_d07bbum	342	342	0	0	5	5	1	1	5	0	0	0	0.0
029107_12_d07bbum	343	343	0	0	6	6	1	1	6	0	0	0	0.0
029107_12_d07bbum	344	344	2	0	9	3	1	1	6	0	0	2	0.3
029107_12_d07bbum	345	345	1	1	6	6	1	1	6	0	0	0	0.0
029107_12_d07bbum	346	346	1	1	6	6	1	1	6	0	0	0	0.0
029107_12_d07bbum	347	347	1	1	5	5	1	1	5	0	0	0	0.0
029107_12_d07bbum	348	348	1	1	5	5	1	1	5	0	0	0	0.0
029107_12_d07bbum	349	349	3	1	4	4	1	1	4	0	0	0	0.0
029107_12_d07bbum	350	350	3	1	6	6	1	1	6	0	0	0	0.0
029107_12_d07bbum	351	351	3	1	5	5	1	1	5	0	0	0	0.0
029107_12_d07bbum	353	353	0	0	8	10	1	1	7	0	0	1	0.0
029107_12_d07bbum	354	354	0	0	14	11	1	1	12	0	0	1	0.4
029107_12_d07bbum	355	355	0	0	8	7	1	1	8	0	0	0	0.0
029107_12_d07bbum	356	356	0	0	13	8	1	1	9	0	0	3	0.4
029107_12_d07bbum	357	357	0	0	22	23	1	1	21	0	0	1	0.0
029107_12_d07bbum	358	358	0	0	293	84	24	24	92	70	76	13	23.4
029107_12_d07bbum	359	359	0	0	8	3	1	1	5	0	0	2	0.3
029107_12_d07bbum	360	360	2	0	4	4	1	1	4	0	0	0	0.0
029107_12_d07bbum	361	361	3	1	12	12	1	1	12	0	0	0	0.0
029107_12_d07bbum	362	362	3	1	6	6	1	1	6	0	0	0	0.0
029107_12_d07bbum	363	363	3	1	3	3	1	1	3	0	0	0	0.0
029107_12_d07bbum	364	364	3	1	4	4	1	1	4	0	0	0	0.0
029107_12_d07bbum	365	365	2	0	5	5	1	1	5	0	0	0	0.0
029107_12_d07bbum	366	366	2	0	5	5	1	1	5	0	0	0	0.0
029107_12_d07bbum	367	367	3	1	4	4	1	1	4	0	0	0	0.0
029107_12_d07bbum	368	368	3	1	8	5	1	1	6	0	0	1	1.1
029107_12_d07bbum	369	369	3	1	5	5	1	1	5	0	0	0	0.0
029107_12_d07bbum	370	370	3	1	4	4	1	1	4	0	0	0	0.0
029107_12_d07bbum	371	371	2	0	9	6	1	1	7	0	0	1	0.3
029107_12_d07bbum	372	372	2	0	5	5	1	1	5	0	0	0	0.0
029107_12_d07bbum	373	373	3	1	4	4	1	1	4	0	0	0	0.0
029107_12_d07bbum	10	10	2	0	4	4	1	1	4	0	0	0	0.0
029107_12_d07bbum	28	28	0	0	96	94	1	1	96	0	0	0	0.0
029107_12_d07bbum	35	35	0	0	1861	1157	183	183	1219	458	0	35	19.5
029107_12_d07bbum	37	37	0	0	45	34	5	5	38	4	0	3	0.0
029107_12_d07bbum	46	46	2	0	1181	923	48	48	831	278	0	30	3.5
029107_12_d07bbum	56	56	2	0	6	6	1	1	6	0	0	0	0.0
029107_12_d07bbum	59	59	2	0	4	4	1	1	4	0	0	0	0.0
029107_12_d07bbum	62	62	1	1	5	5	1	1	5	0	0	0	0.0
029107_12_d07bbum	65	65	1	1	3	3	1	1	3	0	0	0	0.0
029107_12_d07bbum	68	68	1	1	2	2	1	1	2	0	0	0	0.0
029107_12_d07bbum	72	72	1	1	4	4	1	1	4	0	0	0	0.0
029107_12_d07bbum	73	73	1	1	5	5	1	1	5	0	0	0	0.0
029107_12_d07bbum	74	74	1	1	4	4	1	1	4	0	0	0	0.0
029107_12_d07bbum	75	75	1	1	4	4	1	1	4	0	0	0	0.0
029107_12_d07bbum	93	93	1	1	2	2	2	2	2	0	0	0	0.0
029107_12_d07bbum	100	100	1	1	2	2	1	1	2	0	0	0	0.0
029107_12_d07bbum	135	135	0	0	3	3	1	1	3	0	0	0	0.0
029107_12_d07bbum	156	156	0	0	3	3	1	1	3	0	0	0	0.0
029107_12_d07bbum	192	192	0	0	8	2	1	1	4	0	0	2	0.4
029107_12_d07bbum	195	195	0	0	8	3	1	1	5	0	0	2	0.3
029107_12_d07bbum	198	198	0	0	3	3	1	1	3	0	0	0	0.0
029107_12_d07bbum	206	206	0	0	14	14	1	1	14	0	0	0	0.0
029107_12_d07bbum	215	215	0	0	4	4	1	1	4	0	0	0	0.0
029107_12_d07bbum	219	219	0	0	22	20	1	1	18	0	0	3	0.4
029107_12_d07bbum	234	234	2	0	3	3	1	1	3	0	0	0	0.0
029107_12_d07bbum	235	235	2	0	5	5	1	1	5	0	0	0	0.0
029107_12_d07bbum	246	246	2	0	4	4	1	1	4	0	0	0	0.0
029107_12_d07bbum	249	249	2	0	4	4	1	1	4	0	0	0	0.0
029107_12_d07bbum	250	250	2	0	4	4	1	1	4	0	0	0	0.0
029107_12_d07bbum	256	256	2	0	5	5	1	1	5	0	0	0	0.0
029107_12_d07bbum	272	272	1	1	5	5	1	1	5	0	0	0	0.0
029107_12_d07bbum	279	279	3	1	5	5	1	1	5	0	0	0	0.0
029107_12_d07bbum	284	284	1	1	4	4	1	1	4	0	0	0	0.0
029107_12_d07bbum	285	285	1	1	4	4	1	1	4	0	0	0	0.0
029107_12_d07bbum	287	287	1	1	5	5	1	1	5	0	0	0	0.0
029107_12_d07bbum	293	293	1	1	4	4	1	1	4	0	0	0	0.0
029107_12_d07bbum	297	297	3	1	4	4	1	1	4	0	0	0	0.0
029107_12_d07bbum	305	305	1	1	3	3	1	1	3	0	0	0	0.0
029107_12_d07bbum	312	312	3	1	4	4	1	1	4	0	0	0	0.0
029107_12_d07bbum	319	319	3	1	3	3	1	1	3	0	0	0	0.0
029107_12_d07bbum	323	323	3	1	3	3	1	1	3	0	0	0	0.0
029107_12_d07bbum	329	329	3	1	4	4	1	1	4	0	0	0	0.0
029107_12_d07bbum	344	344	2	0	9	3	1	1	6	0	0	2	0.3
029107_12_d07bbum	364	364	3	1	4	4	1	1	4	0	0	0	0.0
029107_12_d07bbum	366	366	2	0	5	5	1	1	5	0	0	0	0.0
029107_12_d07bbum	374	374	0	0	23	27	1	1	19	0	0	2	0.4
029107_12_d07bbum	375	375	0	0	42	62	2	2	34	1	0	5	1.8
029107_12_d07bbum	376	376	0	0	393	345	18	18	325	39	0	9	8.0
029107_12_d07bbum	377	377	0	0	29	36	1	1	27	0	0	1	0.4
029107_12_d07bbum	378	378	0	0	33	31	2	2	30	0	0	1	1.4
029107_12_d07bbum	379	379	0	0	17	15	1	1	16	0	0	1	0.0
029107_12_d07bbum	380	380	0	0	163	170	8	8	132	7	0	16	6.7
029107_12_d07bbum	381	381	0	0	5	5	1	1	5	0	0	0	0.0
029107_12_d07bbum	382	382	0	0	35	33	3	3	32	1	0	1	0.3
029107_12_d07bbum	383	383	0	0	55	70	1	1	55	0	0	0	0.0
029107_12_d07bbum	384	384	0	0	2	2	1	1	2	0	0	0	0.0
029107_12_d07bbum	387	387	0	0	152	134	13	13	113	23	0	6	6.5
029107_12_d07bbum	388	388	0	0	6	6	1	1	6	0	0	0	0.0
029107_12_d07bbum	389	389	0	0	61	52	3	3	55	0	0	6	0.0
029107_12_d07bbum	390	390	0	0	19	31	1	1	16	0	0	2	0.5
029107_12_d07bbum	391	391	0	0	97	108	4	4	88	0	0	9	0.0
029107_12_d07bbum	392	392	0	0	14	14	1	1	13	0	0	1	0.0
029107_12_d07bbum	393	393	0	0	25	24	1	1	25	0	0	0	0.0
029107_12_d07bbum	394	394	0	0	20	24	1	1	19	0	0	1	0.0
029107_12_d07bbum	395	395	0	0	103	106	4	4	93	5	0	5	0.0
029107_12_d07bbum	396	396	0	0	14	17	1	1	12	0	0	1	0.4
029107_12_d07bbum	397	397	0	0	18	16	1	1	13	0	0	4	0.3
029107_12_d07bbum	398	398	0	0	11	7	1	1	9	0	0	1	0.3
