# doc pdhd/12 -- STM + Michel hand-scan sheet, det=pdhd arm=d53h
# NO verdict, NO stratum, NO chain flag: those are in the KEY.
# tranche INHERITED from HEAD:pdhd/docs/scan/pdhd_stm_michel_scan_sheet.tsv -- NOT drawn here (--pin-tranche).
# That draw was seed=20260907, tranche1=60, S1 cap 24, floor 8, stratified
# on ITS arm's is_stm/michel_found -- deliberately the PRE-doc-15
# meaning of michel_found, so the sample does not move with the
# quantity it measures.  0 key(s) absent from it are tranche 2.
scan_id	tranche	event	cluster	npts	muon_len_cm	n_near	n_far
3	1	028084_0	97	105	62.03	1040	7606
9	1	028084_1	39	290	180.99	562	7655
12	1	028084_1	142	337	201.38	1706	7579
14	1	028084_10	108	326	196.17	1826	7666
17	1	028084_11	59	325	193.69	1640	7473
21	1	028084_12	36	340	202.24	2479	7686
35	1	028084_15	102	284	169.02	1357	7702
39	1	028084_17	29	369	216.44	1833	7749
40	1	028084_17	35	622	372.34	3804	7585
42	1	028084_17	55	606	367.21	4975	7488
43	1	028084_17	97	594	355.33	4364	7539
49	1	028084_18	108	140	88.94	876	7775
53	1	028084_2	19	567	344.74	2506	7752
64	1	028084_20	124	380	229.01	4541	7850
79	1	028084_23	51	582	348.22	3651	7727
82	1	028084_23	114	355	210.99	3046	7770
87	1	028084_24	103	676	405.6	3900	7661
94	1	028084_26	109	83	49.47	636	7449
101	1	028084_27	57	221	139.7	2654	7824
108	1	028084_29	38	70	39.61	613	7698
115	1	028084_3	27	328	198.25	2671	7789
122	1	028084_30	37	717	429.16	4085	7645
124	1	028084_30	111	249	144.01	1109	7916
128	1	028084_4	41	396	236.71	2465	7842
129	1	028084_4	114	494	295.14	5327	7691
142	1	028084_7	56	652	390.72	3338	7961
152	1	029107_0	50	289	172.89	1322	7707
153	1	029107_0	56	26	53.26	100	7794
155	1	029107_0	127	68	40.33	477	7767
163	1	029107_10	50	220	127.14	3171	7677
168	1	029107_11	33	315	192.34	2396	7779
171	1	029107_11	90	468	280.11	4611	7594
176	1	029107_12	108	842	507.52	9490	7622
177	1	029107_12	110	317	191.1	1596	7635
182	1	029107_14	89	176	104.62	2363	7895
187	1	029107_15	142	180	106.44	904	7811
190	1	029107_16	106	625	372.79	5639	7862
191	1	029107_16	108	388	230.98	3152	7981
204	1	029107_19	95	1122	676.59	8267	7943
206	1	029107_19	111	189	122.35	1108	7877
207	1	029107_19	120	266	157.8	2108	7794
213	1	029107_20	22	188	114.38	2665	7504
221	1	029107_21	41	181	107.44	1017	7519
229	1	029107_22	46	93	55.39	1166	7891
232	1	029107_23	55	52	31.21	508	7295
241	1	029107_25	89	865	516.33	7030	7887
245	1	029107_25	123	460	282.78	5724	7960
246	1	029107_26	27	249	148.69	1591	7614
248	1	029107_26	43	163	93.44	1305	7628
251	1	029107_26	87	118	70.52	815	7652
253	1	029107_27	39	104	62.11	1981	7945
263	1	029107_3	23	200	123.92	1897	7682
268	1	029107_3	111	551	329.77	5647	7963
270	1	029107_4	56	124	84.65	441	7887
275	1	029107_4	123	380	222.11	2968	7739
278	1	029107_5	32	326	195.4	8088	7655
285	1	029107_6	97	533	317.8	4272	7502
289	1	029107_7	34	754	452.2	9381	7519
299	1	029107_9	61	1035	633.71	20025	7397
302	1	029107_9	115	392	238.15	3831	7490
1	2	028084_0	35	763	456.56	3960	7996
2	2	028084_0	43	232	142.4	1007	7608
4	2	028084_0	108	169	100.79	969	7611
5	2	028084_0	117	556	332.72	2827	7468
6	2	028084_1	25	89	53.23	905	7632
7	2	028084_1	28	53	30.36	2103	7552
8	2	028084_1	33	753	455.39	665	7648
10	2	028084_1	48	66	37.31	588	7653
11	2	028084_1	53	307	200.52	917	7631
13	2	028084_10	46	271	162.18	1170	7709
15	2	028084_10	109	978	589.5	6949	7847
16	2	028084_11	34	450	263.79	4060	7894
18	2	028084_11	110	257	152.56	1316	7498
19	2	028084_11	116	697	418.0	5565	7769
20	2	028084_11	130	122	71.85	1256	7502
22	2	028084_12	46	308	181.76	2850	7663
23	2	028084_12	76	503	300.67	3236	7638
24	2	028084_12	101	745	449.59	5223	7514
25	2	028084_12	117	157	93.5	995	7779
26	2	028084_12	131	46	54.73	690	7798
27	2	028084_13	109	344	208.72	1847	7217
28	2	028084_13	119	68	39.74	638	7338
29	2	028084_14	20	124	73.57	659	7285
30	2	028084_14	29	261	156.34	179	7338
31	2	028084_14	83	790	488.07	4318	7738
32	2	028084_15	28	93	54.72	2678	7636
33	2	028084_15	31	64	34.7	261	7757
34	2	028084_15	50	423	253.98	956	7722
36	2	028084_16	100	322	191.57	1907	7617
37	2	028084_16	106	739	448.62	5455	7888
38	2	028084_16	110	243	145.7	1561	7639
41	2	028084_17	38	83	126.29	234	7883
44	2	028084_17	110	128	75.95	1535	7774
45	2	028084_17	113	226	133.24	1480	7779
46	2	028084_18	17	182	131.44	906	7774
47	2	028084_18	50	470	278.48	4303	7920
48	2	028084_18	104	590	351.15	3970	7931
50	2	028084_18	122	318	194.92	2704	7973
51	2	028084_19	59	471	282.32	1929	7722
52	2	028084_19	61	91	54.42	512	7823
54	2	028084_2	26	99	59.57	1040	7810
55	2	028084_2	27	118	67.84	1917	7775
56	2	028084_2	49	256	152.82	2759	7741
57	2	028084_2	116	262	157.01	5156	7964
58	2	028084_20	20	408	260.46	1180	7505
59	2	028084_20	26	203	124.88	1920	7448
60	2	028084_20	39	408	241.35	2147	7430
61	2	028084_20	65	103	61.34	2134	7431
62	2	028084_20	107	189	112.39	1182	7505
63	2	028084_20	116	323	193.43	1798	7457
65	2	028084_21	17	102	59.82	1897	7502
66	2	028084_21	26	1052	635.05	16164	7558
67	2	028084_21	55	303	180.2	2410	7467
68	2	028084_21	56	458	274.33	2372	7470
69	2	028084_21	120	571	348.05	3138	7949
70	2	028084_21	128	438	259.93	1645	7518
71	2	028084_21	132	343	206.42	6875	7682
72	2	028084_21	134	473	284.46	2781	7974
73	2	028084_22	44	489	292.59	2463	7689
74	2	028084_22	57	434	259.27	2336	7699
75	2	028084_22	103	80	47.4	545	7848
76	2	028084_23	35	1005	602.07	5758	7576
77	2	028084_23	45	971	604.91	13883	7534
78	2	028084_23	46	119	71.96	450	7955
80	2	028084_23	53	95	55.57	813	7929
81	2	028084_23	113	143	88.14	1282	7896
83	2	028084_23	122	112	65.7	645	7941
84	2	028084_24	47	27	46.59	108	7833
85	2	028084_24	49	446	267.2	3484	7680
86	2	028084_24	52	117	69.67	4052	7654
88	2	028084_24	114	82	47.67	480	7816
89	2	028084_25	28	233	137.52	1263	7789
90	2	028084_25	36	316	186.43	2450	7698
91	2	028084_25	84	303	180.57	1551	7767
92	2	028084_26	32	523	315.22	4179	7804
93	2	028084_26	38	152	94.49	4186	7803
95	2	028084_26	111	519	309.72	2423	7963
96	2	028084_26	115	384	229.89	1320	7392
97	2	028084_26	118	50	39.44	379	7470
98	2	028084_27	26	221	139.85	2980	7783
99	2	028084_27	27	461	272.18	2440	7851
100	2	028084_27	46	111	66.87	2679	7821
102	2	028084_27	93	398	236.84	3533	7714
103	2	028084_27	107	181	109.91	2187	7882
104	2	028084_27	111	39	53.92	1362	7985
105	2	028084_28	106	171	108.09	617	7914
106	2	028084_28	110	547	326.35	3462	7764
107	2	028084_28	131	1004	600.49	5783	7642
109	2	028084_29	44	344	221.15	1568	7603
110	2	028084_29	53	544	327.97	4536	7306
111	2	028084_29	101	100	58.23	702	7689
112	2	028084_29	115	172	101.84	2316	7528
113	2	028084_3	22	284	197.95	347	7926
114	2	028084_3	23	68	39.6	1034	7885
116	2	028084_3	72	424	250.51	2791	7782
117	2	028084_3	86	955	572.57	4178	7701
118	2	028084_3	91	100	59.43	3355	7749
119	2	028084_30	26	249	146.9	3056	7739
120	2	028084_30	33	147	86.23	689	7954
121	2	028084_30	34	274	162.44	2676	7773
123	2	028084_30	100	1019	610.52	4050	7649
125	2	028084_4	18	162	96.05	963	7921
126	2	028084_4	20	765	451.35	4957	7711
127	2	028084_4	29	87	51.68	626	7939
130	2	028084_4	119	433	259.43	2459	7842
131	2	028084_5	115	72	42.77	980	7936
132	2	028084_6	42	411	245.62	5344	7592
133	2	028084_6	50	20	63.96	608	7856
134	2	028084_6	91	115	68.4	180	7879
135	2	028084_6	97	406	243.03	4076	7663
136	2	028084_6	109	827	494.04	3240	7709
137	2	028084_6	115	330	196.26	2600	7745
138	2	028084_6	117	140	83.29	810	7844
139	2	028084_7	34	470	277.28	3442	7954
140	2	028084_7	36	234	139.65	1988	7548
141	2	028084_7	45	515	308.0	7053	7714
143	2	028084_7	61	199	118.71	2258	7531
144	2	028084_8	37	285	166.78	4120	7897
145	2	028084_8	46	160	95.35	1058	7458
146	2	028084_8	110	112	67.35	598	7500
147	2	028084_8	120	553	345.69	3006	7281
148	2	028084_9	24	635	373.22	3427	7970
149	2	028084_9	37	45	157.07	148	7609
150	2	028084_9	50	583	380.55	327	7595
151	2	029107_0	49	47	115.55	108	7794
154	2	029107_0	103	22	14.73	128	7792
156	2	029107_1	32	274	158.26	786	7626
157	2	029107_1	36	636	383.62	4103	7853
158	2	029107_1	42	49	131.11	582	7636
159	2	029107_1	82	304	182.24	1776	7976
160	2	029107_1	85	229	136.28	1572	7986
161	2	029107_10	37	317	189.91	692	7854
162	2	029107_10	44	626	377.28	5042	7543
164	2	029107_10	65	564	338.12	2149	7750
165	2	029107_10	80	64	36.84	801	7846
166	2	029107_11	18	94	55.53	1591	7846
167	2	029107_11	22	133	80.44	3240	7708
169	2	029107_11	48	47	29.55	1229	7876
170	2	029107_11	74	44	26.1	515	7935
172	2	029107_12	21	382	228.98	285	7697
173	2	029107_12	33	133	83.33	782	7674
174	2	029107_12	48	157	93.06	418	7691
175	2	029107_12	95	267	158.46	4087	7892
178	2	029107_12	118	103	61.14	654	7680
179	2	029107_13	52	183	108.42	948	7612
180	2	029107_13	114	183	108.39	708	7631
181	2	029107_14	45	31	19.83	4776	7722
183	2	029107_15	17	335	219.32	638	7822
184	2	029107_15	26	208	125.29	414	7831
185	2	029107_15	40	234	138.46	842	7814
186	2	029107_15	57	87	51.6	1364	7793
188	2	029107_16	46	451	266.18	8349	7733
189	2	029107_16	79	83	49.11	309	7747
192	2	029107_16	118	241	144.14	1811	7679
193	2	029107_17	33	54	54.12	1723	7828
194	2	029107_18	24	79	45.21	422	7858
195	2	029107_18	31	455	270.0	1462	7825
196	2	029107_18	34	189	109.27	2184	7802
197	2	029107_18	44	819	512.11	704	7849
198	2	029107_18	45	888	534.9	4958	7969
199	2	029107_18	54	32	44.8	296	7863
200	2	029107_18	59	277	166.0	2366	7796
201	2	029107_18	79	563	345.6	1011	7839
202	2	029107_19	30	392	233.94	2715	7743
203	2	029107_19	60	753	447.34	4198	7620
205	2	029107_19	106	409	246.87	3985	7638
208	2	029107_19	123	364	220.38	5181	7538
209	2	029107_2	39	70	41.18	221	7766
210	2	029107_2	64	670	399.16	3993	7515
211	2	029107_2	108	649	386.34	4832	7991
212	2	029107_20	17	56	32.06	1511	7581
214	2	029107_20	24	98	58.27	225	7666
215	2	029107_20	48	82	232.09	197	7668
216	2	029107_20	57	185	110.51	3358	7990
217	2	029107_20	108	184	109.64	3014	7480
218	2	029107_20	136	323	192.49	2720	7500
219	2	029107_20	139	532	319.41	5003	7873
220	2	029107_21	32	156	94.53	2086	7949
222	2	029107_21	43	784	471.27	10187	7938
223	2	029107_21	51	122	253.77	233	7568
224	2	029107_21	53	70	41.28	407	7557
225	2	029107_21	64	93	55.39	801	7533
226	2	029107_21	65	491	294.0	7967	7557
227	2	029107_21	109	72	42.72	358	7560
228	2	029107_22	40	317	189.49	3243	7660
230	2	029107_22	123	463	276.32	1782	7822
231	2	029107_23	35	168	100.64	817	7993
233	2	029107_23	108	1326	802.18	7615	7313
234	2	029107_23	115	67	39.41	504	7295
235	2	029107_23	116	191	112.27	1040	7971
236	2	029107_23	128	77	45.44	750	8000
237	2	029107_24	19	139	82.78	794	7749
238	2	029107_24	33	246	146.67	2141	7670
239	2	029107_24	47	30	17.4	875	7744
240	2	029107_25	27	66	61.89	1215	7778
242	2	029107_25	93	61	38.3	207	7831
243	2	029107_25	109	173	103.48	2977	7685
244	2	029107_25	110	265	157.6	1888	7743
247	2	029107_26	35	328	191.49	1764	7605
249	2	029107_26	50	42	111.28	478	7669
250	2	029107_26	57	307	183.59	953	7645
252	2	029107_26	88	146	86.16	2660	7958
254	2	029107_27	64	70	39.96	1119	7439
255	2	029107_27	99	98	58.1	2944	7871
256	2	029107_28	30	29	16.25	597	7840
257	2	029107_28	36	395	236.4	7557	7903
258	2	029107_28	54	93	54.22	261	7863
259	2	029107_28	109	991	595.94	8134	7862
260	2	029107_29	35	929	553.77	3582	7521
261	2	029107_29	68	127	107.26	307	7755
262	2	029107_29	119	115	70.56	1181	7692
264	2	029107_3	31	35	19.61	855	7751
265	2	029107_3	86	277	176.71	3730	7560
266	2	029107_3	99	189	112.2	4067	7537
267	2	029107_3	107	508	304.2	5938	7942
269	2	029107_4	24	248	146.86	3543	7705
271	2	029107_4	58	364	218.1	5502	7590
272	2	029107_4	69	116	68.88	3680	7697
273	2	029107_4	72	100	59.99	1515	7824
274	2	029107_4	118	120	70.87	1479	7826
276	2	029107_5	28	55	32.4	153	7672
277	2	029107_5	31	175	101.32	919	7624
279	2	029107_5	37	663	396.11	4847	7871
280	2	029107_5	39	64	37.8	259	7666
281	2	029107_5	42	118	160.94	638	7642
282	2	029107_5	51	813	498.78	10700	7481
283	2	029107_5	93	25	13.49	1267	7603
284	2	029107_6	53	53	29.65	1156	7761
286	2	029107_6	122	133	78.35	899	7783
287	2	029107_6	124	307	180.49	1847	7704
288	2	029107_7	32	528	332.8	2860	7447
290	2	029107_7	40	158	109.89	1274	7561
291	2	029107_7	45	99	59.31	174	7639
292	2	029107_7	85	334	199.19	3241	7991
293	2	029107_8	39	30	17.17	175	7811
294	2	029107_8	44	623	436.17	1817	7694
295	2	029107_8	104	589	355.1	5162	7455
296	2	029107_8	117	840	502.52	3391	7581
297	2	029107_8	136	1119	677.05	6404	7933
298	2	029107_9	37	161	96.32	649	7702
300	2	029107_9	63	127	77.73	635	7703
301	2	029107_9	109	405	242.17	2481	7580
303	2	029107_9	117	696	416.62	8206	7713
